audit_id,predicted_family,action,rationale,cited_evidence,human_label,human_reason
AE-001,BruteForce,RATE_LIMIT,Reduce the volume of repeated attempts while preserving limited observability.,"[{""chunk_id"": ""RFC8576-0012"", ""source"": ""RFC8576.txt"", ""excerpt"": ""...m goes beyond a specific device or an isolated system, since compromised IoT systems can be misused at scale. For example, they may be used to perform a Distributed Denial of Service (DDoS) attack that limits the availability of other networks and services. The fact that many IoT systems rely on standard IP protocols allows for easier system integration, but this also makes attacks on standard IP protocols widely applicable in other environments. This results in new requirements regarding the implementation of security. The term \""security\"" subsumes a wide range of primitives, protocols, and procedures. For instance, it includes services...""}, {""chunk_id"": ""RFC8576-0021"", ""source"": ""RFC8576.txt"", ""excerpt"": ""This is especially dangerous in the Internet of Things since an attacker might be located in the backend and target resource-constrained devices that are part of a constrained-node network [RFC7228]. A DoS attack can also be launched by physically jamming the communication channel. Network availability can also be disrupted by flooding the network with a large number of packets. On the other hand, things compromised by attackers can be used to disrupt the operation of other networks or systems by means of a Distributed DoS (DDoS) attack. Garcia-Morchon, et al. Informational [Page 11] RFC 8576 IoT Security April 2019 To deal with the above ...""}, {""chunk_id"": ""RFC8576-0044"", ""source"": ""RFC8576.txt"", ""excerpt"": ""protocol cannot be made without tailor-made IoT implementations. 5.1.2. Denial-of-Service Resistance The tight memory and processing constraints of things naturally alleviate resource-exhaustion attacks. Especially in unattended T2T communication, such attacks are difficult to notice before the service becomes unavailable (for example, because of battery or memory exhaustion). As a DoS countermeasure, DTLS, IKEv2, HIP, and Diet HIP implement return routability checks based on a cookie mechanism to delay the establishment of state at the responding host until the address of the initiating host is verified. The effectiveness of these defense...""}]",,
AE-002,Mirai,NOTIFY_OPERATOR,"Escalate promptly because the confidence is high and the gateway scope lacks a validated device identifier, making human validation necessary before stronger containment.","[{""chunk_id"": ""NIST.SP.800-61r3-0055"", ""source"": ""NIST.SP.800-61r3.pdf"", ""excerpt"": ""... and, in turn, find cybersecurity incidents. DE.CM (Continuous Monitoring) Assets are monitored to find anomalies, indicators of compromise, and other potentially adverse events High R1: Continuous monitoring for unauthorized activity, deviations from expected activity, and changes in security posture should involve the following types of assets at all times: networks and network services; computing hardware and software, runtime environments, and their data; the physical environment; personnel activity and technology usage; and external service provider activities. C1: Consider using cyber threat information with continuous monitoring ...""}, {""chunk_id"": ""NIST.SP.800-61r3-0056"", ""source"": ""NIST.SP.800-61r3.pdf"", ""excerpt"": ""...sful and failed access attempts into all controlled areas, the movement of people and equipment into and out of secure areas of facilities, and signs of tampering with physical access controls. DE.CM-03 Personnel activity and technology usage are monitored to find potentially adverse events High R1: Monitoring personnel activity and technology usage should include anomalous user activity or unusual patterns of activity, authentication and logical access attempts, and the use of deception technology. DE.CM-06 External service provider activities and services are monitored to find potentially adverse events High R1: Monitoring external se...""}]",,
AE-003,BruteForce,NOTIFY_OPERATOR,Low operational ambiguity remains because the alert is strong but device identity is unverified; operator review is appropriate.,"[{""chunk_id"": ""ETSI.EN.303.645.V3.1.3-0034"", ""source"": ""ETSI.EN.303.645.V3.1.3.pdf"", ""excerpt"": ""device shall provide to the user or an administrator a simple mechanism to change the authentication value used. EXAMPLE 3: For biometric authentication values the device manufacturer allows this change in authentication value through retraining against a new biometric. EXAMPLE 4: A parent in a household creates an account on the consumer IoT device for their child and selects and manages the PIN or password that the child uses. The parent is an administrator on the consumer IoT device and can restrict the child from changing the PIN or password. EXAMPLE 5: To make it simple for the user to change a password, the manufacturer designs the p...""}, {""chunk_id"": ""ETSI.EN.303.645.V3.1.3-0060"", ""source"": ""ETSI.EN.303.645.V3.1.3.pdf"", ""excerpt"": ""...e technology, risk and usage. Provision 5.5-7 The consumer IoT device shall protect the confidentiality of critical security parameters that are communicated via remotely accessible network interfaces. ETSI ETSI EN 303 645 V3.1.3 (2024-09) 22 Many different methods exist for enrolment and authentication. Some authentication values are provided by out-of-band authentication mechanisms, such as a QR code, and some are human-readable, such as a password. Where an authentication mechanism uses unique values per authentication attempt (e.g. in a challenge-response mechanism or when using one time passwords as a second factor), the response is n""}, {""chunk_id"": ""NIST.IR.8259A-0018"", ""source"": ""NIST.IR.8259A.pdf"", ""excerpt"": ""...ble any local and network interfaces that are not necessary for the core functionality of the device 2. The ability to logically restrict access to each network interface to only authorized entities (e.g., device authentication, user authentication) 3. Configuration settings for use with the Device Configuration capability including, but not limited to, the ability to enable, disable, and adjust thresholds for any ability the device might have to lock or disable an account or to delay additional authentication attempts after too many failed authentication attempts \u2022 This capability supports vulnerability management, access management, d...""}]",,
AE-004,Web,NOTIFY_OPERATOR,Operator review is warranted because the alert is credible but constrained by missing device identity and execution is forbidden.,"[{""chunk_id"": ""NIST.SP.800-61r3-0055"", ""source"": ""NIST.SP.800-61r3.pdf"", ""excerpt"": ""..., find cybersecurity incidents. DE.CM (Continuous Monitoring) Assets are monitored to find anomalies, indicators of compromise, and other potentially adverse events High R1: Continuous monitoring for unauthorized activity, deviations from expected activity, and changes in security posture should involve the following types of assets at all times: networks and network services; computing hardware and software, runtime environments, and their data; the physical environment; personnel activity and technology usage; and external service provider activities. C1: Consider using cyber threat information with continuous monitoring to help ident...""}, {""chunk_id"": ""NIST.SP.800-213A-0053"", ""source"": ""NIST.SP.800-213A.pdf"", ""excerpt"": ""...uirements that may be necessary: 1. Ability to access information about the IoT device's cybersecurity state and other necessary data. 2. Ability to preserve system state information. (EIM) Event Identification & Monitoring Description: Ability to provide event identification and monitoring capabilities and/or support event identification and monitoring tools interfacing with the device. Discussion: Monitoring for cybersecurity and other adverse events is a component of many organizations\u2019 control set to enable proactive assessment of cybersecurity posture. IoT devices may have to support this kind of monitoring, and the nature of the m...""}, {""chunk_id"": ""NIST.IR.8259A-0022"", ""source"": ""NIST.IR.8259A.pdf"", ""excerpt"": ""ITY CORE BASELINE 10 This publication is available free of charge from: https://doi.org/10.6028/NIST.IR.8259A Device Cybersecurity Capability Common Elements Rationale IoT Reference Examples Cybersecurity State Awareness: The IoT device can report on its cybersecurity state and make that information accessible to authorized entities only. 1. The ability to report the device\u2019s cybersecurity state 2. The ability to differentiate between when a device will likely operate as expected from when it may be in a degraded cybersecurity state 3. The ability to restrict access to the state indicator so only authorized entities can view it 4. The abil...""}]",,
AE-005,Benign,MONITOR,Matches the routing decision and supports continuous observation for deviations from expected activity.,"[{""chunk_id"": ""NIST.SP.800-61r3-0055"", ""source"": ""NIST.SP.800-61r3.pdf"", ""excerpt"": ""..., find cybersecurity incidents. DE.CM (Continuous Monitoring) Assets are monitored to find anomalies, indicators of compromise, and other potentially adverse events High R1: Continuous monitoring for unauthorized activity, deviations from expected activity, and changes in security posture should involve the following types of assets at all times: networks and network services; computing hardware and software, runtime environments, and their data; the physical environment; personnel activity and technology usage; and external service provider activities. C1: Consider using cyber threat information with continuous monitoring to help ident...""}, {""chunk_id"": ""NIST.SP.800-213A-0053"", ""source"": ""NIST.SP.800-213A.pdf"", ""excerpt"": ""...uirements that may be necessary: 1. Ability to access information about the IoT device's cybersecurity state and other necessary data. 2. Ability to preserve system state information. (EIM) Event Identification & Monitoring Description: Ability to provide event identification and monitoring capabilities and/or support event identification and monitoring tools interfacing with the device. Discussion: Monitoring for cybersecurity and other adverse events is a component of many organizations\u2019 control set to enable proactive assessment of cybersecurity posture. IoT devices may have to support this kind of monitoring, and the nature of the m...""}, {""chunk_id"": ""NIST.IR.8259A-0022"", ""source"": ""NIST.IR.8259A.pdf"", ""excerpt"": ""ITY CORE BASELINE 10 This publication is available free of charge from: https://doi.org/10.6028/NIST.IR.8259A Device Cybersecurity Capability Common Elements Rationale IoT Reference Examples Cybersecurity State Awareness: The IoT device can report on its cybersecurity state and make that information accessible to authorized entities only. 1. The ability to report the device\u2019s cybersecurity state 2. The ability to differentiate between when a device will likely operate as expected from when it may be in a degraded cybersecurity state 3. The ability to restrict access to the state indicator so only authorized entities can view it 4. The abil...""}]",,
AE-006,DoS,NOTIFY_OPERATOR,Escalate because the detector confidence is high and the gateway cannot identify a specific device from the CSV features.,"[{""chunk_id"": ""RFC8576-0020"", ""source"": ""RFC8576.txt"", ""excerpt"": ""...on of privilege: An attacker with low privileges can misuse additional flaws in the implemented authentication and authorization mechanisms of a thing to gain more privileged access to the thing and its data. 11. Denial of Service (DoS) attack: Often things have very limited memory and computation capabilities. Therefore, they are vulnerable to resource-exhaustion attack. Attackers can continuously send requests to specific things so as to deplete their resources. This is especially dangerous in the Internet of Things since an attacker might be located in the backend and target resource-constrained devices that are part of a constrained-no""}, {""chunk_id"": ""RFC8576-0044"", ""source"": ""RFC8576.txt"", ""excerpt"": ""protocol cannot be made without tailor-made IoT implementations. 5.1.2. Denial-of-Service Resistance The tight memory and processing constraints of things naturally alleviate resource-exhaustion attacks. Especially in unattended T2T communication, such attacks are difficult to notice before the service becomes unavailable (for example, because of battery or memory exhaustion). As a DoS countermeasure, DTLS, IKEv2, HIP, and Diet HIP implement return routability checks based on a cookie mechanism to delay the establishment of state at the responding host until the address of the initiating host is verified. The effectiveness of these defense...""}]",,
AE-007,Recon,INCREASE_LOGGING,Increase telemetry to support incident validation and correlation for anomalous connection attempts.,"[{""chunk_id"": ""NIST.SP.800-61r3-0055"", ""source"": ""NIST.SP.800-61r3.pdf"", ""excerpt"": ""... and, in turn, find cybersecurity incidents. DE.CM (Continuous Monitoring) Assets are monitored to find anomalies, indicators of compromise, and other potentially adverse events High R1: Continuous monitoring for unauthorized activity, deviations from expected activity, and changes in security posture should involve the following types of assets at all times: networks and network services; computing hardware and software, runtime environments, and their data; the physical environment; personnel activity and technology usage; and external service provider activities. C1: Consider using cyber threat information with continuous monitoring ...""}, {""chunk_id"": ""NIST.SP.800-61r3-0056"", ""source"": ""NIST.SP.800-61r3.pdf"", ""excerpt"": ""...sful and failed access attempts into all controlled areas, the movement of people and equipment into and out of secure areas of facilities, and signs of tampering with physical access controls. DE.CM-03 Personnel activity and technology usage are monitored to find potentially adverse events High R1: Monitoring personnel activity and technology usage should include anomalous user activity or unusual patterns of activity, authentication and logical access attempts, and the use of deception technology. DE.CM-06 External service provider activities and services are monitored to find potentially adverse events High R1: Monitoring external se...""}, {""chunk_id"": ""NIST.SP.800-213-0058"", ""source"": ""NIST.SP.800-213.pdf"", ""excerpt"": ""...rest of a system might. For example, IoT devices with a short lifespan, limited functionality, or limited accessibility may not be subject to some threat sources (e.g., attackers aiming to do medium- to long-term reconnaissance) or some events (e.g., those that require extended, consistent network access). IoT devices will often have many of the same threat sources and events as the existing information system. There may be a set of unique IoT device threat sources and events as well as some information system threat sources and events that do not apply to the IoT device. In this sense, there are two classes when comparing threat source...""}]",,
AE-008,Mirai,INCREASE_LOGGING,Collect more evidence because the alert is low confidence and device identity is unvalidated.,"[{""chunk_id"": ""NIST.IR.8259A-0018"", ""source"": ""NIST.IR.8259A.pdf"", ""excerpt"": ""...ogical Access to Interfaces: The IoT device can restrict logical access to its local and network interfaces, and the protocols and services used by those interfaces, to authorized entities only. 1. The ability to logically or physically disable any local and network interfaces that are not necessary for the core functionality of the device 2. The ability to logically restrict access to each network interface to only authorized entities (e.g., device authentication, user authentication) 3. Configuration settings for use with the Device Configuration capability including, but not limited to, the ability to enable, disable, and adjust thre...""}, {""chunk_id"": ""NIST.SP.800-213A-0048"", ""source"": ""NIST.SP.800-213A.pdf"", ""excerpt"": ""NIST.SP.800-213A 3. Ability to logically or physically disable any local and network interfaces that are not necessary for the core functionality of the device. 4. Ability to restrict updating actions to authorized entities. 5. Ability to restrict access to the cybersecurity state indicator to authorized entities. 6. Ability to restrict use of IoT device services. 7. Ability to enforce the established local and remote access requirements. 8. Ability to prevent external access to the IoT device management interface. 9. Ability to control the IoT device\u2019s logical interface (e.g., locally or remotely). 10. Ability to change IoT device logical...""}, {""chunk_id"": ""NIST.SP.800-213A-0129"", ""source"": ""NIST.SP.800-213A.pdf"", ""excerpt"": ""customers for how to implement malicious code protection in the IoT device and associated systems, as well as within related systems entry and exit points, and how to detect and eradicate malicious code. b. Providing education to IoT device customers for how to update the IoT device and related systems malicious code protection mechanisms when new releases are available, in accordance with organizational configuration management policy and procedures. c. Providing training and awareness information to IoT device customers that describe newly identified vulnerabilities and threats (such as zero-day malware) for the associated IoT device. d....""}]",,
AE-009,Spoofing,CAPTURE_TRAFFIC,Preserve packet evidence to confirm spoofing indicators and support follow-up analysis.,"[{""chunk_id"": ""ETSI.EN.303.645.V3.1.3-0078"", ""source"": ""ETSI.EN.303.645.V3.1.3.pdf"", ""excerpt"": ""...13 Validate input data Provision 5.13-1 Void. Provision 5.13-1A Data input at application layer to the device via user interfaces shall be validated by the device regarding unexpected data input to prevent system manipulations and failures. EXAMPLE 1: Manipulation of the integrated database via SQL injection over a user interface is mitigated via discarding invalid data input. Systems can be subverted by incorrectly formatted data or code transferred across different types of interface. Automated tools such as fuzzers can be used by attackers or testers to exploit potential gaps and weaknesses that emerge as a result of not validating d...""}, {""chunk_id"": ""ETSI.EN.303.645.V3.1.3-0079"", ""source"": ""ETSI.EN.303.645.V3.1.3.pdf"", ""excerpt"": ""xploit potential gaps and weaknesses that emerge as a result of not validating data. EXAMPLE 2: The consumer IoT device receives data that is not of the expected type, for example executable code rather than user inputted text. The software on the consumer IoT device has been written so that the input is parameterized or \""escaped\"", preventing this code from being run. Provision 5.13-1B Data input at application layer to the device via network interfaces shall be validated by the device regarding unexpected data input to prevent system manipulations and failures. NOTE: This includes network accessible APIs without prior authentication and n...""}]",,
AE-010,Spoofing,INCREASE_LOGGING,Collect evidence to confirm whether the flow is spoofed or otherwise unauthorized.,"[{""chunk_id"": ""NIST.SP.800-213A-0037"", ""source"": ""NIST.SP.800-213A.pdf"", ""excerpt"": ""...ort authentication methods. Discussion: To control logical access to interfaces, the IoT device may need to support adequate authentication methods. Some IoT devices or organizations may need support for Personal Identity Verification (PIV). More information about PIV can be found in FIPS 201-2 [ FIPS-201]. Related SP 800-53 Rev. 5 Controls: AC-17(10), IA-2, IA-2(1), IA-2(2), IA-6 Requirements that may be necessary: 1. Ability for the IoT device to require authentication prior to connecting to the device, including using remote access. 2. Ability for the IoT device to support and require appropriate authentication. 3. Ability for the Io...""}, {""chunk_id"": ""NIST.IR.8259A-0018"", ""source"": ""NIST.IR.8259A.pdf"", ""excerpt"": ""...ble any local and network interfaces that are not necessary for the core functionality of the device 2. The ability to logically restrict access to each network interface to only authorized entities (e.g., device authentication, user authentication) 3. Configuration settings for use with the Device Configuration capability including, but not limited to, the ability to enable, disable, and adjust thresholds for any ability the device might have to lock or disable an account or to delay additional authentication attempts after too many failed authentication attempts \u2022 This capability supports vulnerability management, access management, d...""}]",,
AE-011,Web,CAPTURE_TRAFFIC,Preserve packets for offline review of application-layer content and potential malformed or unexpected inputs.,"[{""chunk_id"": ""ETSI.EN.303.645.V3.1.3-0078"", ""source"": ""ETSI.EN.303.645.V3.1.3.pdf"", ""excerpt"": ""...13 Validate input data Provision 5.13-1 Void. Provision 5.13-1A Data input at application layer to the device via user interfaces shall be validated by the device regarding unexpected data input to prevent system manipulations and failures. EXAMPLE 1: Manipulation of the integrated database via SQL injection over a user interface is mitigated via discarding invalid data input. Systems can be subverted by incorrectly formatted data or code transferred across different types of interface. Automated tools such as fuzzers can be used by attackers or testers to exploit potential gaps and weaknesses that emerge as a result of not validating d...""}, {""chunk_id"": ""ETSI.EN.303.645.V3.1.3-0079"", ""source"": ""ETSI.EN.303.645.V3.1.3.pdf"", ""excerpt"": ""xploit potential gaps and weaknesses that emerge as a result of not validating data. EXAMPLE 2: The consumer IoT device receives data that is not of the expected type, for example executable code rather than user inputted text. The software on the consumer IoT device has been written so that the input is parameterized or \""escaped\"", preventing this code from being run. Provision 5.13-1B Data input at application layer to the device via network interfaces shall be validated by the device regarding unexpected data input to prevent system manipulations and failures. NOTE: This includes network accessible APIs without prior authentication and n...""}, {""chunk_id"": ""RFC8576-0030"", ""source"": ""RFC8576.txt"", ""excerpt"": ""April 2019 4. OneM2M [OneM2M]: The standards body defines technical and API specifications for IoT devices. It aims to create a service layer that can run on any IoT device hardware and software. 5. Open Connectivity Foundation (OCF) [OCF]: The foundation develops standards and certifications primarily for IoT devices that use Constrained Application Protocol (CoAP) as the application-layer protocol. 6. Fairhair Alliance [Fairhair]: Specifies an IoT middleware to enable a common IP network infrastructure between different application standards used in building automation and lighting systems such as BACnet, KNX, and ZigBee. 7. OMA LwM2M [L...""}]",,
AE-012,Spoofing,INCREASE_LOGGING,Capture richer telemetry around the suspected spoofing-like flow for attribution and validation.,"[{""chunk_id"": ""ETSI.EN.303.645.V3.1.3-0078"", ""source"": ""ETSI.EN.303.645.V3.1.3.pdf"", ""excerpt"": ""...13 Validate input data Provision 5.13-1 Void. Provision 5.13-1A Data input at application layer to the device via user interfaces shall be validated by the device regarding unexpected data input to prevent system manipulations and failures. EXAMPLE 1: Manipulation of the integrated database via SQL injection over a user interface is mitigated via discarding invalid data input. Systems can be subverted by incorrectly formatted data or code transferred across different types of interface. Automated tools such as fuzzers can be used by attackers or testers to exploit potential gaps and weaknesses that emerge as a result of not validating d...""}, {""chunk_id"": ""ETSI.EN.303.645.V3.1.3-0079"", ""source"": ""ETSI.EN.303.645.V3.1.3.pdf"", ""excerpt"": ""xploit potential gaps and weaknesses that emerge as a result of not validating data. EXAMPLE 2: The consumer IoT device receives data that is not of the expected type, for example executable code rather than user inputted text. The software on the consumer IoT device has been written so that the input is parameterized or \""escaped\"", preventing this code from being run. Provision 5.13-1B Data input at application layer to the device via network interfaces shall be validated by the device regarding unexpected data input to prevent system manipulations and failures. NOTE: This includes network accessible APIs without prior authentication and n...""}]",,
AE-013,Web,NOTIFY_OPERATOR,Human review is appropriate because the alert lacks a validated device identifier and the response is mitigation intent only.,"[{""chunk_id"": ""NIST.SP.800-61r3-0055"", ""source"": ""NIST.SP.800-61r3.pdf"", ""excerpt"": ""..., find cybersecurity incidents. DE.CM (Continuous Monitoring) Assets are monitored to find anomalies, indicators of compromise, and other potentially adverse events High R1: Continuous monitoring for unauthorized activity, deviations from expected activity, and changes in security posture should involve the following types of assets at all times: networks and network services; computing hardware and software, runtime environments, and their data; the physical environment; personnel activity and technology usage; and external service provider activities. C1: Consider using cyber threat information with continuous monitoring to help ident...""}, {""chunk_id"": ""NIST.SP.800-213A-0053"", ""source"": ""NIST.SP.800-213A.pdf"", ""excerpt"": ""...uirements that may be necessary: 1. Ability to access information about the IoT device's cybersecurity state and other necessary data. 2. Ability to preserve system state information. (EIM) Event Identification & Monitoring Description: Ability to provide event identification and monitoring capabilities and/or support event identification and monitoring tools interfacing with the device. Discussion: Monitoring for cybersecurity and other adverse events is a component of many organizations\u2019 control set to enable proactive assessment of cybersecurity posture. IoT devices may have to support this kind of monitoring, and the nature of the m...""}, {""chunk_id"": ""NIST.IR.8259A-0022"", ""source"": ""NIST.IR.8259A.pdf"", ""excerpt"": ""ITY CORE BASELINE 10 This publication is available free of charge from: https://doi.org/10.6028/NIST.IR.8259A Device Cybersecurity Capability Common Elements Rationale IoT Reference Examples Cybersecurity State Awareness: The IoT device can report on its cybersecurity state and make that information accessible to authorized entities only. 1. The ability to report the device\u2019s cybersecurity state 2. The ability to differentiate between when a device will likely operate as expected from when it may be in a degraded cybersecurity state 3. The ability to restrict access to the state indicator so only authorized entities can view it 4. The abil...""}]",,
AE-014,Web,INCREASE_LOGGING,Improves forensic visibility for a high-confidence but device-ambiguous web-flow alert.,"[{""chunk_id"": ""NIST.SP.800-61r3-0055"", ""source"": ""NIST.SP.800-61r3.pdf"", ""excerpt"": ""..., find cybersecurity incidents. DE.CM (Continuous Monitoring) Assets are monitored to find anomalies, indicators of compromise, and other potentially adverse events High R1: Continuous monitoring for unauthorized activity, deviations from expected activity, and changes in security posture should involve the following types of assets at all times: networks and network services; computing hardware and software, runtime environments, and their data; the physical environment; personnel activity and technology usage; and external service provider activities. C1: Consider using cyber threat information with continuous monitoring to help ident...""}, {""chunk_id"": ""NIST.SP.800-213A-0053"", ""source"": ""NIST.SP.800-213A.pdf"", ""excerpt"": ""...uirements that may be necessary: 1. Ability to access information about the IoT device's cybersecurity state and other necessary data. 2. Ability to preserve system state information. (EIM) Event Identification & Monitoring Description: Ability to provide event identification and monitoring capabilities and/or support event identification and monitoring tools interfacing with the device. Discussion: Monitoring for cybersecurity and other adverse events is a component of many organizations\u2019 control set to enable proactive assessment of cybersecurity posture. IoT devices may have to support this kind of monitoring, and the nature of the m...""}, {""chunk_id"": ""NIST.IR.8259A-0022"", ""source"": ""NIST.IR.8259A.pdf"", ""excerpt"": ""ITY CORE BASELINE 10 This publication is available free of charge from: https://doi.org/10.6028/NIST.IR.8259A Device Cybersecurity Capability Common Elements Rationale IoT Reference Examples Cybersecurity State Awareness: The IoT device can report on its cybersecurity state and make that information accessible to authorized entities only. 1. The ability to report the device\u2019s cybersecurity state 2. The ability to differentiate between when a device will likely operate as expected from when it may be in a degraded cybersecurity state 3. The ability to restrict access to the state indicator so only authorized entities can view it 4. The abil...""}]",,
AE-015,Web,INCREASE_LOGGING,"Increase observability to validate whether the HTTP flow is expected or indicative of abuse, since device identity is unavailable and the alert is above threshold but not definitive.","[{""chunk_id"": ""NIST.SP.800-61r3-0055"", ""source"": ""NIST.SP.800-61r3.pdf"", ""excerpt"": ""..., find cybersecurity incidents. DE.CM (Continuous Monitoring) Assets are monitored to find anomalies, indicators of compromise, and other potentially adverse events High R1: Continuous monitoring for unauthorized activity, deviations from expected activity, and changes in security posture should involve the following types of assets at all times: networks and network services; computing hardware and software, runtime environments, and their data; the physical environment; personnel activity and technology usage; and external service provider activities. C1: Consider using cyber threat information with continuous monitoring to help ident...""}, {""chunk_id"": ""NIST.SP.800-213A-0053"", ""source"": ""NIST.SP.800-213A.pdf"", ""excerpt"": ""...uirements that may be necessary: 1. Ability to access information about the IoT device's cybersecurity state and other necessary data. 2. Ability to preserve system state information. (EIM) Event Identification & Monitoring Description: Ability to provide event identification and monitoring capabilities and/or support event identification and monitoring tools interfacing with the device. Discussion: Monitoring for cybersecurity and other adverse events is a component of many organizations\u2019 control set to enable proactive assessment of cybersecurity posture. IoT devices may have to support this kind of monitoring, and the nature of the m...""}, {""chunk_id"": ""NIST.IR.8259A-0022"", ""source"": ""NIST.IR.8259A.pdf"", ""excerpt"": ""ITY CORE BASELINE 10 This publication is available free of charge from: https://doi.org/10.6028/NIST.IR.8259A Device Cybersecurity Capability Common Elements Rationale IoT Reference Examples Cybersecurity State Awareness: The IoT device can report on its cybersecurity state and make that information accessible to authorized entities only. 1. The ability to report the device\u2019s cybersecurity state 2. The ability to differentiate between when a device will likely operate as expected from when it may be in a degraded cybersecurity state 3. The ability to restrict access to the state indicator so only authorized entities can view it 4. The abil...""}]",,
AE-016,Benign,NOTIFY_OPERATOR,Provide visibility for review because mitigation intent is non-executing and the scope is limited to an observed flow profile.,"[{""chunk_id"": ""ETSI.EN.303.645.V3.1.3-0034"", ""source"": ""ETSI.EN.303.645.V3.1.3.pdf"", ""excerpt"": ""device shall provide to the user or an administrator a simple mechanism to change the authentication value used. EXAMPLE 3: For biometric authentication values the device manufacturer allows this change in authentication value through retraining against a new biometric. EXAMPLE 4: A parent in a household creates an account on the consumer IoT device for their child and selects and manages the PIN or password that the child uses. The parent is an administrator on the consumer IoT device and can restrict the child from changing the PIN or password. EXAMPLE 5: To make it simple for the user to change a password, the manufacturer designs the p...""}, {""chunk_id"": ""NIST.IR.8259A-0018"", ""source"": ""NIST.IR.8259A.pdf"", ""excerpt"": ""...ble any local and network interfaces that are not necessary for the core functionality of the device 2. The ability to logically restrict access to each network interface to only authorized entities (e.g., device authentication, user authentication) 3. Configuration settings for use with the Device Configuration capability including, but not limited to, the ability to enable, disable, and adjust thresholds for any ability the device might have to lock or disable an account or to delay additional authentication attempts after too many failed authentication attempts \u2022 This capability supports vulnerability management, access management, d...""}]",,
AE-017,Mirai,RESTRICT_EGRESS,Contain likely bot-like outbound activity while preserving essential management access.,"[{""chunk_id"": ""NIST.IR.8259A-0018"", ""source"": ""NIST.IR.8259A.pdf"", ""excerpt"": ""...ogical Access to Interfaces: The IoT device can restrict logical access to its local and network interfaces, and the protocols and services used by those interfaces, to authorized entities only. 1. The ability to logically or physically disable any local and network interfaces that are not necessary for the core functionality of the device 2. The ability to logically restrict access to each network interface to only authorized entities (e.g., device authentication, user authentication) 3. Configuration settings for use with the Device Configuration capability including, but not limited to, the ability to enable, disable, and adjust thre...""}, {""chunk_id"": ""NIST.SP.800-213A-0048"", ""source"": ""NIST.SP.800-213A.pdf"", ""excerpt"": ""NIST.SP.800-213A 3. Ability to logically or physically disable any local and network interfaces that are not necessary for the core functionality of the device. 4. Ability to restrict updating actions to authorized entities. 5. Ability to restrict access to the cybersecurity state indicator to authorized entities. 6. Ability to restrict use of IoT device services. 7. Ability to enforce the established local and remote access requirements. 8. Ability to prevent external access to the IoT device management interface. 9. Ability to control the IoT device\u2019s logical interface (e.g., locally or remotely). 10. Ability to change IoT device logical...""}, {""chunk_id"": ""NIST.SP.800-213A-0129"", ""source"": ""NIST.SP.800-213A.pdf"", ""excerpt"": ""customers for how to implement malicious code protection in the IoT device and associated systems, as well as within related systems entry and exit points, and how to detect and eradicate malicious code. b. Providing education to IoT device customers for how to update the IoT device and related systems malicious code protection mechanisms when new releases are available, in accordance with organizational configuration management policy and procedures. c. Providing training and awareness information to IoT device customers that describe newly identified vulnerabilities and threats (such as zero-day malware) for the associated IoT device. d....""}]",,
AE-018,Recon,INCREASE_LOGGING,Collect more evidence because the alert confidence is low and the device identity is not validated.,"[{""chunk_id"": ""RFC8520-0022"", ""source"": ""RFC8520.txt"", ""excerpt"": ""...ne side of an access list is implicit, based on whether it is applied as to-device-policy or from-device-policy. With the exceptions of the \""name\"" of the ACL, \""type\"", \""name\"" of the Access Control Entry (ACE), and TCP and UDP source and destination port information, publishers of MUD files SHOULD limit the use of ACL model leaf nodes expressed to those found in this specification. Absent any extensions, MUD files are assumed to implement only the following ACL model features: o match-on-ipv4, match-on-ipv6, match-on-tcp, match-on-udp, match-on-icmp Furthermore, only \""accept\"" or \""drop\"" actions SHOULD be included. A MUD manager MAY choose ...""}, {""chunk_id"": ""NIST.SP.800-213A-0037"", ""source"": ""NIST.SP.800-213A.pdf"", ""excerpt"": ""...ort authentication methods. Discussion: To control logical access to interfaces, the IoT device may need to support adequate authentication methods. Some IoT devices or organizations may need support for Personal Identity Verification (PIV). More information about PIV can be found in FIPS 201-2 [ FIPS-201]. Related SP 800-53 Rev. 5 Controls: AC-17(10), IA-2, IA-2(1), IA-2(2), IA-6 Requirements that may be necessary: 1. Ability for the IoT device to require authentication prior to connecting to the device, including using remote access. 2. Ability for the IoT device to support and require appropriate authentication. 3. Ability for the Io...""}, {""chunk_id"": ""NIST.IR.8259A-0018"", ""source"": ""NIST.IR.8259A.pdf"", ""excerpt"": ""...ble any local and network interfaces that are not necessary for the core functionality of the device 2. The ability to logically restrict access to each network interface to only authorized entities (e.g., device authentication, user authentication) 3. Configuration settings for use with the Device Configuration capability including, but not limited to, the ability to enable, disable, and adjust thresholds for any ability the device might have to lock or disable an account or to delay additional authentication attempts after too many failed authentication attempts \u2022 This capability supports vulnerability management, access management, d...""}]",,
AE-019,Mirai,CAPTURE_TRAFFIC,Collect evidence to confirm whether the traffic is consistent with Mirai-style scanning or command activity.,"[{""chunk_id"": ""NIST.IR.8259A-0018"", ""source"": ""NIST.IR.8259A.pdf"", ""excerpt"": ""...ogical Access to Interfaces: The IoT device can restrict logical access to its local and network interfaces, and the protocols and services used by those interfaces, to authorized entities only. 1. The ability to logically or physically disable any local and network interfaces that are not necessary for the core functionality of the device 2. The ability to logically restrict access to each network interface to only authorized entities (e.g., device authentication, user authentication) 3. Configuration settings for use with the Device Configuration capability including, but not limited to, the ability to enable, disable, and adjust thre...""}, {""chunk_id"": ""NIST.SP.800-213A-0048"", ""source"": ""NIST.SP.800-213A.pdf"", ""excerpt"": ""NIST.SP.800-213A 3. Ability to logically or physically disable any local and network interfaces that are not necessary for the core functionality of the device. 4. Ability to restrict updating actions to authorized entities. 5. Ability to restrict access to the cybersecurity state indicator to authorized entities. 6. Ability to restrict use of IoT device services. 7. Ability to enforce the established local and remote access requirements. 8. Ability to prevent external access to the IoT device management interface. 9. Ability to control the IoT device\u2019s logical interface (e.g., locally or remotely). 10. Ability to change IoT device logical...""}, {""chunk_id"": ""NIST.SP.800-213A-0129"", ""source"": ""NIST.SP.800-213A.pdf"", ""excerpt"": ""customers for how to implement malicious code protection in the IoT device and associated systems, as well as within related systems entry and exit points, and how to detect and eradicate malicious code. b. Providing education to IoT device customers for how to update the IoT device and related systems malicious code protection mechanisms when new releases are available, in accordance with organizational configuration management policy and procedures. c. Providing training and awareness information to IoT device customers that describe newly identified vulnerabilities and threats (such as zero-day malware) for the associated IoT device. d....""}]",,
AE-020,Web,CAPTURE_TRAFFIC,Collect packet evidence to determine whether the flow reflects benign web use or malformed/abusive input patterns.,"[{""chunk_id"": ""ETSI.EN.303.645.V3.1.3-0078"", ""source"": ""ETSI.EN.303.645.V3.1.3.pdf"", ""excerpt"": ""...13 Validate input data Provision 5.13-1 Void. Provision 5.13-1A Data input at application layer to the device via user interfaces shall be validated by the device regarding unexpected data input to prevent system manipulations and failures. EXAMPLE 1: Manipulation of the integrated database via SQL injection over a user interface is mitigated via discarding invalid data input. Systems can be subverted by incorrectly formatted data or code transferred across different types of interface. Automated tools such as fuzzers can be used by attackers or testers to exploit potential gaps and weaknesses that emerge as a result of not validating d...""}, {""chunk_id"": ""ETSI.EN.303.645.V3.1.3-0079"", ""source"": ""ETSI.EN.303.645.V3.1.3.pdf"", ""excerpt"": ""xploit potential gaps and weaknesses that emerge as a result of not validating data. EXAMPLE 2: The consumer IoT device receives data that is not of the expected type, for example executable code rather than user inputted text. The software on the consumer IoT device has been written so that the input is parameterized or \""escaped\"", preventing this code from being run. Provision 5.13-1B Data input at application layer to the device via network interfaces shall be validated by the device regarding unexpected data input to prevent system manipulations and failures. NOTE: This includes network accessible APIs without prior authentication and n...""}]",,
AE-021,DoS,NOTIFY_OPERATOR,Routing decision is escalate and confidence is very low; human review is appropriate before containment.,"[{""chunk_id"": ""RFC8576-0044"", ""source"": ""RFC8576.txt"", ""excerpt"": ""protocol cannot be made without tailor-made IoT implementations. 5.1.2. Denial-of-Service Resistance The tight memory and processing constraints of things naturally alleviate resource-exhaustion attacks. Especially in unattended T2T communication, such attacks are difficult to notice before the service becomes unavailable (for example, because of battery or memory exhaustion). As a DoS countermeasure, DTLS, IKEv2, HIP, and Diet HIP implement return routability checks based on a cookie mechanism to delay the establishment of state at the responding host until the address of the initiating host is verified. The effectiveness of these defense...""}, {""chunk_id"": ""ETSI.EN.303.645.V3.1.3-0035"", ""source"": ""ETSI.EN.303.645.V3.1.3.pdf"", ""excerpt"": ""...credential stuffing\"" or exhaust an entire key-space. It is important that these types of attacks are detected by the consumer IoT device and defended against, whilst guarding against a related threat of \""resource exhaustion\"" and denial of service attacks. 5.2 Implement a means to manage reports of vulnerabilities Manufacturers that provide IoT products have a duty of care to consumers and third parties who can be harmed by their failure to have a CVD programme in place. Additionally, companies that share this information through industry bodies can assist others who can be suffering from the same problem. Disclosures can comprise differ...""}, {""chunk_id"": ""RFC8576-0020"", ""source"": ""RFC8576.txt"", ""excerpt"": ""...on of privilege: An attacker with low privileges can misuse additional flaws in the implemented authentication and authorization mechanisms of a thing to gain more privileged access to the thing and its data. 11. Denial of Service (DoS) attack: Often things have very limited memory and computation capabilities. Therefore, they are vulnerable to resource-exhaustion attack. Attackers can continuously send requests to specific things so as to deplete their resources. This is especially dangerous in the Internet of Things since an attacker might be located in the backend and target resource-constrained devices that are part of a constrained-no""}]",,
AE-022,DoS,INCREASE_LOGGING,Improve visibility for correlation and to distinguish DoS from normal traffic variation.,"[{""chunk_id"": ""NIST.IR.8259A-0018"", ""source"": ""NIST.IR.8259A.pdf"", ""excerpt"": ""...ogical Access to Interfaces: The IoT device can restrict logical access to its local and network interfaces, and the protocols and services used by those interfaces, to authorized entities only. 1. The ability to logically or physically disable any local and network interfaces that are not necessary for the core functionality of the device 2. The ability to logically restrict access to each network interface to only authorized entities (e.g., device authentication, user authentication) 3. Configuration settings for use with the Device Configuration capability including, but not limited to, the ability to enable, disable, and adjust thre...""}, {""chunk_id"": ""NIST.SP.800-213A-0048"", ""source"": ""NIST.SP.800-213A.pdf"", ""excerpt"": ""NIST.SP.800-213A 3. Ability to logically or physically disable any local and network interfaces that are not necessary for the core functionality of the device. 4. Ability to restrict updating actions to authorized entities. 5. Ability to restrict access to the cybersecurity state indicator to authorized entities. 6. Ability to restrict use of IoT device services. 7. Ability to enforce the established local and remote access requirements. 8. Ability to prevent external access to the IoT device management interface. 9. Ability to control the IoT device\u2019s logical interface (e.g., locally or remotely). 10. Ability to change IoT device logical...""}, {""chunk_id"": ""NIST.SP.800-213A-0129"", ""source"": ""NIST.SP.800-213A.pdf"", ""excerpt"": ""customers for how to implement malicious code protection in the IoT device and associated systems, as well as within related systems entry and exit points, and how to detect and eradicate malicious code. b. Providing education to IoT device customers for how to update the IoT device and related systems malicious code protection mechanisms when new releases are available, in accordance with organizational configuration management policy and procedures. c. Providing training and awareness information to IoT device customers that describe newly identified vulnerabilities and threats (such as zero-day malware) for the associated IoT device. d....""}]",,
AE-023,Spoofing,INCREASE_LOGGING,Improve visibility into source/destination patterns and any authentication or session anomalies.,"[{""chunk_id"": ""ETSI.EN.303.645.V3.1.3-0078"", ""source"": ""ETSI.EN.303.645.V3.1.3.pdf"", ""excerpt"": ""...13 Validate input data Provision 5.13-1 Void. Provision 5.13-1A Data input at application layer to the device via user interfaces shall be validated by the device regarding unexpected data input to prevent system manipulations and failures. EXAMPLE 1: Manipulation of the integrated database via SQL injection over a user interface is mitigated via discarding invalid data input. Systems can be subverted by incorrectly formatted data or code transferred across different types of interface. Automated tools such as fuzzers can be used by attackers or testers to exploit potential gaps and weaknesses that emerge as a result of not validating d...""}, {""chunk_id"": ""ETSI.EN.303.645.V3.1.3-0079"", ""source"": ""ETSI.EN.303.645.V3.1.3.pdf"", ""excerpt"": ""xploit potential gaps and weaknesses that emerge as a result of not validating data. EXAMPLE 2: The consumer IoT device receives data that is not of the expected type, for example executable code rather than user inputted text. The software on the consumer IoT device has been written so that the input is parameterized or \""escaped\"", preventing this code from being run. Provision 5.13-1B Data input at application layer to the device via network interfaces shall be validated by the device regarding unexpected data input to prevent system manipulations and failures. NOTE: This includes network accessible APIs without prior authentication and n...""}]",,
AE-024,Mirai,CAPTURE_TRAFFIC,Preserve traffic samples to confirm whether the behavior matches a botnet-like pattern or benign bursty traffic.,"[{""chunk_id"": ""NIST.IR.8259A-0018"", ""source"": ""NIST.IR.8259A.pdf"", ""excerpt"": ""...ogical Access to Interfaces: The IoT device can restrict logical access to its local and network interfaces, and the protocols and services used by those interfaces, to authorized entities only. 1. The ability to logically or physically disable any local and network interfaces that are not necessary for the core functionality of the device 2. The ability to logically restrict access to each network interface to only authorized entities (e.g., device authentication, user authentication) 3. Configuration settings for use with the Device Configuration capability including, but not limited to, the ability to enable, disable, and adjust thre...""}, {""chunk_id"": ""NIST.SP.800-213A-0048"", ""source"": ""NIST.SP.800-213A.pdf"", ""excerpt"": ""NIST.SP.800-213A 3. Ability to logically or physically disable any local and network interfaces that are not necessary for the core functionality of the device. 4. Ability to restrict updating actions to authorized entities. 5. Ability to restrict access to the cybersecurity state indicator to authorized entities. 6. Ability to restrict use of IoT device services. 7. Ability to enforce the established local and remote access requirements. 8. Ability to prevent external access to the IoT device management interface. 9. Ability to control the IoT device\u2019s logical interface (e.g., locally or remotely). 10. Ability to change IoT device logical...""}, {""chunk_id"": ""NIST.SP.800-213A-0129"", ""source"": ""NIST.SP.800-213A.pdf"", ""excerpt"": ""customers for how to implement malicious code protection in the IoT device and associated systems, as well as within related systems entry and exit points, and how to detect and eradicate malicious code. b. Providing education to IoT device customers for how to update the IoT device and related systems malicious code protection mechanisms when new releases are available, in accordance with organizational configuration management policy and procedures. c. Providing training and awareness information to IoT device customers that describe newly identified vulnerabilities and threats (such as zero-day malware) for the associated IoT device. d....""}]",,
AE-025,DDoS,RATE_LIMIT,Reduce observed burst rate to limit resource exhaustion while preserving visibility.,"[{""chunk_id"": ""RFC8576-0044"", ""source"": ""RFC8576.txt"", ""excerpt"": ""protocol cannot be made without tailor-made IoT implementations. 5.1.2. Denial-of-Service Resistance The tight memory and processing constraints of things naturally alleviate resource-exhaustion attacks. Especially in unattended T2T communication, such attacks are difficult to notice before the service becomes unavailable (for example, because of battery or memory exhaustion). As a DoS countermeasure, DTLS, IKEv2, HIP, and Diet HIP implement return routability checks based on a cookie mechanism to delay the establishment of state at the responding host until the address of the initiating host is verified. The effectiveness of these defense...""}, {""chunk_id"": ""ETSI.EN.303.645.V3.1.3-0035"", ""source"": ""ETSI.EN.303.645.V3.1.3.pdf"", ""excerpt"": ""...credential stuffing\"" or exhaust an entire key-space. It is important that these types of attacks are detected by the consumer IoT device and defended against, whilst guarding against a related threat of \""resource exhaustion\"" and denial of service attacks. 5.2 Implement a means to manage reports of vulnerabilities Manufacturers that provide IoT products have a duty of care to consumers and third parties who can be harmed by their failure to have a CVD programme in place. Additionally, companies that share this information through industry bodies can assist others who can be suffering from the same problem. Disclosures can comprise differ...""}, {""chunk_id"": ""RFC8576-0020"", ""source"": ""RFC8576.txt"", ""excerpt"": ""...on of privilege: An attacker with low privileges can misuse additional flaws in the implemented authentication and authorization mechanisms of a thing to gain more privileged access to the thing and its data. 11. Denial of Service (DoS) attack: Often things have very limited memory and computation capabilities. Therefore, they are vulnerable to resource-exhaustion attack. Attackers can continuously send requests to specific things so as to deplete their resources. This is especially dangerous in the Internet of Things since an attacker might be located in the backend and target resource-constrained devices that are part of a constrained-no""}]",,
AE-026,Mirai,INCREASE_LOGGING,Expand telemetry for the suspicious flow profile to support attribution and identify any spread or command-and-control patterns.,"[{""chunk_id"": ""NIST.SP.800-61r3-0055"", ""source"": ""NIST.SP.800-61r3.pdf"", ""excerpt"": ""... and, in turn, find cybersecurity incidents. DE.CM (Continuous Monitoring) Assets are monitored to find anomalies, indicators of compromise, and other potentially adverse events High R1: Continuous monitoring for unauthorized activity, deviations from expected activity, and changes in security posture should involve the following types of assets at all times: networks and network services; computing hardware and software, runtime environments, and their data; the physical environment; personnel activity and technology usage; and external service provider activities. C1: Consider using cyber threat information with continuous monitoring ...""}, {""chunk_id"": ""NIST.SP.800-61r3-0056"", ""source"": ""NIST.SP.800-61r3.pdf"", ""excerpt"": ""...sful and failed access attempts into all controlled areas, the movement of people and equipment into and out of secure areas of facilities, and signs of tampering with physical access controls. DE.CM-03 Personnel activity and technology usage are monitored to find potentially adverse events High R1: Monitoring personnel activity and technology usage should include anomalous user activity or unusual patterns of activity, authentication and logical access attempts, and the use of deception technology. DE.CM-06 External service provider activities and services are monitored to find potentially adverse events High R1: Monitoring external se...""}]",,
AE-027,BruteForce,RATE_LIMIT,Reduce attempt volume while preserving limited connectivity during investigation.,"[{""chunk_id"": ""ETSI.EN.303.645.V3.1.3-0034"", ""source"": ""ETSI.EN.303.645.V3.1.3.pdf"", ""excerpt"": ""device shall provide to the user or an administrator a simple mechanism to change the authentication value used. EXAMPLE 3: For biometric authentication values the device manufacturer allows this change in authentication value through retraining against a new biometric. EXAMPLE 4: A parent in a household creates an account on the consumer IoT device for their child and selects and manages the PIN or password that the child uses. The parent is an administrator on the consumer IoT device and can restrict the child from changing the PIN or password. EXAMPLE 5: To make it simple for the user to change a password, the manufacturer designs the p...""}, {""chunk_id"": ""ETSI.EN.303.645.V3.1.3-0060"", ""source"": ""ETSI.EN.303.645.V3.1.3.pdf"", ""excerpt"": ""...e technology, risk and usage. Provision 5.5-7 The consumer IoT device shall protect the confidentiality of critical security parameters that are communicated via remotely accessible network interfaces. ETSI ETSI EN 303 645 V3.1.3 (2024-09) 22 Many different methods exist for enrolment and authentication. Some authentication values are provided by out-of-band authentication mechanisms, such as a QR code, and some are human-readable, such as a password. Where an authentication mechanism uses unique values per authentication attempt (e.g. in a challenge-response mechanism or when using one time passwords as a second factor), the response is n""}, {""chunk_id"": ""NIST.IR.8259A-0018"", ""source"": ""NIST.IR.8259A.pdf"", ""excerpt"": ""...ble any local and network interfaces that are not necessary for the core functionality of the device 2. The ability to logically restrict access to each network interface to only authorized entities (e.g., device authentication, user authentication) 3. Configuration settings for use with the Device Configuration capability including, but not limited to, the ability to enable, disable, and adjust thresholds for any ability the device might have to lock or disable an account or to delay additional authentication attempts after too many failed authentication attempts \u2022 This capability supports vulnerability management, access management, d...""}]",,
AE-028,Web,NOTIFY_OPERATOR,"Routing decision is escalate, and human review is appropriate given the uncertainty and lack of device identity.","[{""chunk_id"": ""NIST.SP.800-61r3-0055"", ""source"": ""NIST.SP.800-61r3.pdf"", ""excerpt"": ""..., find cybersecurity incidents. DE.CM (Continuous Monitoring) Assets are monitored to find anomalies, indicators of compromise, and other potentially adverse events High R1: Continuous monitoring for unauthorized activity, deviations from expected activity, and changes in security posture should involve the following types of assets at all times: networks and network services; computing hardware and software, runtime environments, and their data; the physical environment; personnel activity and technology usage; and external service provider activities. C1: Consider using cyber threat information with continuous monitoring to help ident...""}, {""chunk_id"": ""NIST.IR.8259A-0022"", ""source"": ""NIST.IR.8259A.pdf"", ""excerpt"": ""ITY CORE BASELINE 10 This publication is available free of charge from: https://doi.org/10.6028/NIST.IR.8259A Device Cybersecurity Capability Common Elements Rationale IoT Reference Examples Cybersecurity State Awareness: The IoT device can report on its cybersecurity state and make that information accessible to authorized entities only. 1. The ability to report the device\u2019s cybersecurity state 2. The ability to differentiate between when a device will likely operate as expected from when it may be in a degraded cybersecurity state 3. The ability to restrict access to the state indicator so only authorized entities can view it 4. The abil...""}, {""chunk_id"": ""NIST.SP.800-213A-0053"", ""source"": ""NIST.SP.800-213A.pdf"", ""excerpt"": ""...uirements that may be necessary: 1. Ability to access information about the IoT device's cybersecurity state and other necessary data. 2. Ability to preserve system state information. (EIM) Event Identification & Monitoring Description: Ability to provide event identification and monitoring capabilities and/or support event identification and monitoring tools interfacing with the device. Discussion: Monitoring for cybersecurity and other adverse events is a component of many organizations\u2019 control set to enable proactive assessment of cybersecurity posture. IoT devices may have to support this kind of monitoring, and the nature of the m...""}]",,
AE-029,DoS,RATE_LIMIT,Reduce potential flood intensity while preserving limited legitimate traffic.,"[{""chunk_id"": ""NIST.IR.8259A-0018"", ""source"": ""NIST.IR.8259A.pdf"", ""excerpt"": ""...ogical Access to Interfaces: The IoT device can restrict logical access to its local and network interfaces, and the protocols and services used by those interfaces, to authorized entities only. 1. The ability to logically or physically disable any local and network interfaces that are not necessary for the core functionality of the device 2. The ability to logically restrict access to each network interface to only authorized entities (e.g., device authentication, user authentication) 3. Configuration settings for use with the Device Configuration capability including, but not limited to, the ability to enable, disable, and adjust thre...""}, {""chunk_id"": ""NIST.SP.800-213A-0048"", ""source"": ""NIST.SP.800-213A.pdf"", ""excerpt"": ""NIST.SP.800-213A 3. Ability to logically or physically disable any local and network interfaces that are not necessary for the core functionality of the device. 4. Ability to restrict updating actions to authorized entities. 5. Ability to restrict access to the cybersecurity state indicator to authorized entities. 6. Ability to restrict use of IoT device services. 7. Ability to enforce the established local and remote access requirements. 8. Ability to prevent external access to the IoT device management interface. 9. Ability to control the IoT device\u2019s logical interface (e.g., locally or remotely). 10. Ability to change IoT device logical...""}]",,
AE-030,Spoofing,CAPTURE_TRAFFIC,Preserves packet-level evidence to validate whether the traffic is spoofed or otherwise anomalous.,"[{""chunk_id"": ""NIST.SP.800-213A-0037"", ""source"": ""NIST.SP.800-213A.pdf"", ""excerpt"": ""...ort authentication methods. Discussion: To control logical access to interfaces, the IoT device may need to support adequate authentication methods. Some IoT devices or organizations may need support for Personal Identity Verification (PIV). More information about PIV can be found in FIPS 201-2 [ FIPS-201]. Related SP 800-53 Rev. 5 Controls: AC-17(10), IA-2, IA-2(1), IA-2(2), IA-6 Requirements that may be necessary: 1. Ability for the IoT device to require authentication prior to connecting to the device, including using remote access. 2. Ability for the IoT device to support and require appropriate authentication. 3. Ability for the Io...""}, {""chunk_id"": ""NIST.IR.8259A-0018"", ""source"": ""NIST.IR.8259A.pdf"", ""excerpt"": ""...ble any local and network interfaces that are not necessary for the core functionality of the device 2. The ability to logically restrict access to each network interface to only authorized entities (e.g., device authentication, user authentication) 3. Configuration settings for use with the Device Configuration capability including, but not limited to, the ability to enable, disable, and adjust thresholds for any ability the device might have to lock or disable an account or to delay additional authentication attempts after too many failed authentication attempts \u2022 This capability supports vulnerability management, access management, d...""}, {""chunk_id"": ""NIST.SP.800-213A-0038"", ""source"": ""NIST.SP.800-213A.pdf"", ""excerpt"": ""... Ability for the IoT device to hide or mask authentication information during authentication process. NIST SP 800-213A GUIDANCE FOR THE FEDERAL GOVERNMENT IOT DEVICE CYBERSECURITY REQUIREMENT CATALOG LA - LOGICAL ACCESS TO INTERFACES 21 This publication is available free of charge from: https://doi.org/10.6028/NIST.SP.800-213A 5. Ability to use federated authentication technologies (e.g., SAML, OAuth2, or Active Directory/Azure Active Directory). (ACF) Authentication Configuration Description: Ability to require, or not require, authentication to, and/or identification of, the IoT device, and to establish authentication and identificati...""}]",,
AE-031,Spoofing,NOTIFY_OPERATOR,"The detector already routed the case to escalate, so human review is warranted before stronger containment.","[{""chunk_id"": ""NIST.SP.800-213A-0037"", ""source"": ""NIST.SP.800-213A.pdf"", ""excerpt"": ""...ort authentication methods. Discussion: To control logical access to interfaces, the IoT device may need to support adequate authentication methods. Some IoT devices or organizations may need support for Personal Identity Verification (PIV). More information about PIV can be found in FIPS 201-2 [ FIPS-201]. Related SP 800-53 Rev. 5 Controls: AC-17(10), IA-2, IA-2(1), IA-2(2), IA-6 Requirements that may be necessary: 1. Ability for the IoT device to require authentication prior to connecting to the device, including using remote access. 2. Ability for the IoT device to support and require appropriate authentication. 3. Ability for the Io...""}, {""chunk_id"": ""NIST.IR.8259A-0018"", ""source"": ""NIST.IR.8259A.pdf"", ""excerpt"": ""...ble any local and network interfaces that are not necessary for the core functionality of the device 2. The ability to logically restrict access to each network interface to only authorized entities (e.g., device authentication, user authentication) 3. Configuration settings for use with the Device Configuration capability including, but not limited to, the ability to enable, disable, and adjust thresholds for any ability the device might have to lock or disable an account or to delay additional authentication attempts after too many failed authentication attempts \u2022 This capability supports vulnerability management, access management, d...""}, {""chunk_id"": ""NIST.SP.800-213A-0038"", ""source"": ""NIST.SP.800-213A.pdf"", ""excerpt"": ""... Ability for the IoT device to hide or mask authentication information during authentication process. NIST SP 800-213A GUIDANCE FOR THE FEDERAL GOVERNMENT IOT DEVICE CYBERSECURITY REQUIREMENT CATALOG LA - LOGICAL ACCESS TO INTERFACES 21 This publication is available free of charge from: https://doi.org/10.6028/NIST.SP.800-213A 5. Ability to use federated authentication technologies (e.g., SAML, OAuth2, or Active Directory/Azure Active Directory). (ACF) Authentication Configuration Description: Ability to require, or not require, authentication to, and/or identification of, the IoT device, and to establish authentication and identificati...""}]",,
AE-032,Spoofing,INCREASE_LOGGING,Increase visibility to support triage and confirm whether the traffic pattern aligns with spoofed or unauthorized access attempts.,"[{""chunk_id"": ""NIST.SP.800-213A-0037"", ""source"": ""NIST.SP.800-213A.pdf"", ""excerpt"": ""...ort authentication methods. Discussion: To control logical access to interfaces, the IoT device may need to support adequate authentication methods. Some IoT devices or organizations may need support for Personal Identity Verification (PIV). More information about PIV can be found in FIPS 201-2 [ FIPS-201]. Related SP 800-53 Rev. 5 Controls: AC-17(10), IA-2, IA-2(1), IA-2(2), IA-6 Requirements that may be necessary: 1. Ability for the IoT device to require authentication prior to connecting to the device, including using remote access. 2. Ability for the IoT device to support and require appropriate authentication. 3. Ability for the Io...""}, {""chunk_id"": ""NIST.IR.8259A-0018"", ""source"": ""NIST.IR.8259A.pdf"", ""excerpt"": ""...ble any local and network interfaces that are not necessary for the core functionality of the device 2. The ability to logically restrict access to each network interface to only authorized entities (e.g., device authentication, user authentication) 3. Configuration settings for use with the Device Configuration capability including, but not limited to, the ability to enable, disable, and adjust thresholds for any ability the device might have to lock or disable an account or to delay additional authentication attempts after too many failed authentication attempts \u2022 This capability supports vulnerability management, access management, d...""}]",,
AE-033,Benign,MONITOR,"Primary routing decision is monitor, and the alert lacks indicators of active attack behavior.","[{""chunk_id"": ""ETSI.EN.303.645.V3.1.3-0034"", ""source"": ""ETSI.EN.303.645.V3.1.3.pdf"", ""excerpt"": ""device shall provide to the user or an administrator a simple mechanism to change the authentication value used. EXAMPLE 3: For biometric authentication values the device manufacturer allows this change in authentication value through retraining against a new biometric. EXAMPLE 4: A parent in a household creates an account on the consumer IoT device for their child and selects and manages the PIN or password that the child uses. The parent is an administrator on the consumer IoT device and can restrict the child from changing the PIN or password. EXAMPLE 5: To make it simple for the user to change a password, the manufacturer designs the p...""}, {""chunk_id"": ""ETSI.EN.303.645.V3.1.3-0060"", ""source"": ""ETSI.EN.303.645.V3.1.3.pdf"", ""excerpt"": ""...e technology, risk and usage. Provision 5.5-7 The consumer IoT device shall protect the confidentiality of critical security parameters that are communicated via remotely accessible network interfaces. ETSI ETSI EN 303 645 V3.1.3 (2024-09) 22 Many different methods exist for enrolment and authentication. Some authentication values are provided by out-of-band authentication mechanisms, such as a QR code, and some are human-readable, such as a password. Where an authentication mechanism uses unique values per authentication attempt (e.g. in a challenge-response mechanism or when using one time passwords as a second factor), the response is n""}, {""chunk_id"": ""NIST.IR.8259A-0018"", ""source"": ""NIST.IR.8259A.pdf"", ""excerpt"": ""...ble any local and network interfaces that are not necessary for the core functionality of the device 2. The ability to logically restrict access to each network interface to only authorized entities (e.g., device authentication, user authentication) 3. Configuration settings for use with the Device Configuration capability including, but not limited to, the ability to enable, disable, and adjust thresholds for any ability the device might have to lock or disable an account or to delay additional authentication attempts after too many failed authentication attempts \u2022 This capability supports vulnerability management, access management, d...""}]",,
AE-034,DoS,INCREASE_LOGGING,Capture more detail to confirm whether the bursty high-rate pattern is sustained and to support later containment decisions.,"[{""chunk_id"": ""RFC8576-0044"", ""source"": ""RFC8576.txt"", ""excerpt"": ""protocol cannot be made without tailor-made IoT implementations. 5.1.2. Denial-of-Service Resistance The tight memory and processing constraints of things naturally alleviate resource-exhaustion attacks. Especially in unattended T2T communication, such attacks are difficult to notice before the service becomes unavailable (for example, because of battery or memory exhaustion). As a DoS countermeasure, DTLS, IKEv2, HIP, and Diet HIP implement return routability checks based on a cookie mechanism to delay the establishment of state at the responding host until the address of the initiating host is verified. The effectiveness of these defense...""}, {""chunk_id"": ""ETSI.EN.303.645.V3.1.3-0035"", ""source"": ""ETSI.EN.303.645.V3.1.3.pdf"", ""excerpt"": ""...credential stuffing\"" or exhaust an entire key-space. It is important that these types of attacks are detected by the consumer IoT device and defended against, whilst guarding against a related threat of \""resource exhaustion\"" and denial of service attacks. 5.2 Implement a means to manage reports of vulnerabilities Manufacturers that provide IoT products have a duty of care to consumers and third parties who can be harmed by their failure to have a CVD programme in place. Additionally, companies that share this information through industry bodies can assist others who can be suffering from the same problem. Disclosures can comprise differ...""}, {""chunk_id"": ""RFC8576-0020"", ""source"": ""RFC8576.txt"", ""excerpt"": ""...on of privilege: An attacker with low privileges can misuse additional flaws in the implemented authentication and authorization mechanisms of a thing to gain more privileged access to the thing and its data. 11. Denial of Service (DoS) attack: Often things have very limited memory and computation capabilities. Therefore, they are vulnerable to resource-exhaustion attack. Attackers can continuously send requests to specific things so as to deplete their resources. This is especially dangerous in the Internet of Things since an attacker might be located in the backend and target resource-constrained devices that are part of a constrained-no""}]",,
AE-035,Recon,CAPTURE_TRAFFIC,Collect additional evidence to validate whether the observed pattern is probing or normal device behavior.,"[{""chunk_id"": ""NIST.SP.800-61r3-0055"", ""source"": ""NIST.SP.800-61r3.pdf"", ""excerpt"": ""... and, in turn, find cybersecurity incidents. DE.CM (Continuous Monitoring) Assets are monitored to find anomalies, indicators of compromise, and other potentially adverse events High R1: Continuous monitoring for unauthorized activity, deviations from expected activity, and changes in security posture should involve the following types of assets at all times: networks and network services; computing hardware and software, runtime environments, and their data; the physical environment; personnel activity and technology usage; and external service provider activities. C1: Consider using cyber threat information with continuous monitoring ...""}, {""chunk_id"": ""NIST.SP.800-213-0058"", ""source"": ""NIST.SP.800-213.pdf"", ""excerpt"": ""...rest of a system might. For example, IoT devices with a short lifespan, limited functionality, or limited accessibility may not be subject to some threat sources (e.g., attackers aiming to do medium- to long-term reconnaissance) or some events (e.g., those that require extended, consistent network access). IoT devices will often have many of the same threat sources and events as the existing information system. There may be a set of unique IoT device threat sources and events as well as some information system threat sources and events that do not apply to the IoT device. In this sense, there are two classes when comparing threat source...""}]",,
AE-036,Web,RATE_LIMIT,Constrains elevated traffic rate while preserving bounded service availability.,"[{""chunk_id"": ""NIST.SP.800-61r3-0055"", ""source"": ""NIST.SP.800-61r3.pdf"", ""excerpt"": ""..., find cybersecurity incidents. DE.CM (Continuous Monitoring) Assets are monitored to find anomalies, indicators of compromise, and other potentially adverse events High R1: Continuous monitoring for unauthorized activity, deviations from expected activity, and changes in security posture should involve the following types of assets at all times: networks and network services; computing hardware and software, runtime environments, and their data; the physical environment; personnel activity and technology usage; and external service provider activities. C1: Consider using cyber threat information with continuous monitoring to help ident...""}, {""chunk_id"": ""NIST.SP.800-213A-0053"", ""source"": ""NIST.SP.800-213A.pdf"", ""excerpt"": ""...uirements that may be necessary: 1. Ability to access information about the IoT device's cybersecurity state and other necessary data. 2. Ability to preserve system state information. (EIM) Event Identification & Monitoring Description: Ability to provide event identification and monitoring capabilities and/or support event identification and monitoring tools interfacing with the device. Discussion: Monitoring for cybersecurity and other adverse events is a component of many organizations\u2019 control set to enable proactive assessment of cybersecurity posture. IoT devices may have to support this kind of monitoring, and the nature of the m...""}, {""chunk_id"": ""NIST.IR.8259A-0022"", ""source"": ""NIST.IR.8259A.pdf"", ""excerpt"": ""ITY CORE BASELINE 10 This publication is available free of charge from: https://doi.org/10.6028/NIST.IR.8259A Device Cybersecurity Capability Common Elements Rationale IoT Reference Examples Cybersecurity State Awareness: The IoT device can report on its cybersecurity state and make that information accessible to authorized entities only. 1. The ability to report the device\u2019s cybersecurity state 2. The ability to differentiate between when a device will likely operate as expected from when it may be in a degraded cybersecurity state 3. The ability to restrict access to the state indicator so only authorized entities can view it 4. The abil...""}]",,
AE-037,Spoofing,INCREASE_LOGGING,Improves evidence quality for a suspected spoofing condition without prematurely disrupting service.,"[{""chunk_id"": ""NIST.SP.800-213A-0037"", ""source"": ""NIST.SP.800-213A.pdf"", ""excerpt"": ""...ort authentication methods. Discussion: To control logical access to interfaces, the IoT device may need to support adequate authentication methods. Some IoT devices or organizations may need support for Personal Identity Verification (PIV). More information about PIV can be found in FIPS 201-2 [ FIPS-201]. Related SP 800-53 Rev. 5 Controls: AC-17(10), IA-2, IA-2(1), IA-2(2), IA-6 Requirements that may be necessary: 1. Ability for the IoT device to require authentication prior to connecting to the device, including using remote access. 2. Ability for the IoT device to support and require appropriate authentication. 3. Ability for the Io...""}, {""chunk_id"": ""NIST.IR.8259A-0018"", ""source"": ""NIST.IR.8259A.pdf"", ""excerpt"": ""...ble any local and network interfaces that are not necessary for the core functionality of the device 2. The ability to logically restrict access to each network interface to only authorized entities (e.g., device authentication, user authentication) 3. Configuration settings for use with the Device Configuration capability including, but not limited to, the ability to enable, disable, and adjust thresholds for any ability the device might have to lock or disable an account or to delay additional authentication attempts after too many failed authentication attempts \u2022 This capability supports vulnerability management, access management, d...""}, {""chunk_id"": ""NIST.SP.800-213A-0038"", ""source"": ""NIST.SP.800-213A.pdf"", ""excerpt"": ""... Ability for the IoT device to hide or mask authentication information during authentication process. NIST SP 800-213A GUIDANCE FOR THE FEDERAL GOVERNMENT IOT DEVICE CYBERSECURITY REQUIREMENT CATALOG LA - LOGICAL ACCESS TO INTERFACES 21 This publication is available free of charge from: https://doi.org/10.6028/NIST.SP.800-213A 5. Ability to use federated authentication technologies (e.g., SAML, OAuth2, or Active Directory/Azure Active Directory). (ACF) Authentication Configuration Description: Ability to require, or not require, authentication to, and/or identification of, the IoT device, and to establish authentication and identificati...""}]",,
AE-038,DoS,NOTIFY_OPERATOR,Escalate for human review because the alert is high-confidence but device identity is unvalidated.,"[{""chunk_id"": ""NIST.IR.8259A-0018"", ""source"": ""NIST.IR.8259A.pdf"", ""excerpt"": ""...ogical Access to Interfaces: The IoT device can restrict logical access to its local and network interfaces, and the protocols and services used by those interfaces, to authorized entities only. 1. The ability to logically or physically disable any local and network interfaces that are not necessary for the core functionality of the device 2. The ability to logically restrict access to each network interface to only authorized entities (e.g., device authentication, user authentication) 3. Configuration settings for use with the Device Configuration capability including, but not limited to, the ability to enable, disable, and adjust thre...""}, {""chunk_id"": ""NIST.SP.800-213A-0048"", ""source"": ""NIST.SP.800-213A.pdf"", ""excerpt"": ""NIST.SP.800-213A 3. Ability to logically or physically disable any local and network interfaces that are not necessary for the core functionality of the device. 4. Ability to restrict updating actions to authorized entities. 5. Ability to restrict access to the cybersecurity state indicator to authorized entities. 6. Ability to restrict use of IoT device services. 7. Ability to enforce the established local and remote access requirements. 8. Ability to prevent external access to the IoT device management interface. 9. Ability to control the IoT device\u2019s logical interface (e.g., locally or remotely). 10. Ability to change IoT device logical...""}]",,
AE-039,DDoS,INCREASE_LOGGING,Collect additional telemetry to validate whether the elevated rate and SYN activity reflect resource-exhaustion behavior.,"[{""chunk_id"": ""RFC8576-0044"", ""source"": ""RFC8576.txt"", ""excerpt"": ""protocol cannot be made without tailor-made IoT implementations. 5.1.2. Denial-of-Service Resistance The tight memory and processing constraints of things naturally alleviate resource-exhaustion attacks. Especially in unattended T2T communication, such attacks are difficult to notice before the service becomes unavailable (for example, because of battery or memory exhaustion). As a DoS countermeasure, DTLS, IKEv2, HIP, and Diet HIP implement return routability checks based on a cookie mechanism to delay the establishment of state at the responding host until the address of the initiating host is verified. The effectiveness of these defense...""}, {""chunk_id"": ""ETSI.EN.303.645.V3.1.3-0035"", ""source"": ""ETSI.EN.303.645.V3.1.3.pdf"", ""excerpt"": ""...credential stuffing\"" or exhaust an entire key-space. It is important that these types of attacks are detected by the consumer IoT device and defended against, whilst guarding against a related threat of \""resource exhaustion\"" and denial of service attacks. 5.2 Implement a means to manage reports of vulnerabilities Manufacturers that provide IoT products have a duty of care to consumers and third parties who can be harmed by their failure to have a CVD programme in place. Additionally, companies that share this information through industry bodies can assist others who can be suffering from the same problem. Disclosures can comprise differ...""}, {""chunk_id"": ""RFC8576-0020"", ""source"": ""RFC8576.txt"", ""excerpt"": ""...on of privilege: An attacker with low privileges can misuse additional flaws in the implemented authentication and authorization mechanisms of a thing to gain more privileged access to the thing and its data. 11. Denial of Service (DoS) attack: Often things have very limited memory and computation capabilities. Therefore, they are vulnerable to resource-exhaustion attack. Attackers can continuously send requests to specific things so as to deplete their resources. This is especially dangerous in the Internet of Things since an attacker might be located in the backend and target resource-constrained devices that are part of a constrained-no""}]",,
AE-040,DDoS,INCREASE_LOGGING,Collect more evidence on session patterns and packet mix because current confidence is low.,"[{""chunk_id"": ""RFC8576-0012"", ""source"": ""RFC8576.txt"", ""excerpt"": ""...m goes beyond a specific device or an isolated system, since compromised IoT systems can be misused at scale. For example, they may be used to perform a Distributed Denial of Service (DDoS) attack that limits the availability of other networks and services. The fact that many IoT systems rely on standard IP protocols allows for easier system integration, but this also makes attacks on standard IP protocols widely applicable in other environments. This results in new requirements regarding the implementation of security. The term \""security\"" subsumes a wide range of primitives, protocols, and procedures. For instance, it includes services...""}, {""chunk_id"": ""RFC8576-0021"", ""source"": ""RFC8576.txt"", ""excerpt"": ""This is especially dangerous in the Internet of Things since an attacker might be located in the backend and target resource-constrained devices that are part of a constrained-node network [RFC7228]. A DoS attack can also be launched by physically jamming the communication channel. Network availability can also be disrupted by flooding the network with a large number of packets. On the other hand, things compromised by attackers can be used to disrupt the operation of other networks or systems by means of a Distributed DoS (DDoS) attack. Garcia-Morchon, et al. Informational [Page 11] RFC 8576 IoT Security April 2019 To deal with the above ...""}, {""chunk_id"": ""RFC8576-0044"", ""source"": ""RFC8576.txt"", ""excerpt"": ""protocol cannot be made without tailor-made IoT implementations. 5.1.2. Denial-of-Service Resistance The tight memory and processing constraints of things naturally alleviate resource-exhaustion attacks. Especially in unattended T2T communication, such attacks are difficult to notice before the service becomes unavailable (for example, because of battery or memory exhaustion). As a DoS countermeasure, DTLS, IKEv2, HIP, and Diet HIP implement return routability checks based on a cookie mechanism to delay the establishment of state at the responding host until the address of the initiating host is verified. The effectiveness of these defense...""}]",,
AE-041,Spoofing,INCREASE_LOGGING,Collect additional telemetry to confirm whether the traffic is spoofed and to support later containment decisions.,"[{""chunk_id"": ""ETSI.EN.303.645.V3.1.3-0078"", ""source"": ""ETSI.EN.303.645.V3.1.3.pdf"", ""excerpt"": ""...13 Validate input data Provision 5.13-1 Void. Provision 5.13-1A Data input at application layer to the device via user interfaces shall be validated by the device regarding unexpected data input to prevent system manipulations and failures. EXAMPLE 1: Manipulation of the integrated database via SQL injection over a user interface is mitigated via discarding invalid data input. Systems can be subverted by incorrectly formatted data or code transferred across different types of interface. Automated tools such as fuzzers can be used by attackers or testers to exploit potential gaps and weaknesses that emerge as a result of not validating d...""}, {""chunk_id"": ""ETSI.EN.303.645.V3.1.3-0079"", ""source"": ""ETSI.EN.303.645.V3.1.3.pdf"", ""excerpt"": ""xploit potential gaps and weaknesses that emerge as a result of not validating data. EXAMPLE 2: The consumer IoT device receives data that is not of the expected type, for example executable code rather than user inputted text. The software on the consumer IoT device has been written so that the input is parameterized or \""escaped\"", preventing this code from being run. Provision 5.13-1B Data input at application layer to the device via network interfaces shall be validated by the device regarding unexpected data input to prevent system manipulations and failures. NOTE: This includes network accessible APIs without prior authentication and n...""}]",,
AE-042,DDoS,NOTIFY_OPERATOR,Human review is appropriate because device identity is unvalidated and actions are intent-only.,"[{""chunk_id"": ""RFC8576-0044"", ""source"": ""RFC8576.txt"", ""excerpt"": ""protocol cannot be made without tailor-made IoT implementations. 5.1.2. Denial-of-Service Resistance The tight memory and processing constraints of things naturally alleviate resource-exhaustion attacks. Especially in unattended T2T communication, such attacks are difficult to notice before the service becomes unavailable (for example, because of battery or memory exhaustion). As a DoS countermeasure, DTLS, IKEv2, HIP, and Diet HIP implement return routability checks based on a cookie mechanism to delay the establishment of state at the responding host until the address of the initiating host is verified. The effectiveness of these defense...""}, {""chunk_id"": ""ETSI.EN.303.645.V3.1.3-0035"", ""source"": ""ETSI.EN.303.645.V3.1.3.pdf"", ""excerpt"": ""...credential stuffing\"" or exhaust an entire key-space. It is important that these types of attacks are detected by the consumer IoT device and defended against, whilst guarding against a related threat of \""resource exhaustion\"" and denial of service attacks. 5.2 Implement a means to manage reports of vulnerabilities Manufacturers that provide IoT products have a duty of care to consumers and third parties who can be harmed by their failure to have a CVD programme in place. Additionally, companies that share this information through industry bodies can assist others who can be suffering from the same problem. Disclosures can comprise differ...""}, {""chunk_id"": ""RFC8576-0020"", ""source"": ""RFC8576.txt"", ""excerpt"": ""...on of privilege: An attacker with low privileges can misuse additional flaws in the implemented authentication and authorization mechanisms of a thing to gain more privileged access to the thing and its data. 11. Denial of Service (DoS) attack: Often things have very limited memory and computation capabilities. Therefore, they are vulnerable to resource-exhaustion attack. Attackers can continuously send requests to specific things so as to deplete their resources. This is especially dangerous in the Internet of Things since an attacker might be located in the backend and target resource-constrained devices that are part of a constrained-no""}]",,
AE-043,DDoS,NOTIFY_OPERATOR,"Routing decision already indicates escalation, and human review is appropriate given uncertainty and lack of device identity.","[{""chunk_id"": ""RFC8576-0012"", ""source"": ""RFC8576.txt"", ""excerpt"": ""...m goes beyond a specific device or an isolated system, since compromised IoT systems can be misused at scale. For example, they may be used to perform a Distributed Denial of Service (DDoS) attack that limits the availability of other networks and services. The fact that many IoT systems rely on standard IP protocols allows for easier system integration, but this also makes attacks on standard IP protocols widely applicable in other environments. This results in new requirements regarding the implementation of security. The term \""security\"" subsumes a wide range of primitives, protocols, and procedures. For instance, it includes services...""}, {""chunk_id"": ""RFC8576-0021"", ""source"": ""RFC8576.txt"", ""excerpt"": ""This is especially dangerous in the Internet of Things since an attacker might be located in the backend and target resource-constrained devices that are part of a constrained-node network [RFC7228]. A DoS attack can also be launched by physically jamming the communication channel. Network availability can also be disrupted by flooding the network with a large number of packets. On the other hand, things compromised by attackers can be used to disrupt the operation of other networks or systems by means of a Distributed DoS (DDoS) attack. Garcia-Morchon, et al. Informational [Page 11] RFC 8576 IoT Security April 2019 To deal with the above ...""}, {""chunk_id"": ""RFC8576-0044"", ""source"": ""RFC8576.txt"", ""excerpt"": ""protocol cannot be made without tailor-made IoT implementations. 5.1.2. Denial-of-Service Resistance The tight memory and processing constraints of things naturally alleviate resource-exhaustion attacks. Especially in unattended T2T communication, such attacks are difficult to notice before the service becomes unavailable (for example, because of battery or memory exhaustion). As a DoS countermeasure, DTLS, IKEv2, HIP, and Diet HIP implement return routability checks based on a cookie mechanism to delay the establishment of state at the responding host until the address of the initiating host is verified. The effectiveness of these defense...""}]",,
AE-044,Benign,MONITOR,Maintain observation because the detector is confident but the flow profile is limited and device identity is unvalidated.,"[{""chunk_id"": ""ETSI.EN.303.645.V3.1.3-0034"", ""source"": ""ETSI.EN.303.645.V3.1.3.pdf"", ""excerpt"": ""device shall provide to the user or an administrator a simple mechanism to change the authentication value used. EXAMPLE 3: For biometric authentication values the device manufacturer allows this change in authentication value through retraining against a new biometric. EXAMPLE 4: A parent in a household creates an account on the consumer IoT device for their child and selects and manages the PIN or password that the child uses. The parent is an administrator on the consumer IoT device and can restrict the child from changing the PIN or password. EXAMPLE 5: To make it simple for the user to change a password, the manufacturer designs the p...""}, {""chunk_id"": ""ETSI.EN.303.645.V3.1.3-0060"", ""source"": ""ETSI.EN.303.645.V3.1.3.pdf"", ""excerpt"": ""...e technology, risk and usage. Provision 5.5-7 The consumer IoT device shall protect the confidentiality of critical security parameters that are communicated via remotely accessible network interfaces. ETSI ETSI EN 303 645 V3.1.3 (2024-09) 22 Many different methods exist for enrolment and authentication. Some authentication values are provided by out-of-band authentication mechanisms, such as a QR code, and some are human-readable, such as a password. Where an authentication mechanism uses unique values per authentication attempt (e.g. in a challenge-response mechanism or when using one time passwords as a second factor), the response is n""}, {""chunk_id"": ""NIST.IR.8259A-0018"", ""source"": ""NIST.IR.8259A.pdf"", ""excerpt"": ""...ble any local and network interfaces that are not necessary for the core functionality of the device 2. The ability to logically restrict access to each network interface to only authorized entities (e.g., device authentication, user authentication) 3. Configuration settings for use with the Device Configuration capability including, but not limited to, the ability to enable, disable, and adjust thresholds for any ability the device might have to lock or disable an account or to delay additional authentication attempts after too many failed authentication attempts \u2022 This capability supports vulnerability management, access management, d...""}]",,
AE-045,Spoofing,CAPTURE_TRAFFIC,Preserve evidence for verification of spoofed or impersonated traffic patterns.,"[{""chunk_id"": ""ETSI.EN.303.645.V3.1.3-0078"", ""source"": ""ETSI.EN.303.645.V3.1.3.pdf"", ""excerpt"": ""...13 Validate input data Provision 5.13-1 Void. Provision 5.13-1A Data input at application layer to the device via user interfaces shall be validated by the device regarding unexpected data input to prevent system manipulations and failures. EXAMPLE 1: Manipulation of the integrated database via SQL injection over a user interface is mitigated via discarding invalid data input. Systems can be subverted by incorrectly formatted data or code transferred across different types of interface. Automated tools such as fuzzers can be used by attackers or testers to exploit potential gaps and weaknesses that emerge as a result of not validating d...""}, {""chunk_id"": ""ETSI.EN.303.645.V3.1.3-0079"", ""source"": ""ETSI.EN.303.645.V3.1.3.pdf"", ""excerpt"": ""xploit potential gaps and weaknesses that emerge as a result of not validating data. EXAMPLE 2: The consumer IoT device receives data that is not of the expected type, for example executable code rather than user inputted text. The software on the consumer IoT device has been written so that the input is parameterized or \""escaped\"", preventing this code from being run. Provision 5.13-1B Data input at application layer to the device via network interfaces shall be validated by the device regarding unexpected data input to prevent system manipulations and failures. NOTE: This includes network accessible APIs without prior authentication and n...""}]",,
AE-046,BruteForce,CAPTURE_TRAFFIC,Preserve packet-level evidence for offline validation of repeated attempts or authentication-related exchanges.,"[{""chunk_id"": ""RFC8576-0012"", ""source"": ""RFC8576.txt"", ""excerpt"": ""...m goes beyond a specific device or an isolated system, since compromised IoT systems can be misused at scale. For example, they may be used to perform a Distributed Denial of Service (DDoS) attack that limits the availability of other networks and services. The fact that many IoT systems rely on standard IP protocols allows for easier system integration, but this also makes attacks on standard IP protocols widely applicable in other environments. This results in new requirements regarding the implementation of security. The term \""security\"" subsumes a wide range of primitives, protocols, and procedures. For instance, it includes services...""}, {""chunk_id"": ""RFC8576-0021"", ""source"": ""RFC8576.txt"", ""excerpt"": ""This is especially dangerous in the Internet of Things since an attacker might be located in the backend and target resource-constrained devices that are part of a constrained-node network [RFC7228]. A DoS attack can also be launched by physically jamming the communication channel. Network availability can also be disrupted by flooding the network with a large number of packets. On the other hand, things compromised by attackers can be used to disrupt the operation of other networks or systems by means of a Distributed DoS (DDoS) attack. Garcia-Morchon, et al. Informational [Page 11] RFC 8576 IoT Security April 2019 To deal with the above ...""}, {""chunk_id"": ""RFC8576-0044"", ""source"": ""RFC8576.txt"", ""excerpt"": ""protocol cannot be made without tailor-made IoT implementations. 5.1.2. Denial-of-Service Resistance The tight memory and processing constraints of things naturally alleviate resource-exhaustion attacks. Especially in unattended T2T communication, such attacks are difficult to notice before the service becomes unavailable (for example, because of battery or memory exhaustion). As a DoS countermeasure, DTLS, IKEv2, HIP, and Diet HIP implement return routability checks based on a cookie mechanism to delay the establishment of state at the responding host until the address of the initiating host is verified. The effectiveness of these defense...""}]",,
AE-047,Spoofing,NOTIFY_OPERATOR,Human review is warranted because confidence is below threshold and the alert is mitigation intent only.,"[{""chunk_id"": ""ETSI.EN.303.645.V3.1.3-0078"", ""source"": ""ETSI.EN.303.645.V3.1.3.pdf"", ""excerpt"": ""...13 Validate input data Provision 5.13-1 Void. Provision 5.13-1A Data input at application layer to the device via user interfaces shall be validated by the device regarding unexpected data input to prevent system manipulations and failures. EXAMPLE 1: Manipulation of the integrated database via SQL injection over a user interface is mitigated via discarding invalid data input. Systems can be subverted by incorrectly formatted data or code transferred across different types of interface. Automated tools such as fuzzers can be used by attackers or testers to exploit potential gaps and weaknesses that emerge as a result of not validating d...""}, {""chunk_id"": ""ETSI.EN.303.645.V3.1.3-0079"", ""source"": ""ETSI.EN.303.645.V3.1.3.pdf"", ""excerpt"": ""xploit potential gaps and weaknesses that emerge as a result of not validating data. EXAMPLE 2: The consumer IoT device receives data that is not of the expected type, for example executable code rather than user inputted text. The software on the consumer IoT device has been written so that the input is parameterized or \""escaped\"", preventing this code from being run. Provision 5.13-1B Data input at application layer to the device via network interfaces shall be validated by the device regarding unexpected data input to prevent system manipulations and failures. NOTE: This includes network accessible APIs without prior authentication and n...""}]",,
AE-048,Spoofing,NOTIFY_OPERATOR,High-confidence alert warrants human review because device identity is not validated and action is mitigation intent only.,"[{""chunk_id"": ""ETSI.EN.303.645.V3.1.3-0078"", ""source"": ""ETSI.EN.303.645.V3.1.3.pdf"", ""excerpt"": ""...13 Validate input data Provision 5.13-1 Void. Provision 5.13-1A Data input at application layer to the device via user interfaces shall be validated by the device regarding unexpected data input to prevent system manipulations and failures. EXAMPLE 1: Manipulation of the integrated database via SQL injection over a user interface is mitigated via discarding invalid data input. Systems can be subverted by incorrectly formatted data or code transferred across different types of interface. Automated tools such as fuzzers can be used by attackers or testers to exploit potential gaps and weaknesses that emerge as a result of not validating d...""}, {""chunk_id"": ""ETSI.EN.303.645.V3.1.3-0079"", ""source"": ""ETSI.EN.303.645.V3.1.3.pdf"", ""excerpt"": ""xploit potential gaps and weaknesses that emerge as a result of not validating data. EXAMPLE 2: The consumer IoT device receives data that is not of the expected type, for example executable code rather than user inputted text. The software on the consumer IoT device has been written so that the input is parameterized or \""escaped\"", preventing this code from being run. Provision 5.13-1B Data input at application layer to the device via network interfaces shall be validated by the device regarding unexpected data input to prevent system manipulations and failures. NOTE: This includes network accessible APIs without prior authentication and n...""}]",,
AE-049,Recon,CAPTURE_TRAFFIC,Preserve packet evidence to validate whether the traffic is scan-like or part of an expected service pattern.,"[{""chunk_id"": ""NIST.SP.800-61r3-0055"", ""source"": ""NIST.SP.800-61r3.pdf"", ""excerpt"": ""... and, in turn, find cybersecurity incidents. DE.CM (Continuous Monitoring) Assets are monitored to find anomalies, indicators of compromise, and other potentially adverse events High R1: Continuous monitoring for unauthorized activity, deviations from expected activity, and changes in security posture should involve the following types of assets at all times: networks and network services; computing hardware and software, runtime environments, and their data; the physical environment; personnel activity and technology usage; and external service provider activities. C1: Consider using cyber threat information with continuous monitoring ...""}, {""chunk_id"": ""NIST.SP.800-61r3-0056"", ""source"": ""NIST.SP.800-61r3.pdf"", ""excerpt"": ""...sful and failed access attempts into all controlled areas, the movement of people and equipment into and out of secure areas of facilities, and signs of tampering with physical access controls. DE.CM-03 Personnel activity and technology usage are monitored to find potentially adverse events High R1: Monitoring personnel activity and technology usage should include anomalous user activity or unusual patterns of activity, authentication and logical access attempts, and the use of deception technology. DE.CM-06 External service provider activities and services are monitored to find potentially adverse events High R1: Monitoring external se...""}, {""chunk_id"": ""NIST.SP.800-213-0058"", ""source"": ""NIST.SP.800-213.pdf"", ""excerpt"": ""...rest of a system might. For example, IoT devices with a short lifespan, limited functionality, or limited accessibility may not be subject to some threat sources (e.g., attackers aiming to do medium- to long-term reconnaissance) or some events (e.g., those that require extended, consistent network access). IoT devices will often have many of the same threat sources and events as the existing information system. There may be a set of unique IoT device threat sources and events as well as some information system threat sources and events that do not apply to the IoT device. In this sense, there are two classes when comparing threat source...""}]",,
AE-050,Web,CAPTURE_TRAFFIC,"Capture limited traffic for offline analysis to confirm request patterns, destinations, and any malicious indicators before stronger containment is applied.","[{""chunk_id"": ""NIST.SP.800-61r3-0055"", ""source"": ""NIST.SP.800-61r3.pdf"", ""excerpt"": ""..., find cybersecurity incidents. DE.CM (Continuous Monitoring) Assets are monitored to find anomalies, indicators of compromise, and other potentially adverse events High R1: Continuous monitoring for unauthorized activity, deviations from expected activity, and changes in security posture should involve the following types of assets at all times: networks and network services; computing hardware and software, runtime environments, and their data; the physical environment; personnel activity and technology usage; and external service provider activities. C1: Consider using cyber threat information with continuous monitoring to help ident...""}, {""chunk_id"": ""NIST.SP.800-213A-0053"", ""source"": ""NIST.SP.800-213A.pdf"", ""excerpt"": ""...uirements that may be necessary: 1. Ability to access information about the IoT device's cybersecurity state and other necessary data. 2. Ability to preserve system state information. (EIM) Event Identification & Monitoring Description: Ability to provide event identification and monitoring capabilities and/or support event identification and monitoring tools interfacing with the device. Discussion: Monitoring for cybersecurity and other adverse events is a component of many organizations\u2019 control set to enable proactive assessment of cybersecurity posture. IoT devices may have to support this kind of monitoring, and the nature of the m...""}, {""chunk_id"": ""NIST.IR.8259A-0022"", ""source"": ""NIST.IR.8259A.pdf"", ""excerpt"": ""ITY CORE BASELINE 10 This publication is available free of charge from: https://doi.org/10.6028/NIST.IR.8259A Device Cybersecurity Capability Common Elements Rationale IoT Reference Examples Cybersecurity State Awareness: The IoT device can report on its cybersecurity state and make that information accessible to authorized entities only. 1. The ability to report the device\u2019s cybersecurity state 2. The ability to differentiate between when a device will likely operate as expected from when it may be in a degraded cybersecurity state 3. The ability to restrict access to the state indicator so only authorized entities can view it 4. The abil...""}]",,
AE-051,Recon,INCREASE_LOGGING,Increase visibility to confirm whether the activity is probe-like and to preserve evidence for operator review.,"[{""chunk_id"": ""NIST.SP.800-213A-0037"", ""source"": ""NIST.SP.800-213A.pdf"", ""excerpt"": ""...ort authentication methods. Discussion: To control logical access to interfaces, the IoT device may need to support adequate authentication methods. Some IoT devices or organizations may need support for Personal Identity Verification (PIV). More information about PIV can be found in FIPS 201-2 [ FIPS-201]. Related SP 800-53 Rev. 5 Controls: AC-17(10), IA-2, IA-2(1), IA-2(2), IA-6 Requirements that may be necessary: 1. Ability for the IoT device to require authentication prior to connecting to the device, including using remote access. 2. Ability for the IoT device to support and require appropriate authentication. 3. Ability for the Io...""}, {""chunk_id"": ""NIST.IR.8259A-0018"", ""source"": ""NIST.IR.8259A.pdf"", ""excerpt"": ""...ble any local and network interfaces that are not necessary for the core functionality of the device 2. The ability to logically restrict access to each network interface to only authorized entities (e.g., device authentication, user authentication) 3. Configuration settings for use with the Device Configuration capability including, but not limited to, the ability to enable, disable, and adjust thresholds for any ability the device might have to lock or disable an account or to delay additional authentication attempts after too many failed authentication attempts \u2022 This capability supports vulnerability management, access management, d...""}]",,
AE-052,Benign,NOTIFY_OPERATOR,Provides human oversight without disruptive containment for a low-risk alert.,"[{""chunk_id"": ""NIST.SP.800-61r3-0055"", ""source"": ""NIST.SP.800-61r3.pdf"", ""excerpt"": ""..., find cybersecurity incidents. DE.CM (Continuous Monitoring) Assets are monitored to find anomalies, indicators of compromise, and other potentially adverse events High R1: Continuous monitoring for unauthorized activity, deviations from expected activity, and changes in security posture should involve the following types of assets at all times: networks and network services; computing hardware and software, runtime environments, and their data; the physical environment; personnel activity and technology usage; and external service provider activities. C1: Consider using cyber threat information with continuous monitoring to help ident...""}, {""chunk_id"": ""NIST.IR.8259A-0022"", ""source"": ""NIST.IR.8259A.pdf"", ""excerpt"": ""ITY CORE BASELINE 10 This publication is available free of charge from: https://doi.org/10.6028/NIST.IR.8259A Device Cybersecurity Capability Common Elements Rationale IoT Reference Examples Cybersecurity State Awareness: The IoT device can report on its cybersecurity state and make that information accessible to authorized entities only. 1. The ability to report the device\u2019s cybersecurity state 2. The ability to differentiate between when a device will likely operate as expected from when it may be in a degraded cybersecurity state 3. The ability to restrict access to the state indicator so only authorized entities can view it 4. The abil...""}, {""chunk_id"": ""NIST.SP.800-213A-0053"", ""source"": ""NIST.SP.800-213A.pdf"", ""excerpt"": ""...uirements that may be necessary: 1. Ability to access information about the IoT device's cybersecurity state and other necessary data. 2. Ability to preserve system state information. (EIM) Event Identification & Monitoring Description: Ability to provide event identification and monitoring capabilities and/or support event identification and monitoring tools interfacing with the device. Discussion: Monitoring for cybersecurity and other adverse events is a component of many organizations\u2019 control set to enable proactive assessment of cybersecurity posture. IoT devices may have to support this kind of monitoring, and the nature of the m...""}]",,
AE-053,Benign,MONITOR,Primary response aligned with the detector routing decision and the high-confidence benign classification.,"[{""chunk_id"": ""NIST.SP.800-61r3-0055"", ""source"": ""NIST.SP.800-61r3.pdf"", ""excerpt"": ""..., find cybersecurity incidents. DE.CM (Continuous Monitoring) Assets are monitored to find anomalies, indicators of compromise, and other potentially adverse events High R1: Continuous monitoring for unauthorized activity, deviations from expected activity, and changes in security posture should involve the following types of assets at all times: networks and network services; computing hardware and software, runtime environments, and their data; the physical environment; personnel activity and technology usage; and external service provider activities. C1: Consider using cyber threat information with continuous monitoring to help ident...""}, {""chunk_id"": ""NIST.IR.8259A-0022"", ""source"": ""NIST.IR.8259A.pdf"", ""excerpt"": ""ITY CORE BASELINE 10 This publication is available free of charge from: https://doi.org/10.6028/NIST.IR.8259A Device Cybersecurity Capability Common Elements Rationale IoT Reference Examples Cybersecurity State Awareness: The IoT device can report on its cybersecurity state and make that information accessible to authorized entities only. 1. The ability to report the device\u2019s cybersecurity state 2. The ability to differentiate between when a device will likely operate as expected from when it may be in a degraded cybersecurity state 3. The ability to restrict access to the state indicator so only authorized entities can view it 4. The abil...""}, {""chunk_id"": ""NIST.SP.800-213A-0053"", ""source"": ""NIST.SP.800-213A.pdf"", ""excerpt"": ""...uirements that may be necessary: 1. Ability to access information about the IoT device's cybersecurity state and other necessary data. 2. Ability to preserve system state information. (EIM) Event Identification & Monitoring Description: Ability to provide event identification and monitoring capabilities and/or support event identification and monitoring tools interfacing with the device. Discussion: Monitoring for cybersecurity and other adverse events is a component of many organizations\u2019 control set to enable proactive assessment of cybersecurity posture. IoT devices may have to support this kind of monitoring, and the nature of the m...""}]",,
AE-054,Recon,CAPTURE_TRAFFIC,"Preserve packet-level evidence to confirm whether the traffic pattern reflects benign service discovery, periodic telemetry, or reconnaissance.","[{""chunk_id"": ""RFC8520-0022"", ""source"": ""RFC8520.txt"", ""excerpt"": ""...ne side of an access list is implicit, based on whether it is applied as to-device-policy or from-device-policy. With the exceptions of the \""name\"" of the ACL, \""type\"", \""name\"" of the Access Control Entry (ACE), and TCP and UDP source and destination port information, publishers of MUD files SHOULD limit the use of ACL model leaf nodes expressed to those found in this specification. Absent any extensions, MUD files are assumed to implement only the following ACL model features: o match-on-ipv4, match-on-ipv6, match-on-tcp, match-on-udp, match-on-icmp Furthermore, only \""accept\"" or \""drop\"" actions SHOULD be included. A MUD manager MAY choose ...""}, {""chunk_id"": ""NIST.SP.800-213A-0037"", ""source"": ""NIST.SP.800-213A.pdf"", ""excerpt"": ""...ort authentication methods. Discussion: To control logical access to interfaces, the IoT device may need to support adequate authentication methods. Some IoT devices or organizations may need support for Personal Identity Verification (PIV). More information about PIV can be found in FIPS 201-2 [ FIPS-201]. Related SP 800-53 Rev. 5 Controls: AC-17(10), IA-2, IA-2(1), IA-2(2), IA-6 Requirements that may be necessary: 1. Ability for the IoT device to require authentication prior to connecting to the device, including using remote access. 2. Ability for the IoT device to support and require appropriate authentication. 3. Ability for the Io...""}, {""chunk_id"": ""NIST.IR.8259A-0018"", ""source"": ""NIST.IR.8259A.pdf"", ""excerpt"": ""...ble any local and network interfaces that are not necessary for the core functionality of the device 2. The ability to logically restrict access to each network interface to only authorized entities (e.g., device authentication, user authentication) 3. Configuration settings for use with the Device Configuration capability including, but not limited to, the ability to enable, disable, and adjust thresholds for any ability the device might have to lock or disable an account or to delay additional authentication attempts after too many failed authentication attempts \u2022 This capability supports vulnerability management, access management, d...""}]",,
AE-055,DoS,INCREASE_LOGGING,Collect more telemetry to validate whether the pattern is sustained DoS activity and to support operator review.,"[{""chunk_id"": ""RFC8576-0020"", ""source"": ""RFC8576.txt"", ""excerpt"": ""...on of privilege: An attacker with low privileges can misuse additional flaws in the implemented authentication and authorization mechanisms of a thing to gain more privileged access to the thing and its data. 11. Denial of Service (DoS) attack: Often things have very limited memory and computation capabilities. Therefore, they are vulnerable to resource-exhaustion attack. Attackers can continuously send requests to specific things so as to deplete their resources. This is especially dangerous in the Internet of Things since an attacker might be located in the backend and target resource-constrained devices that are part of a constrained-no""}, {""chunk_id"": ""RFC8576-0044"", ""source"": ""RFC8576.txt"", ""excerpt"": ""protocol cannot be made without tailor-made IoT implementations. 5.1.2. Denial-of-Service Resistance The tight memory and processing constraints of things naturally alleviate resource-exhaustion attacks. Especially in unattended T2T communication, such attacks are difficult to notice before the service becomes unavailable (for example, because of battery or memory exhaustion). As a DoS countermeasure, DTLS, IKEv2, HIP, and Diet HIP implement return routability checks based on a cookie mechanism to delay the establishment of state at the responding host until the address of the initiating host is verified. The effectiveness of these defense...""}]",,
AE-056,Spoofing,CAPTURE_TRAFFIC,Preserve packets/flow evidence for offline validation of the spoofing hypothesis.,"[{""chunk_id"": ""RFC8520-0022"", ""source"": ""RFC8520.txt"", ""excerpt"": ""...ne side of an access list is implicit, based on whether it is applied as to-device-policy or from-device-policy. With the exceptions of the \""name\"" of the ACL, \""type\"", \""name\"" of the Access Control Entry (ACE), and TCP and UDP source and destination port information, publishers of MUD files SHOULD limit the use of ACL model leaf nodes expressed to those found in this specification. Absent any extensions, MUD files are assumed to implement only the following ACL model features: o match-on-ipv4, match-on-ipv6, match-on-tcp, match-on-udp, match-on-icmp Furthermore, only \""accept\"" or \""drop\"" actions SHOULD be included. A MUD manager MAY choose ...""}, {""chunk_id"": ""NIST.IR.8259A-0018"", ""source"": ""NIST.IR.8259A.pdf"", ""excerpt"": ""...ble any local and network interfaces that are not necessary for the core functionality of the device 2. The ability to logically restrict access to each network interface to only authorized entities (e.g., device authentication, user authentication) 3. Configuration settings for use with the Device Configuration capability including, but not limited to, the ability to enable, disable, and adjust thresholds for any ability the device might have to lock or disable an account or to delay additional authentication attempts after too many failed authentication attempts \u2022 This capability supports vulnerability management, access management, d...""}, {""chunk_id"": ""NIST.SP.800-213A-0037"", ""source"": ""NIST.SP.800-213A.pdf"", ""excerpt"": ""...ort authentication methods. Discussion: To control logical access to interfaces, the IoT device may need to support adequate authentication methods. Some IoT devices or organizations may need support for Personal Identity Verification (PIV). More information about PIV can be found in FIPS 201-2 [ FIPS-201]. Related SP 800-53 Rev. 5 Controls: AC-17(10), IA-2, IA-2(1), IA-2(2), IA-6 Requirements that may be necessary: 1. Ability for the IoT device to require authentication prior to connecting to the device, including using remote access. 2. Ability for the IoT device to support and require appropriate authentication. 3. Ability for the Io...""}]",,
AE-057,DDoS,RATE_LIMIT,Reduce immediate flood impact while preserving some telemetry for analysis.,"[{""chunk_id"": ""RFC8576-0012"", ""source"": ""RFC8576.txt"", ""excerpt"": ""...m goes beyond a specific device or an isolated system, since compromised IoT systems can be misused at scale. For example, they may be used to perform a Distributed Denial of Service (DDoS) attack that limits the availability of other networks and services. The fact that many IoT systems rely on standard IP protocols allows for easier system integration, but this also makes attacks on standard IP protocols widely applicable in other environments. This results in new requirements regarding the implementation of security. The term \""security\"" subsumes a wide range of primitives, protocols, and procedures. For instance, it includes services...""}, {""chunk_id"": ""RFC8576-0021"", ""source"": ""RFC8576.txt"", ""excerpt"": ""This is especially dangerous in the Internet of Things since an attacker might be located in the backend and target resource-constrained devices that are part of a constrained-node network [RFC7228]. A DoS attack can also be launched by physically jamming the communication channel. Network availability can also be disrupted by flooding the network with a large number of packets. On the other hand, things compromised by attackers can be used to disrupt the operation of other networks or systems by means of a Distributed DoS (DDoS) attack. Garcia-Morchon, et al. Informational [Page 11] RFC 8576 IoT Security April 2019 To deal with the above ...""}, {""chunk_id"": ""RFC8576-0044"", ""source"": ""RFC8576.txt"", ""excerpt"": ""protocol cannot be made without tailor-made IoT implementations. 5.1.2. Denial-of-Service Resistance The tight memory and processing constraints of things naturally alleviate resource-exhaustion attacks. Especially in unattended T2T communication, such attacks are difficult to notice before the service becomes unavailable (for example, because of battery or memory exhaustion). As a DoS countermeasure, DTLS, IKEv2, HIP, and Diet HIP implement return routability checks based on a cookie mechanism to delay the establishment of state at the responding host until the address of the initiating host is verified. The effectiveness of these defense...""}]",,
AE-058,Benign,INCREASE_LOGGING,"Increase observability to capture additional context for a low-confidence, non-confirmed event.","[{""chunk_id"": ""NIST.SP.800-61r3-0055"", ""source"": ""NIST.SP.800-61r3.pdf"", ""excerpt"": ""..., find cybersecurity incidents. DE.CM (Continuous Monitoring) Assets are monitored to find anomalies, indicators of compromise, and other potentially adverse events High R1: Continuous monitoring for unauthorized activity, deviations from expected activity, and changes in security posture should involve the following types of assets at all times: networks and network services; computing hardware and software, runtime environments, and their data; the physical environment; personnel activity and technology usage; and external service provider activities. C1: Consider using cyber threat information with continuous monitoring to help ident...""}, {""chunk_id"": ""NIST.IR.8259A-0022"", ""source"": ""NIST.IR.8259A.pdf"", ""excerpt"": ""ITY CORE BASELINE 10 This publication is available free of charge from: https://doi.org/10.6028/NIST.IR.8259A Device Cybersecurity Capability Common Elements Rationale IoT Reference Examples Cybersecurity State Awareness: The IoT device can report on its cybersecurity state and make that information accessible to authorized entities only. 1. The ability to report the device\u2019s cybersecurity state 2. The ability to differentiate between when a device will likely operate as expected from when it may be in a degraded cybersecurity state 3. The ability to restrict access to the state indicator so only authorized entities can view it 4. The abil...""}, {""chunk_id"": ""NIST.SP.800-213A-0053"", ""source"": ""NIST.SP.800-213A.pdf"", ""excerpt"": ""...uirements that may be necessary: 1. Ability to access information about the IoT device's cybersecurity state and other necessary data. 2. Ability to preserve system state information. (EIM) Event Identification & Monitoring Description: Ability to provide event identification and monitoring capabilities and/or support event identification and monitoring tools interfacing with the device. Discussion: Monitoring for cybersecurity and other adverse events is a component of many organizations\u2019 control set to enable proactive assessment of cybersecurity posture. IoT devices may have to support this kind of monitoring, and the nature of the m...""}]",,
AE-059,DDoS,CAPTURE_TRAFFIC,Collect packet evidence to confirm attack characteristics and support triage.,"[{""chunk_id"": ""RFC8576-0012"", ""source"": ""RFC8576.txt"", ""excerpt"": ""...m goes beyond a specific device or an isolated system, since compromised IoT systems can be misused at scale. For example, they may be used to perform a Distributed Denial of Service (DDoS) attack that limits the availability of other networks and services. The fact that many IoT systems rely on standard IP protocols allows for easier system integration, but this also makes attacks on standard IP protocols widely applicable in other environments. This results in new requirements regarding the implementation of security. The term \""security\"" subsumes a wide range of primitives, protocols, and procedures. For instance, it includes services...""}, {""chunk_id"": ""RFC8576-0021"", ""source"": ""RFC8576.txt"", ""excerpt"": ""This is especially dangerous in the Internet of Things since an attacker might be located in the backend and target resource-constrained devices that are part of a constrained-node network [RFC7228]. A DoS attack can also be launched by physically jamming the communication channel. Network availability can also be disrupted by flooding the network with a large number of packets. On the other hand, things compromised by attackers can be used to disrupt the operation of other networks or systems by means of a Distributed DoS (DDoS) attack. Garcia-Morchon, et al. Informational [Page 11] RFC 8576 IoT Security April 2019 To deal with the above ...""}, {""chunk_id"": ""RFC8576-0044"", ""source"": ""RFC8576.txt"", ""excerpt"": ""protocol cannot be made without tailor-made IoT implementations. 5.1.2. Denial-of-Service Resistance The tight memory and processing constraints of things naturally alleviate resource-exhaustion attacks. Especially in unattended T2T communication, such attacks are difficult to notice before the service becomes unavailable (for example, because of battery or memory exhaustion). As a DoS countermeasure, DTLS, IKEv2, HIP, and Diet HIP implement return routability checks based on a cookie mechanism to delay the establishment of state at the responding host until the address of the initiating host is verified. The effectiveness of these defense...""}]",,
AE-060,Mirai,INCREASE_LOGGING,Collect more telemetry because the alert is below confidence threshold and device identity is not validated.,"[{""chunk_id"": ""NIST.SP.800-61r3-0055"", ""source"": ""NIST.SP.800-61r3.pdf"", ""excerpt"": ""... and, in turn, find cybersecurity incidents. DE.CM (Continuous Monitoring) Assets are monitored to find anomalies, indicators of compromise, and other potentially adverse events High R1: Continuous monitoring for unauthorized activity, deviations from expected activity, and changes in security posture should involve the following types of assets at all times: networks and network services; computing hardware and software, runtime environments, and their data; the physical environment; personnel activity and technology usage; and external service provider activities. C1: Consider using cyber threat information with continuous monitoring ...""}, {""chunk_id"": ""NIST.SP.800-61r3-0056"", ""source"": ""NIST.SP.800-61r3.pdf"", ""excerpt"": ""...sful and failed access attempts into all controlled areas, the movement of people and equipment into and out of secure areas of facilities, and signs of tampering with physical access controls. DE.CM-03 Personnel activity and technology usage are monitored to find potentially adverse events High R1: Monitoring personnel activity and technology usage should include anomalous user activity or unusual patterns of activity, authentication and logical access attempts, and the use of deception technology. DE.CM-06 External service provider activities and services are monitored to find potentially adverse events High R1: Monitoring external se...""}]",,
AE-061,Benign,NOTIFY_OPERATOR,Provides awareness to an operator while keeping the response bounded and non-disruptive.,"[{""chunk_id"": ""NIST.SP.800-61r3-0055"", ""source"": ""NIST.SP.800-61r3.pdf"", ""excerpt"": ""..., find cybersecurity incidents. DE.CM (Continuous Monitoring) Assets are monitored to find anomalies, indicators of compromise, and other potentially adverse events High R1: Continuous monitoring for unauthorized activity, deviations from expected activity, and changes in security posture should involve the following types of assets at all times: networks and network services; computing hardware and software, runtime environments, and their data; the physical environment; personnel activity and technology usage; and external service provider activities. C1: Consider using cyber threat information with continuous monitoring to help ident...""}, {""chunk_id"": ""NIST.SP.800-213A-0053"", ""source"": ""NIST.SP.800-213A.pdf"", ""excerpt"": ""...uirements that may be necessary: 1. Ability to access information about the IoT device's cybersecurity state and other necessary data. 2. Ability to preserve system state information. (EIM) Event Identification & Monitoring Description: Ability to provide event identification and monitoring capabilities and/or support event identification and monitoring tools interfacing with the device. Discussion: Monitoring for cybersecurity and other adverse events is a component of many organizations\u2019 control set to enable proactive assessment of cybersecurity posture. IoT devices may have to support this kind of monitoring, and the nature of the m...""}, {""chunk_id"": ""NIST.IR.8259A-0022"", ""source"": ""NIST.IR.8259A.pdf"", ""excerpt"": ""ITY CORE BASELINE 10 This publication is available free of charge from: https://doi.org/10.6028/NIST.IR.8259A Device Cybersecurity Capability Common Elements Rationale IoT Reference Examples Cybersecurity State Awareness: The IoT device can report on its cybersecurity state and make that information accessible to authorized entities only. 1. The ability to report the device\u2019s cybersecurity state 2. The ability to differentiate between when a device will likely operate as expected from when it may be in a degraded cybersecurity state 3. The ability to restrict access to the state indicator so only authorized entities can view it 4. The abil...""}]",,
AE-062,DDoS,RATE_LIMIT,Reduce probable flood intensity while preserving limited service availability.,"[{""chunk_id"": ""RFC8576-0044"", ""source"": ""RFC8576.txt"", ""excerpt"": ""protocol cannot be made without tailor-made IoT implementations. 5.1.2. Denial-of-Service Resistance The tight memory and processing constraints of things naturally alleviate resource-exhaustion attacks. Especially in unattended T2T communication, such attacks are difficult to notice before the service becomes unavailable (for example, because of battery or memory exhaustion). As a DoS countermeasure, DTLS, IKEv2, HIP, and Diet HIP implement return routability checks based on a cookie mechanism to delay the establishment of state at the responding host until the address of the initiating host is verified. The effectiveness of these defense...""}, {""chunk_id"": ""RFC8576-0020"", ""source"": ""RFC8576.txt"", ""excerpt"": ""...on of privilege: An attacker with low privileges can misuse additional flaws in the implemented authentication and authorization mechanisms of a thing to gain more privileged access to the thing and its data. 11. Denial of Service (DoS) attack: Often things have very limited memory and computation capabilities. Therefore, they are vulnerable to resource-exhaustion attack. Attackers can continuously send requests to specific things so as to deplete their resources. This is especially dangerous in the Internet of Things since an attacker might be located in the backend and target resource-constrained devices that are part of a constrained-no""}, {""chunk_id"": ""ETSI.EN.303.645.V3.1.3-0035"", ""source"": ""ETSI.EN.303.645.V3.1.3.pdf"", ""excerpt"": ""...credential stuffing\"" or exhaust an entire key-space. It is important that these types of attacks are detected by the consumer IoT device and defended against, whilst guarding against a related threat of \""resource exhaustion\"" and denial of service attacks. 5.2 Implement a means to manage reports of vulnerabilities Manufacturers that provide IoT products have a duty of care to consumers and third parties who can be harmed by their failure to have a CVD programme in place. Additionally, companies that share this information through industry bodies can assist others who can be suffering from the same problem. Disclosures can comprise differ...""}]",,
AE-063,Spoofing,CAPTURE_TRAFFIC,"Preserve packet evidence for offline validation of source behavior, handshake patterns, and potential address impersonation.","[{""chunk_id"": ""ETSI.EN.303.645.V3.1.3-0078"", ""source"": ""ETSI.EN.303.645.V3.1.3.pdf"", ""excerpt"": ""...13 Validate input data Provision 5.13-1 Void. Provision 5.13-1A Data input at application layer to the device via user interfaces shall be validated by the device regarding unexpected data input to prevent system manipulations and failures. EXAMPLE 1: Manipulation of the integrated database via SQL injection over a user interface is mitigated via discarding invalid data input. Systems can be subverted by incorrectly formatted data or code transferred across different types of interface. Automated tools such as fuzzers can be used by attackers or testers to exploit potential gaps and weaknesses that emerge as a result of not validating d...""}, {""chunk_id"": ""ETSI.EN.303.645.V3.1.3-0079"", ""source"": ""ETSI.EN.303.645.V3.1.3.pdf"", ""excerpt"": ""xploit potential gaps and weaknesses that emerge as a result of not validating data. EXAMPLE 2: The consumer IoT device receives data that is not of the expected type, for example executable code rather than user inputted text. The software on the consumer IoT device has been written so that the input is parameterized or \""escaped\"", preventing this code from being run. Provision 5.13-1B Data input at application layer to the device via network interfaces shall be validated by the device regarding unexpected data input to prevent system manipulations and failures. NOTE: This includes network accessible APIs without prior authentication and n...""}]",,
AE-064,Spoofing,NOTIFY_OPERATOR,Human review is appropriate because mitigation must be gateway-scoped and evidence-based.,"[{""chunk_id"": ""ETSI.EN.303.645.V3.1.3-0078"", ""source"": ""ETSI.EN.303.645.V3.1.3.pdf"", ""excerpt"": ""...13 Validate input data Provision 5.13-1 Void. Provision 5.13-1A Data input at application layer to the device via user interfaces shall be validated by the device regarding unexpected data input to prevent system manipulations and failures. EXAMPLE 1: Manipulation of the integrated database via SQL injection over a user interface is mitigated via discarding invalid data input. Systems can be subverted by incorrectly formatted data or code transferred across different types of interface. Automated tools such as fuzzers can be used by attackers or testers to exploit potential gaps and weaknesses that emerge as a result of not validating d...""}, {""chunk_id"": ""ETSI.EN.303.645.V3.1.3-0079"", ""source"": ""ETSI.EN.303.645.V3.1.3.pdf"", ""excerpt"": ""xploit potential gaps and weaknesses that emerge as a result of not validating data. EXAMPLE 2: The consumer IoT device receives data that is not of the expected type, for example executable code rather than user inputted text. The software on the consumer IoT device has been written so that the input is parameterized or \""escaped\"", preventing this code from being run. Provision 5.13-1B Data input at application layer to the device via network interfaces shall be validated by the device regarding unexpected data input to prevent system manipulations and failures. NOTE: This includes network accessible APIs without prior authentication and n...""}]",,
AE-065,Spoofing,INCREASE_LOGGING,Collect more evidence because confidence is just below threshold and the alert lacks a validated device identifier.,"[{""chunk_id"": ""NIST.SP.800-213A-0037"", ""source"": ""NIST.SP.800-213A.pdf"", ""excerpt"": ""...ort authentication methods. Discussion: To control logical access to interfaces, the IoT device may need to support adequate authentication methods. Some IoT devices or organizations may need support for Personal Identity Verification (PIV). More information about PIV can be found in FIPS 201-2 [ FIPS-201]. Related SP 800-53 Rev. 5 Controls: AC-17(10), IA-2, IA-2(1), IA-2(2), IA-6 Requirements that may be necessary: 1. Ability for the IoT device to require authentication prior to connecting to the device, including using remote access. 2. Ability for the IoT device to support and require appropriate authentication. 3. Ability for the Io...""}, {""chunk_id"": ""NIST.IR.8259A-0018"", ""source"": ""NIST.IR.8259A.pdf"", ""excerpt"": ""...ble any local and network interfaces that are not necessary for the core functionality of the device 2. The ability to logically restrict access to each network interface to only authorized entities (e.g., device authentication, user authentication) 3. Configuration settings for use with the Device Configuration capability including, but not limited to, the ability to enable, disable, and adjust thresholds for any ability the device might have to lock or disable an account or to delay additional authentication attempts after too many failed authentication attempts \u2022 This capability supports vulnerability management, access management, d...""}, {""chunk_id"": ""NIST.SP.800-213A-0038"", ""source"": ""NIST.SP.800-213A.pdf"", ""excerpt"": ""... Ability for the IoT device to hide or mask authentication information during authentication process. NIST SP 800-213A GUIDANCE FOR THE FEDERAL GOVERNMENT IOT DEVICE CYBERSECURITY REQUIREMENT CATALOG LA - LOGICAL ACCESS TO INTERFACES 21 This publication is available free of charge from: https://doi.org/10.6028/NIST.SP.800-213A 5. Ability to use federated authentication technologies (e.g., SAML, OAuth2, or Active Directory/Azure Active Directory). (ACF) Authentication Configuration Description: Ability to require, or not require, authentication to, and/or identification of, the IoT device, and to establish authentication and identificati...""}]",,
AE-066,Benign,MONITOR,High-confidence benign classification with no strong malicious signals supports continued observation only.,"[{""chunk_id"": ""ETSI.EN.303.645.V3.1.3-0034"", ""source"": ""ETSI.EN.303.645.V3.1.3.pdf"", ""excerpt"": ""device shall provide to the user or an administrator a simple mechanism to change the authentication value used. EXAMPLE 3: For biometric authentication values the device manufacturer allows this change in authentication value through retraining against a new biometric. EXAMPLE 4: A parent in a household creates an account on the consumer IoT device for their child and selects and manages the PIN or password that the child uses. The parent is an administrator on the consumer IoT device and can restrict the child from changing the PIN or password. EXAMPLE 5: To make it simple for the user to change a password, the manufacturer designs the p...""}, {""chunk_id"": ""NIST.IR.8259A-0018"", ""source"": ""NIST.IR.8259A.pdf"", ""excerpt"": ""...ble any local and network interfaces that are not necessary for the core functionality of the device 2. The ability to logically restrict access to each network interface to only authorized entities (e.g., device authentication, user authentication) 3. Configuration settings for use with the Device Configuration capability including, but not limited to, the ability to enable, disable, and adjust thresholds for any ability the device might have to lock or disable an account or to delay additional authentication attempts after too many failed authentication attempts \u2022 This capability supports vulnerability management, access management, d...""}]",,
AE-067,DoS,NOTIFY_OPERATOR,Human review is warranted because the alert is high-confidence but device identity is unverified.,"[{""chunk_id"": ""NIST.IR.8259A-0018"", ""source"": ""NIST.IR.8259A.pdf"", ""excerpt"": ""...ogical Access to Interfaces: The IoT device can restrict logical access to its local and network interfaces, and the protocols and services used by those interfaces, to authorized entities only. 1. The ability to logically or physically disable any local and network interfaces that are not necessary for the core functionality of the device 2. The ability to logically restrict access to each network interface to only authorized entities (e.g., device authentication, user authentication) 3. Configuration settings for use with the Device Configuration capability including, but not limited to, the ability to enable, disable, and adjust thre...""}, {""chunk_id"": ""NIST.SP.800-213A-0048"", ""source"": ""NIST.SP.800-213A.pdf"", ""excerpt"": ""NIST.SP.800-213A 3. Ability to logically or physically disable any local and network interfaces that are not necessary for the core functionality of the device. 4. Ability to restrict updating actions to authorized entities. 5. Ability to restrict access to the cybersecurity state indicator to authorized entities. 6. Ability to restrict use of IoT device services. 7. Ability to enforce the established local and remote access requirements. 8. Ability to prevent external access to the IoT device management interface. 9. Ability to control the IoT device\u2019s logical interface (e.g., locally or remotely). 10. Ability to change IoT device logical...""}]",,
AE-068,Recon,INCREASE_LOGGING,Increase visibility on the implicated gateway flow profile to capture follow-on indicators and support validation of recon behavior.,"[{""chunk_id"": ""NIST.SP.800-61r3-0055"", ""source"": ""NIST.SP.800-61r3.pdf"", ""excerpt"": ""... and, in turn, find cybersecurity incidents. DE.CM (Continuous Monitoring) Assets are monitored to find anomalies, indicators of compromise, and other potentially adverse events High R1: Continuous monitoring for unauthorized activity, deviations from expected activity, and changes in security posture should involve the following types of assets at all times: networks and network services; computing hardware and software, runtime environments, and their data; the physical environment; personnel activity and technology usage; and external service provider activities. C1: Consider using cyber threat information with continuous monitoring ...""}, {""chunk_id"": ""NIST.SP.800-61r3-0056"", ""source"": ""NIST.SP.800-61r3.pdf"", ""excerpt"": ""...sful and failed access attempts into all controlled areas, the movement of people and equipment into and out of secure areas of facilities, and signs of tampering with physical access controls. DE.CM-03 Personnel activity and technology usage are monitored to find potentially adverse events High R1: Monitoring personnel activity and technology usage should include anomalous user activity or unusual patterns of activity, authentication and logical access attempts, and the use of deception technology. DE.CM-06 External service provider activities and services are monitored to find potentially adverse events High R1: Monitoring external se...""}, {""chunk_id"": ""NIST.SP.800-213-0058"", ""source"": ""NIST.SP.800-213.pdf"", ""excerpt"": ""...rest of a system might. For example, IoT devices with a short lifespan, limited functionality, or limited accessibility may not be subject to some threat sources (e.g., attackers aiming to do medium- to long-term reconnaissance) or some events (e.g., those that require extended, consistent network access). IoT devices will often have many of the same threat sources and events as the existing information system. There may be a set of unique IoT device threat sources and events as well as some information system threat sources and events that do not apply to the IoT device. In this sense, there are two classes when comparing threat source...""}]",,
AE-069,Spoofing,INCREASE_LOGGING,Collect additional telemetry to distinguish spoofing from benign bursty traffic.,"[{""chunk_id"": ""RFC8520-0022"", ""source"": ""RFC8520.txt"", ""excerpt"": ""...ne side of an access list is implicit, based on whether it is applied as to-device-policy or from-device-policy. With the exceptions of the \""name\"" of the ACL, \""type\"", \""name\"" of the Access Control Entry (ACE), and TCP and UDP source and destination port information, publishers of MUD files SHOULD limit the use of ACL model leaf nodes expressed to those found in this specification. Absent any extensions, MUD files are assumed to implement only the following ACL model features: o match-on-ipv4, match-on-ipv6, match-on-tcp, match-on-udp, match-on-icmp Furthermore, only \""accept\"" or \""drop\"" actions SHOULD be included. A MUD manager MAY choose ...""}, {""chunk_id"": ""NIST.IR.8259A-0018"", ""source"": ""NIST.IR.8259A.pdf"", ""excerpt"": ""...ble any local and network interfaces that are not necessary for the core functionality of the device 2. The ability to logically restrict access to each network interface to only authorized entities (e.g., device authentication, user authentication) 3. Configuration settings for use with the Device Configuration capability including, but not limited to, the ability to enable, disable, and adjust thresholds for any ability the device might have to lock or disable an account or to delay additional authentication attempts after too many failed authentication attempts \u2022 This capability supports vulnerability management, access management, d...""}, {""chunk_id"": ""NIST.SP.800-213A-0037"", ""source"": ""NIST.SP.800-213A.pdf"", ""excerpt"": ""...ort authentication methods. Discussion: To control logical access to interfaces, the IoT device may need to support adequate authentication methods. Some IoT devices or organizations may need support for Personal Identity Verification (PIV). More information about PIV can be found in FIPS 201-2 [ FIPS-201]. Related SP 800-53 Rev. 5 Controls: AC-17(10), IA-2, IA-2(1), IA-2(2), IA-6 Requirements that may be necessary: 1. Ability for the IoT device to require authentication prior to connecting to the device, including using remote access. 2. Ability for the IoT device to support and require appropriate authentication. 3. Ability for the Io...""}]",,
AE-070,Benign,CAPTURE_TRAFFIC,Useful for confirming whether the observed profile is benign or reflects emerging misuse without assuming device identity.,"[{""chunk_id"": ""ETSI.EN.303.645.V3.1.3-0034"", ""source"": ""ETSI.EN.303.645.V3.1.3.pdf"", ""excerpt"": ""device shall provide to the user or an administrator a simple mechanism to change the authentication value used. EXAMPLE 3: For biometric authentication values the device manufacturer allows this change in authentication value through retraining against a new biometric. EXAMPLE 4: A parent in a household creates an account on the consumer IoT device for their child and selects and manages the PIN or password that the child uses. The parent is an administrator on the consumer IoT device and can restrict the child from changing the PIN or password. EXAMPLE 5: To make it simple for the user to change a password, the manufacturer designs the p...""}, {""chunk_id"": ""ETSI.EN.303.645.V3.1.3-0060"", ""source"": ""ETSI.EN.303.645.V3.1.3.pdf"", ""excerpt"": ""...e technology, risk and usage. Provision 5.5-7 The consumer IoT device shall protect the confidentiality of critical security parameters that are communicated via remotely accessible network interfaces. ETSI ETSI EN 303 645 V3.1.3 (2024-09) 22 Many different methods exist for enrolment and authentication. Some authentication values are provided by out-of-band authentication mechanisms, such as a QR code, and some are human-readable, such as a password. Where an authentication mechanism uses unique values per authentication attempt (e.g. in a challenge-response mechanism or when using one time passwords as a second factor), the response is n""}, {""chunk_id"": ""NIST.IR.8259A-0018"", ""source"": ""NIST.IR.8259A.pdf"", ""excerpt"": ""...ble any local and network interfaces that are not necessary for the core functionality of the device 2. The ability to logically restrict access to each network interface to only authorized entities (e.g., device authentication, user authentication) 3. Configuration settings for use with the Device Configuration capability including, but not limited to, the ability to enable, disable, and adjust thresholds for any ability the device might have to lock or disable an account or to delay additional authentication attempts after too many failed authentication attempts \u2022 This capability supports vulnerability management, access management, d...""}]",,
AE-071,DoS,CAPTURE_TRAFFIC,Collect packet-level evidence to validate attack pattern and refine containment without assuming device identity.,"[{""chunk_id"": ""NIST.IR.8259A-0018"", ""source"": ""NIST.IR.8259A.pdf"", ""excerpt"": ""...ogical Access to Interfaces: The IoT device can restrict logical access to its local and network interfaces, and the protocols and services used by those interfaces, to authorized entities only. 1. The ability to logically or physically disable any local and network interfaces that are not necessary for the core functionality of the device 2. The ability to logically restrict access to each network interface to only authorized entities (e.g., device authentication, user authentication) 3. Configuration settings for use with the Device Configuration capability including, but not limited to, the ability to enable, disable, and adjust thre...""}, {""chunk_id"": ""NIST.SP.800-213A-0048"", ""source"": ""NIST.SP.800-213A.pdf"", ""excerpt"": ""NIST.SP.800-213A 3. Ability to logically or physically disable any local and network interfaces that are not necessary for the core functionality of the device. 4. Ability to restrict updating actions to authorized entities. 5. Ability to restrict access to the cybersecurity state indicator to authorized entities. 6. Ability to restrict use of IoT device services. 7. Ability to enforce the established local and remote access requirements. 8. Ability to prevent external access to the IoT device management interface. 9. Ability to control the IoT device\u2019s logical interface (e.g., locally or remotely). 10. Ability to change IoT device logical...""}]",,
AE-072,DoS,RATE_LIMIT,Throttle the suspicious flow profile to reduce service-impact risk while preserving visibility.,"[{""chunk_id"": ""RFC8576-0020"", ""source"": ""RFC8576.txt"", ""excerpt"": ""...on of privilege: An attacker with low privileges can misuse additional flaws in the implemented authentication and authorization mechanisms of a thing to gain more privileged access to the thing and its data. 11. Denial of Service (DoS) attack: Often things have very limited memory and computation capabilities. Therefore, they are vulnerable to resource-exhaustion attack. Attackers can continuously send requests to specific things so as to deplete their resources. This is especially dangerous in the Internet of Things since an attacker might be located in the backend and target resource-constrained devices that are part of a constrained-no""}, {""chunk_id"": ""RFC8576-0044"", ""source"": ""RFC8576.txt"", ""excerpt"": ""protocol cannot be made without tailor-made IoT implementations. 5.1.2. Denial-of-Service Resistance The tight memory and processing constraints of things naturally alleviate resource-exhaustion attacks. Especially in unattended T2T communication, such attacks are difficult to notice before the service becomes unavailable (for example, because of battery or memory exhaustion). As a DoS countermeasure, DTLS, IKEv2, HIP, and Diet HIP implement return routability checks based on a cookie mechanism to delay the establishment of state at the responding host until the address of the initiating host is verified. The effectiveness of these defense...""}]",,
AE-073,DDoS,CAPTURE_TRAFFIC,Collect packet/flow evidence to confirm pattern and support incident handling.,"[{""chunk_id"": ""RFC8576-0044"", ""source"": ""RFC8576.txt"", ""excerpt"": ""protocol cannot be made without tailor-made IoT implementations. 5.1.2. Denial-of-Service Resistance The tight memory and processing constraints of things naturally alleviate resource-exhaustion attacks. Especially in unattended T2T communication, such attacks are difficult to notice before the service becomes unavailable (for example, because of battery or memory exhaustion). As a DoS countermeasure, DTLS, IKEv2, HIP, and Diet HIP implement return routability checks based on a cookie mechanism to delay the establishment of state at the responding host until the address of the initiating host is verified. The effectiveness of these defense...""}, {""chunk_id"": ""ETSI.EN.303.645.V3.1.3-0035"", ""source"": ""ETSI.EN.303.645.V3.1.3.pdf"", ""excerpt"": ""...credential stuffing\"" or exhaust an entire key-space. It is important that these types of attacks are detected by the consumer IoT device and defended against, whilst guarding against a related threat of \""resource exhaustion\"" and denial of service attacks. 5.2 Implement a means to manage reports of vulnerabilities Manufacturers that provide IoT products have a duty of care to consumers and third parties who can be harmed by their failure to have a CVD programme in place. Additionally, companies that share this information through industry bodies can assist others who can be suffering from the same problem. Disclosures can comprise differ...""}, {""chunk_id"": ""RFC8576-0020"", ""source"": ""RFC8576.txt"", ""excerpt"": ""...on of privilege: An attacker with low privileges can misuse additional flaws in the implemented authentication and authorization mechanisms of a thing to gain more privileged access to the thing and its data. 11. Denial of Service (DoS) attack: Often things have very limited memory and computation capabilities. Therefore, they are vulnerable to resource-exhaustion attack. Attackers can continuously send requests to specific things so as to deplete their resources. This is especially dangerous in the Internet of Things since an attacker might be located in the backend and target resource-constrained devices that are part of a constrained-no""}]",,
AE-074,Recon,NOTIFY_OPERATOR,Operator review is appropriate because the alert is high confidence but device identity is not validated.,"[{""chunk_id"": ""NIST.SP.800-213A-0037"", ""source"": ""NIST.SP.800-213A.pdf"", ""excerpt"": ""...ort authentication methods. Discussion: To control logical access to interfaces, the IoT device may need to support adequate authentication methods. Some IoT devices or organizations may need support for Personal Identity Verification (PIV). More information about PIV can be found in FIPS 201-2 [ FIPS-201]. Related SP 800-53 Rev. 5 Controls: AC-17(10), IA-2, IA-2(1), IA-2(2), IA-6 Requirements that may be necessary: 1. Ability for the IoT device to require authentication prior to connecting to the device, including using remote access. 2. Ability for the IoT device to support and require appropriate authentication. 3. Ability for the Io...""}, {""chunk_id"": ""NIST.IR.8259A-0018"", ""source"": ""NIST.IR.8259A.pdf"", ""excerpt"": ""...ble any local and network interfaces that are not necessary for the core functionality of the device 2. The ability to logically restrict access to each network interface to only authorized entities (e.g., device authentication, user authentication) 3. Configuration settings for use with the Device Configuration capability including, but not limited to, the ability to enable, disable, and adjust thresholds for any ability the device might have to lock or disable an account or to delay additional authentication attempts after too many failed authentication attempts \u2022 This capability supports vulnerability management, access management, d...""}, {""chunk_id"": ""NIST.SP.800-213A-0038"", ""source"": ""NIST.SP.800-213A.pdf"", ""excerpt"": ""...OAuth2, or Active Directory/Azure Active Directory). (ACF) Authentication Configuration Description: Ability to require, or not require, authentication to, and/or identification of, the IoT device, and to establish authentication and identification configuration and display requirements. Discussion: Organizations may need to configure aspects of the authentication mechanism present in the IoT device to conform with access control security requirements. This sub- capability can support application of organizational policies around access privilege management, such as the management of access accounts and privileges of those accounts. Relate""}]",,
AE-075,DoS,RATE_LIMIT,Reduce the impact of sustained high-rate traffic while preserving bounded connectivity.,"[{""chunk_id"": ""NIST.IR.8259A-0018"", ""source"": ""NIST.IR.8259A.pdf"", ""excerpt"": ""...ogical Access to Interfaces: The IoT device can restrict logical access to its local and network interfaces, and the protocols and services used by those interfaces, to authorized entities only. 1. The ability to logically or physically disable any local and network interfaces that are not necessary for the core functionality of the device 2. The ability to logically restrict access to each network interface to only authorized entities (e.g., device authentication, user authentication) 3. Configuration settings for use with the Device Configuration capability including, but not limited to, the ability to enable, disable, and adjust thre...""}, {""chunk_id"": ""NIST.SP.800-213A-0048"", ""source"": ""NIST.SP.800-213A.pdf"", ""excerpt"": ""NIST.SP.800-213A 3. Ability to logically or physically disable any local and network interfaces that are not necessary for the core functionality of the device. 4. Ability to restrict updating actions to authorized entities. 5. Ability to restrict access to the cybersecurity state indicator to authorized entities. 6. Ability to restrict use of IoT device services. 7. Ability to enforce the established local and remote access requirements. 8. Ability to prevent external access to the IoT device management interface. 9. Ability to control the IoT device\u2019s logical interface (e.g., locally or remotely). 10. Ability to change IoT device logical...""}]",,
AE-076,DoS,INCREASE_LOGGING,Collect additional evidence for validation and attribution since no device identifier is available.,"[{""chunk_id"": ""NIST.IR.8259A-0018"", ""source"": ""NIST.IR.8259A.pdf"", ""excerpt"": ""...ogical Access to Interfaces: The IoT device can restrict logical access to its local and network interfaces, and the protocols and services used by those interfaces, to authorized entities only. 1. The ability to logically or physically disable any local and network interfaces that are not necessary for the core functionality of the device 2. The ability to logically restrict access to each network interface to only authorized entities (e.g., device authentication, user authentication) 3. Configuration settings for use with the Device Configuration capability including, but not limited to, the ability to enable, disable, and adjust thre...""}, {""chunk_id"": ""NIST.SP.800-213A-0048"", ""source"": ""NIST.SP.800-213A.pdf"", ""excerpt"": ""NIST.SP.800-213A 3. Ability to logically or physically disable any local and network interfaces that are not necessary for the core functionality of the device. 4. Ability to restrict updating actions to authorized entities. 5. Ability to restrict access to the cybersecurity state indicator to authorized entities. 6. Ability to restrict use of IoT device services. 7. Ability to enforce the established local and remote access requirements. 8. Ability to prevent external access to the IoT device management interface. 9. Ability to control the IoT device\u2019s logical interface (e.g., locally or remotely). 10. Ability to change IoT device logical...""}]",,
AE-077,Recon,NOTIFY_OPERATOR,Route to human review because the detector escalated despite low confidence and no validated device identifier.,"[{""chunk_id"": ""NIST.SP.800-61r3-0055"", ""source"": ""NIST.SP.800-61r3.pdf"", ""excerpt"": ""... and, in turn, find cybersecurity incidents. DE.CM (Continuous Monitoring) Assets are monitored to find anomalies, indicators of compromise, and other potentially adverse events High R1: Continuous monitoring for unauthorized activity, deviations from expected activity, and changes in security posture should involve the following types of assets at all times: networks and network services; computing hardware and software, runtime environments, and their data; the physical environment; personnel activity and technology usage; and external service provider activities. C1: Consider using cyber threat information with continuous monitoring ...""}, {""chunk_id"": ""NIST.SP.800-213-0058"", ""source"": ""NIST.SP.800-213.pdf"", ""excerpt"": ""...rest of a system might. For example, IoT devices with a short lifespan, limited functionality, or limited accessibility may not be subject to some threat sources (e.g., attackers aiming to do medium- to long-term reconnaissance) or some events (e.g., those that require extended, consistent network access). IoT devices will often have many of the same threat sources and events as the existing information system. There may be a set of unique IoT device threat sources and events as well as some information system threat sources and events that do not apply to the IoT device. In this sense, there are two classes when comparing threat source...""}]",,
AE-078,Mirai,RESTRICT_EGRESS,Contain likely botnet-like outbound activity while minimizing disruption to unrelated traffic.,"[{""chunk_id"": ""NIST.SP.800-61r3-0055"", ""source"": ""NIST.SP.800-61r3.pdf"", ""excerpt"": ""... and, in turn, find cybersecurity incidents. DE.CM (Continuous Monitoring) Assets are monitored to find anomalies, indicators of compromise, and other potentially adverse events High R1: Continuous monitoring for unauthorized activity, deviations from expected activity, and changes in security posture should involve the following types of assets at all times: networks and network services; computing hardware and software, runtime environments, and their data; the physical environment; personnel activity and technology usage; and external service provider activities. C1: Consider using cyber threat information with continuous monitoring ...""}, {""chunk_id"": ""NIST.SP.800-61r3-0056"", ""source"": ""NIST.SP.800-61r3.pdf"", ""excerpt"": ""...sful and failed access attempts into all controlled areas, the movement of people and equipment into and out of secure areas of facilities, and signs of tampering with physical access controls. DE.CM-03 Personnel activity and technology usage are monitored to find potentially adverse events High R1: Monitoring personnel activity and technology usage should include anomalous user activity or unusual patterns of activity, authentication and logical access attempts, and the use of deception technology. DE.CM-06 External service provider activities and services are monitored to find potentially adverse events High R1: Monitoring external se...""}, {""chunk_id"": ""NIST.SP.800-213-0058"", ""source"": ""NIST.SP.800-213.pdf"", ""excerpt"": ""...rest of a system might. For example, IoT devices with a short lifespan, limited functionality, or limited accessibility may not be subject to some threat sources (e.g., attackers aiming to do medium- to long-term reconnaissance) or some events (e.g., those that require extended, consistent network access). IoT devices will often have many of the same threat sources and events as the existing information system. There may be a set of unique IoT device threat sources and events as well as some information system threat sources and events that do not apply to the IoT device. In this sense, there are two classes when comparing threat source...""}]",,
AE-079,DDoS,INCREASE_LOGGING,Capture higher-fidelity telemetry to confirm whether the observed high-rate pattern is sustained and externally directed.,"[{""chunk_id"": ""RFC8576-0012"", ""source"": ""RFC8576.txt"", ""excerpt"": ""...m goes beyond a specific device or an isolated system, since compromised IoT systems can be misused at scale. For example, they may be used to perform a Distributed Denial of Service (DDoS) attack that limits the availability of other networks and services. The fact that many IoT systems rely on standard IP protocols allows for easier system integration, but this also makes attacks on standard IP protocols widely applicable in other environments. This results in new requirements regarding the implementation of security. The term \""security\"" subsumes a wide range of primitives, protocols, and procedures. For instance, it includes services...""}, {""chunk_id"": ""RFC8576-0021"", ""source"": ""RFC8576.txt"", ""excerpt"": ""This is especially dangerous in the Internet of Things since an attacker might be located in the backend and target resource-constrained devices that are part of a constrained-node network [RFC7228]. A DoS attack can also be launched by physically jamming the communication channel. Network availability can also be disrupted by flooding the network with a large number of packets. On the other hand, things compromised by attackers can be used to disrupt the operation of other networks or systems by means of a Distributed DoS (DDoS) attack. Garcia-Morchon, et al. Informational [Page 11] RFC 8576 IoT Security April 2019 To deal with the above ...""}, {""chunk_id"": ""RFC8576-0044"", ""source"": ""RFC8576.txt"", ""excerpt"": ""protocol cannot be made without tailor-made IoT implementations. 5.1.2. Denial-of-Service Resistance The tight memory and processing constraints of things naturally alleviate resource-exhaustion attacks. Especially in unattended T2T communication, such attacks are difficult to notice before the service becomes unavailable (for example, because of battery or memory exhaustion). As a DoS countermeasure, DTLS, IKEv2, HIP, and Diet HIP implement return routability checks based on a cookie mechanism to delay the establishment of state at the responding host until the address of the initiating host is verified. The effectiveness of these defense...""}]",,
AE-080,BruteForce,INCREASE_LOGGING,Collect more evidence to distinguish brute-force behavior from normal retransmissions or bursty client activity.,"[{""chunk_id"": ""RFC8576-0012"", ""source"": ""RFC8576.txt"", ""excerpt"": ""...m goes beyond a specific device or an isolated system, since compromised IoT systems can be misused at scale. For example, they may be used to perform a Distributed Denial of Service (DDoS) attack that limits the availability of other networks and services. The fact that many IoT systems rely on standard IP protocols allows for easier system integration, but this also makes attacks on standard IP protocols widely applicable in other environments. This results in new requirements regarding the implementation of security. The term \""security\"" subsumes a wide range of primitives, protocols, and procedures. For instance, it includes services...""}, {""chunk_id"": ""RFC8576-0021"", ""source"": ""RFC8576.txt"", ""excerpt"": ""This is especially dangerous in the Internet of Things since an attacker might be located in the backend and target resource-constrained devices that are part of a constrained-node network [RFC7228]. A DoS attack can also be launched by physically jamming the communication channel. Network availability can also be disrupted by flooding the network with a large number of packets. On the other hand, things compromised by attackers can be used to disrupt the operation of other networks or systems by means of a Distributed DoS (DDoS) attack. Garcia-Morchon, et al. Informational [Page 11] RFC 8576 IoT Security April 2019 To deal with the above ...""}, {""chunk_id"": ""RFC8576-0044"", ""source"": ""RFC8576.txt"", ""excerpt"": ""protocol cannot be made without tailor-made IoT implementations. 5.1.2. Denial-of-Service Resistance The tight memory and processing constraints of things naturally alleviate resource-exhaustion attacks. Especially in unattended T2T communication, such attacks are difficult to notice before the service becomes unavailable (for example, because of battery or memory exhaustion). As a DoS countermeasure, DTLS, IKEv2, HIP, and Diet HIP implement return routability checks based on a cookie mechanism to delay the establishment of state at the responding host until the address of the initiating host is verified. The effectiveness of these defense...""}]",,
AE-081,Recon,INCREASE_LOGGING,Improve visibility for a low-confidence alert and preserve evidence for review.,"[{""chunk_id"": ""NIST.SP.800-61r3-0055"", ""source"": ""NIST.SP.800-61r3.pdf"", ""excerpt"": ""... and, in turn, find cybersecurity incidents. DE.CM (Continuous Monitoring) Assets are monitored to find anomalies, indicators of compromise, and other potentially adverse events High R1: Continuous monitoring for unauthorized activity, deviations from expected activity, and changes in security posture should involve the following types of assets at all times: networks and network services; computing hardware and software, runtime environments, and their data; the physical environment; personnel activity and technology usage; and external service provider activities. C1: Consider using cyber threat information with continuous monitoring ...""}, {""chunk_id"": ""NIST.SP.800-213-0058"", ""source"": ""NIST.SP.800-213.pdf"", ""excerpt"": ""...rest of a system might. For example, IoT devices with a short lifespan, limited functionality, or limited accessibility may not be subject to some threat sources (e.g., attackers aiming to do medium- to long-term reconnaissance) or some events (e.g., those that require extended, consistent network access). IoT devices will often have many of the same threat sources and events as the existing information system. There may be a set of unique IoT device threat sources and events as well as some information system threat sources and events that do not apply to the IoT device. In this sense, there are two classes when comparing threat source...""}]",,
AE-082,Spoofing,NOTIFY_OPERATOR,Human review is appropriate given the high-confidence alert and the inability to tie the flow to a specific device.,"[{""chunk_id"": ""NIST.SP.800-213A-0037"", ""source"": ""NIST.SP.800-213A.pdf"", ""excerpt"": ""...ort authentication methods. Discussion: To control logical access to interfaces, the IoT device may need to support adequate authentication methods. Some IoT devices or organizations may need support for Personal Identity Verification (PIV). More information about PIV can be found in FIPS 201-2 [ FIPS-201]. Related SP 800-53 Rev. 5 Controls: AC-17(10), IA-2, IA-2(1), IA-2(2), IA-6 Requirements that may be necessary: 1. Ability for the IoT device to require authentication prior to connecting to the device, including using remote access. 2. Ability for the IoT device to support and require appropriate authentication. 3. Ability for the Io...""}, {""chunk_id"": ""NIST.IR.8259A-0018"", ""source"": ""NIST.IR.8259A.pdf"", ""excerpt"": ""...ble any local and network interfaces that are not necessary for the core functionality of the device 2. The ability to logically restrict access to each network interface to only authorized entities (e.g., device authentication, user authentication) 3. Configuration settings for use with the Device Configuration capability including, but not limited to, the ability to enable, disable, and adjust thresholds for any ability the device might have to lock or disable an account or to delay additional authentication attempts after too many failed authentication attempts \u2022 This capability supports vulnerability management, access management, d...""}, {""chunk_id"": ""NIST.SP.800-213A-0038"", ""source"": ""NIST.SP.800-213A.pdf"", ""excerpt"": ""... Ability for the IoT device to hide or mask authentication information during authentication process. NIST SP 800-213A GUIDANCE FOR THE FEDERAL GOVERNMENT IOT DEVICE CYBERSECURITY REQUIREMENT CATALOG LA - LOGICAL ACCESS TO INTERFACES 21 This publication is available free of charge from: https://doi.org/10.6028/NIST.SP.800-213A 5. Ability to use federated authentication technologies (e.g., SAML, OAuth2, or Active Directory/Azure Active Directory). (ACF) Authentication Configuration Description: Ability to require, or not require, authentication to, and/or identification of, the IoT device, and to establish authentication and identificati...""}]",,
AE-083,Recon,CAPTURE_TRAFFIC,Packet or flow capture can validate whether the profile reflects reconnaissance versus benign connection churn.,"[{""chunk_id"": ""NIST.SP.800-213A-0037"", ""source"": ""NIST.SP.800-213A.pdf"", ""excerpt"": ""...ort authentication methods. Discussion: To control logical access to interfaces, the IoT device may need to support adequate authentication methods. Some IoT devices or organizations may need support for Personal Identity Verification (PIV). More information about PIV can be found in FIPS 201-2 [ FIPS-201]. Related SP 800-53 Rev. 5 Controls: AC-17(10), IA-2, IA-2(1), IA-2(2), IA-6 Requirements that may be necessary: 1. Ability for the IoT device to require authentication prior to connecting to the device, including using remote access. 2. Ability for the IoT device to support and require appropriate authentication. 3. Ability for the Io...""}, {""chunk_id"": ""NIST.IR.8259A-0018"", ""source"": ""NIST.IR.8259A.pdf"", ""excerpt"": ""...ble any local and network interfaces that are not necessary for the core functionality of the device 2. The ability to logically restrict access to each network interface to only authorized entities (e.g., device authentication, user authentication) 3. Configuration settings for use with the Device Configuration capability including, but not limited to, the ability to enable, disable, and adjust thresholds for any ability the device might have to lock or disable an account or to delay additional authentication attempts after too many failed authentication attempts \u2022 This capability supports vulnerability management, access management, d...""}]",,
AE-084,BruteForce,INCREASE_LOGGING,Collect additional evidence for suspected repeated authentication attempts and support validation without assuming device identity.,"[{""chunk_id"": ""ETSI.EN.303.645.V3.1.3-0034"", ""source"": ""ETSI.EN.303.645.V3.1.3.pdf"", ""excerpt"": ""device shall provide to the user or an administrator a simple mechanism to change the authentication value used. EXAMPLE 3: For biometric authentication values the device manufacturer allows this change in authentication value through retraining against a new biometric. EXAMPLE 4: A parent in a household creates an account on the consumer IoT device for their child and selects and manages the PIN or password that the child uses. The parent is an administrator on the consumer IoT device and can restrict the child from changing the PIN or password. EXAMPLE 5: To make it simple for the user to change a password, the manufacturer designs the p...""}, {""chunk_id"": ""ETSI.EN.303.645.V3.1.3-0060"", ""source"": ""ETSI.EN.303.645.V3.1.3.pdf"", ""excerpt"": ""...e technology, risk and usage. Provision 5.5-7 The consumer IoT device shall protect the confidentiality of critical security parameters that are communicated via remotely accessible network interfaces. ETSI ETSI EN 303 645 V3.1.3 (2024-09) 22 Many different methods exist for enrolment and authentication. Some authentication values are provided by out-of-band authentication mechanisms, such as a QR code, and some are human-readable, such as a password. Where an authentication mechanism uses unique values per authentication attempt (e.g. in a challenge-response mechanism or when using one time passwords as a second factor), the response is n""}, {""chunk_id"": ""NIST.IR.8259A-0018"", ""source"": ""NIST.IR.8259A.pdf"", ""excerpt"": ""...ble any local and network interfaces that are not necessary for the core functionality of the device 2. The ability to logically restrict access to each network interface to only authorized entities (e.g., device authentication, user authentication) 3. Configuration settings for use with the Device Configuration capability including, but not limited to, the ability to enable, disable, and adjust thresholds for any ability the device might have to lock or disable an account or to delay additional authentication attempts after too many failed authentication attempts \u2022 This capability supports vulnerability management, access management, d...""}]",,
AE-085,Benign,CAPTURE_TRAFFIC,Preserve packet/flow evidence for offline review and validation of the benign prediction.,"[{""chunk_id"": ""NIST.SP.800-61r3-0055"", ""source"": ""NIST.SP.800-61r3.pdf"", ""excerpt"": ""..., find cybersecurity incidents. DE.CM (Continuous Monitoring) Assets are monitored to find anomalies, indicators of compromise, and other potentially adverse events High R1: Continuous monitoring for unauthorized activity, deviations from expected activity, and changes in security posture should involve the following types of assets at all times: networks and network services; computing hardware and software, runtime environments, and their data; the physical environment; personnel activity and technology usage; and external service provider activities. C1: Consider using cyber threat information with continuous monitoring to help ident...""}, {""chunk_id"": ""NIST.IR.8259A-0022"", ""source"": ""NIST.IR.8259A.pdf"", ""excerpt"": ""ITY CORE BASELINE 10 This publication is available free of charge from: https://doi.org/10.6028/NIST.IR.8259A Device Cybersecurity Capability Common Elements Rationale IoT Reference Examples Cybersecurity State Awareness: The IoT device can report on its cybersecurity state and make that information accessible to authorized entities only. 1. The ability to report the device\u2019s cybersecurity state 2. The ability to differentiate between when a device will likely operate as expected from when it may be in a degraded cybersecurity state 3. The ability to restrict access to the state indicator so only authorized entities can view it 4. The abil...""}, {""chunk_id"": ""NIST.SP.800-213A-0053"", ""source"": ""NIST.SP.800-213A.pdf"", ""excerpt"": ""...uirements that may be necessary: 1. Ability to access information about the IoT device's cybersecurity state and other necessary data. 2. Ability to preserve system state information. (EIM) Event Identification & Monitoring Description: Ability to provide event identification and monitoring capabilities and/or support event identification and monitoring tools interfacing with the device. Discussion: Monitoring for cybersecurity and other adverse events is a component of many organizations\u2019 control set to enable proactive assessment of cybersecurity posture. IoT devices may have to support this kind of monitoring, and the nature of the m...""}]",,
AE-086,Spoofing,NOTIFY_OPERATOR,Human review is appropriate because confidence is below threshold and no device identity is validated.,"[{""chunk_id"": ""ETSI.EN.303.645.V3.1.3-0078"", ""source"": ""ETSI.EN.303.645.V3.1.3.pdf"", ""excerpt"": ""...13 Validate input data Provision 5.13-1 Void. Provision 5.13-1A Data input at application layer to the device via user interfaces shall be validated by the device regarding unexpected data input to prevent system manipulations and failures. EXAMPLE 1: Manipulation of the integrated database via SQL injection over a user interface is mitigated via discarding invalid data input. Systems can be subverted by incorrectly formatted data or code transferred across different types of interface. Automated tools such as fuzzers can be used by attackers or testers to exploit potential gaps and weaknesses that emerge as a result of not validating d...""}, {""chunk_id"": ""ETSI.EN.303.645.V3.1.3-0079"", ""source"": ""ETSI.EN.303.645.V3.1.3.pdf"", ""excerpt"": ""xploit potential gaps and weaknesses that emerge as a result of not validating data. EXAMPLE 2: The consumer IoT device receives data that is not of the expected type, for example executable code rather than user inputted text. The software on the consumer IoT device has been written so that the input is parameterized or \""escaped\"", preventing this code from being run. Provision 5.13-1B Data input at application layer to the device via network interfaces shall be validated by the device regarding unexpected data input to prevent system manipulations and failures. NOTE: This includes network accessible APIs without prior authentication and n...""}]",,
AE-087,Recon,NOTIFY_OPERATOR,High-confidence recon alert without device identity warrants human review and containment decisioning.,"[{""chunk_id"": ""NIST.SP.800-61r3-0055"", ""source"": ""NIST.SP.800-61r3.pdf"", ""excerpt"": ""... and, in turn, find cybersecurity incidents. DE.CM (Continuous Monitoring) Assets are monitored to find anomalies, indicators of compromise, and other potentially adverse events High R1: Continuous monitoring for unauthorized activity, deviations from expected activity, and changes in security posture should involve the following types of assets at all times: networks and network services; computing hardware and software, runtime environments, and their data; the physical environment; personnel activity and technology usage; and external service provider activities. C1: Consider using cyber threat information with continuous monitoring ...""}, {""chunk_id"": ""NIST.SP.800-61r3-0056"", ""source"": ""NIST.SP.800-61r3.pdf"", ""excerpt"": ""...sful and failed access attempts into all controlled areas, the movement of people and equipment into and out of secure areas of facilities, and signs of tampering with physical access controls. DE.CM-03 Personnel activity and technology usage are monitored to find potentially adverse events High R1: Monitoring personnel activity and technology usage should include anomalous user activity or unusual patterns of activity, authentication and logical access attempts, and the use of deception technology. DE.CM-06 External service provider activities and services are monitored to find potentially adverse events High R1: Monitoring external se...""}, {""chunk_id"": ""NIST.SP.800-213-0058"", ""source"": ""NIST.SP.800-213.pdf"", ""excerpt"": ""...rest of a system might. For example, IoT devices with a short lifespan, limited functionality, or limited accessibility may not be subject to some threat sources (e.g., attackers aiming to do medium- to long-term reconnaissance) or some events (e.g., those that require extended, consistent network access). IoT devices will often have many of the same threat sources and events as the existing information system. There may be a set of unique IoT device threat sources and events as well as some information system threat sources and events that do not apply to the IoT device. In this sense, there are two classes when comparing threat source...""}]",,
AE-088,BruteForce,NOTIFY_OPERATOR,Human review is appropriate for a likely authentication or access-abuse pattern.,"[{""chunk_id"": ""RFC8576-0012"", ""source"": ""RFC8576.txt"", ""excerpt"": ""...m goes beyond a specific device or an isolated system, since compromised IoT systems can be misused at scale. For example, they may be used to perform a Distributed Denial of Service (DDoS) attack that limits the availability of other networks and services. The fact that many IoT systems rely on standard IP protocols allows for easier system integration, but this also makes attacks on standard IP protocols widely applicable in other environments. This results in new requirements regarding the implementation of security. The term \""security\"" subsumes a wide range of primitives, protocols, and procedures. For instance, it includes services...""}, {""chunk_id"": ""RFC8576-0021"", ""source"": ""RFC8576.txt"", ""excerpt"": ""This is especially dangerous in the Internet of Things since an attacker might be located in the backend and target resource-constrained devices that are part of a constrained-node network [RFC7228]. A DoS attack can also be launched by physically jamming the communication channel. Network availability can also be disrupted by flooding the network with a large number of packets. On the other hand, things compromised by attackers can be used to disrupt the operation of other networks or systems by means of a Distributed DoS (DDoS) attack. Garcia-Morchon, et al. Informational [Page 11] RFC 8576 IoT Security April 2019 To deal with the above ...""}, {""chunk_id"": ""RFC8576-0044"", ""source"": ""RFC8576.txt"", ""excerpt"": ""protocol cannot be made without tailor-made IoT implementations. 5.1.2. Denial-of-Service Resistance The tight memory and processing constraints of things naturally alleviate resource-exhaustion attacks. Especially in unattended T2T communication, such attacks are difficult to notice before the service becomes unavailable (for example, because of battery or memory exhaustion). As a DoS countermeasure, DTLS, IKEv2, HIP, and Diet HIP implement return routability checks based on a cookie mechanism to delay the establishment of state at the responding host until the address of the initiating host is verified. The effectiveness of these defense...""}]",,
AE-089,Mirai,NOTIFY_OPERATOR,Escalation is appropriate given the detector routing decision and uncertainty.,"[{""chunk_id"": ""NIST.IR.8259A-0018"", ""source"": ""NIST.IR.8259A.pdf"", ""excerpt"": ""...ogical Access to Interfaces: The IoT device can restrict logical access to its local and network interfaces, and the protocols and services used by those interfaces, to authorized entities only. 1. The ability to logically or physically disable any local and network interfaces that are not necessary for the core functionality of the device 2. The ability to logically restrict access to each network interface to only authorized entities (e.g., device authentication, user authentication) 3. Configuration settings for use with the Device Configuration capability including, but not limited to, the ability to enable, disable, and adjust thre...""}, {""chunk_id"": ""NIST.SP.800-213A-0048"", ""source"": ""NIST.SP.800-213A.pdf"", ""excerpt"": ""NIST.SP.800-213A 3. Ability to logically or physically disable any local and network interfaces that are not necessary for the core functionality of the device. 4. Ability to restrict updating actions to authorized entities. 5. Ability to restrict access to the cybersecurity state indicator to authorized entities. 6. Ability to restrict use of IoT device services. 7. Ability to enforce the established local and remote access requirements. 8. Ability to prevent external access to the IoT device management interface. 9. Ability to control the IoT device\u2019s logical interface (e.g., locally or remotely). 10. Ability to change IoT device logical...""}, {""chunk_id"": ""NIST.SP.800-213A-0129"", ""source"": ""NIST.SP.800-213A.pdf"", ""excerpt"": ""customers for how to implement malicious code protection in the IoT device and associated systems, as well as within related systems entry and exit points, and how to detect and eradicate malicious code. b. Providing education to IoT device customers for how to update the IoT device and related systems malicious code protection mechanisms when new releases are available, in accordance with organizational configuration management policy and procedures. c. Providing training and awareness information to IoT device customers that describe newly identified vulnerabilities and threats (such as zero-day malware) for the associated IoT device. d....""}]",,
AE-090,DDoS,RESTRICT_EGRESS,Limit potential flood propagation while preserving gateway control and reducing collateral exposure.,"[{""chunk_id"": ""RFC8576-0012"", ""source"": ""RFC8576.txt"", ""excerpt"": ""...m goes beyond a specific device or an isolated system, since compromised IoT systems can be misused at scale. For example, they may be used to perform a Distributed Denial of Service (DDoS) attack that limits the availability of other networks and services. The fact that many IoT systems rely on standard IP protocols allows for easier system integration, but this also makes attacks on standard IP protocols widely applicable in other environments. This results in new requirements regarding the implementation of security. The term \""security\"" subsumes a wide range of primitives, protocols, and procedures. For instance, it includes services...""}, {""chunk_id"": ""RFC8576-0021"", ""source"": ""RFC8576.txt"", ""excerpt"": ""This is especially dangerous in the Internet of Things since an attacker might be located in the backend and target resource-constrained devices that are part of a constrained-node network [RFC7228]. A DoS attack can also be launched by physically jamming the communication channel. Network availability can also be disrupted by flooding the network with a large number of packets. On the other hand, things compromised by attackers can be used to disrupt the operation of other networks or systems by means of a Distributed DoS (DDoS) attack. Garcia-Morchon, et al. Informational [Page 11] RFC 8576 IoT Security April 2019 To deal with the above ...""}, {""chunk_id"": ""RFC8576-0044"", ""source"": ""RFC8576.txt"", ""excerpt"": ""protocol cannot be made without tailor-made IoT implementations. 5.1.2. Denial-of-Service Resistance The tight memory and processing constraints of things naturally alleviate resource-exhaustion attacks. Especially in unattended T2T communication, such attacks are difficult to notice before the service becomes unavailable (for example, because of battery or memory exhaustion). As a DoS countermeasure, DTLS, IKEv2, HIP, and Diet HIP implement return routability checks based on a cookie mechanism to delay the establishment of state at the responding host until the address of the initiating host is verified. The effectiveness of these defense...""}]",,
AE-091,Recon,CAPTURE_TRAFFIC,Collect packet evidence to validate the recon hypothesis and identify repeated targets or patterns.,"[{""chunk_id"": ""NIST.SP.800-213A-0037"", ""source"": ""NIST.SP.800-213A.pdf"", ""excerpt"": ""...ort authentication methods. Discussion: To control logical access to interfaces, the IoT device may need to support adequate authentication methods. Some IoT devices or organizations may need support for Personal Identity Verification (PIV). More information about PIV can be found in FIPS 201-2 [ FIPS-201]. Related SP 800-53 Rev. 5 Controls: AC-17(10), IA-2, IA-2(1), IA-2(2), IA-6 Requirements that may be necessary: 1. Ability for the IoT device to require authentication prior to connecting to the device, including using remote access. 2. Ability for the IoT device to support and require appropriate authentication. 3. Ability for the Io...""}, {""chunk_id"": ""NIST.IR.8259A-0018"", ""source"": ""NIST.IR.8259A.pdf"", ""excerpt"": ""...ble any local and network interfaces that are not necessary for the core functionality of the device 2. The ability to logically restrict access to each network interface to only authorized entities (e.g., device authentication, user authentication) 3. Configuration settings for use with the Device Configuration capability including, but not limited to, the ability to enable, disable, and adjust thresholds for any ability the device might have to lock or disable an account or to delay additional authentication attempts after too many failed authentication attempts \u2022 This capability supports vulnerability management, access management, d...""}, {""chunk_id"": ""NIST.SP.800-213A-0038"", ""source"": ""NIST.SP.800-213A.pdf"", ""excerpt"": ""...OAuth2, or Active Directory/Azure Active Directory). (ACF) Authentication Configuration Description: Ability to require, or not require, authentication to, and/or identification of, the IoT device, and to establish authentication and identification configuration and display requirements. Discussion: Organizations may need to configure aspects of the authentication mechanism present in the IoT device to conform with access control security requirements. This sub- capability can support application of organizational policies around access privilege management, such as the management of access accounts and privileges of those accounts. Relate""}]",,
AE-092,DDoS,NOTIFY_OPERATOR,Human review is appropriate because the alert is high-confidence but lacks a validated device identifier.,"[{""chunk_id"": ""RFC8576-0044"", ""source"": ""RFC8576.txt"", ""excerpt"": ""protocol cannot be made without tailor-made IoT implementations. 5.1.2. Denial-of-Service Resistance The tight memory and processing constraints of things naturally alleviate resource-exhaustion attacks. Especially in unattended T2T communication, such attacks are difficult to notice before the service becomes unavailable (for example, because of battery or memory exhaustion). As a DoS countermeasure, DTLS, IKEv2, HIP, and Diet HIP implement return routability checks based on a cookie mechanism to delay the establishment of state at the responding host until the address of the initiating host is verified. The effectiveness of these defense...""}, {""chunk_id"": ""ETSI.EN.303.645.V3.1.3-0035"", ""source"": ""ETSI.EN.303.645.V3.1.3.pdf"", ""excerpt"": ""...credential stuffing\"" or exhaust an entire key-space. It is important that these types of attacks are detected by the consumer IoT device and defended against, whilst guarding against a related threat of \""resource exhaustion\"" and denial of service attacks. 5.2 Implement a means to manage reports of vulnerabilities Manufacturers that provide IoT products have a duty of care to consumers and third parties who can be harmed by their failure to have a CVD programme in place. Additionally, companies that share this information through industry bodies can assist others who can be suffering from the same problem. Disclosures can comprise differ...""}, {""chunk_id"": ""RFC8576-0020"", ""source"": ""RFC8576.txt"", ""excerpt"": ""...on of privilege: An attacker with low privileges can misuse additional flaws in the implemented authentication and authorization mechanisms of a thing to gain more privileged access to the thing and its data. 11. Denial of Service (DoS) attack: Often things have very limited memory and computation capabilities. Therefore, they are vulnerable to resource-exhaustion attack. Attackers can continuously send requests to specific things so as to deplete their resources. This is especially dangerous in the Internet of Things since an attacker might be located in the backend and target resource-constrained devices that are part of a constrained-no""}]",,
AE-093,Recon,CAPTURE_TRAFFIC,"Packet capture can confirm whether the traffic is probing, scanning, or otherwise enumerating services without assuming device identity.","[{""chunk_id"": ""NIST.SP.800-61r3-0055"", ""source"": ""NIST.SP.800-61r3.pdf"", ""excerpt"": ""... and, in turn, find cybersecurity incidents. DE.CM (Continuous Monitoring) Assets are monitored to find anomalies, indicators of compromise, and other potentially adverse events High R1: Continuous monitoring for unauthorized activity, deviations from expected activity, and changes in security posture should involve the following types of assets at all times: networks and network services; computing hardware and software, runtime environments, and their data; the physical environment; personnel activity and technology usage; and external service provider activities. C1: Consider using cyber threat information with continuous monitoring ...""}, {""chunk_id"": ""NIST.SP.800-61r3-0056"", ""source"": ""NIST.SP.800-61r3.pdf"", ""excerpt"": ""...sful and failed access attempts into all controlled areas, the movement of people and equipment into and out of secure areas of facilities, and signs of tampering with physical access controls. DE.CM-03 Personnel activity and technology usage are monitored to find potentially adverse events High R1: Monitoring personnel activity and technology usage should include anomalous user activity or unusual patterns of activity, authentication and logical access attempts, and the use of deception technology. DE.CM-06 External service provider activities and services are monitored to find potentially adverse events High R1: Monitoring external se...""}, {""chunk_id"": ""NIST.SP.800-213-0058"", ""source"": ""NIST.SP.800-213.pdf"", ""excerpt"": ""...rest of a system might. For example, IoT devices with a short lifespan, limited functionality, or limited accessibility may not be subject to some threat sources (e.g., attackers aiming to do medium- to long-term reconnaissance) or some events (e.g., those that require extended, consistent network access). IoT devices will often have many of the same threat sources and events as the existing information system. There may be a set of unique IoT device threat sources and events as well as some information system threat sources and events that do not apply to the IoT device. In this sense, there are two classes when comparing threat source...""}]",,
AE-094,Spoofing,NOTIFY_OPERATOR,Human review is appropriate given low confidence and the potential impact of false-positive containment.,"[{""chunk_id"": ""RFC8520-0022"", ""source"": ""RFC8520.txt"", ""excerpt"": ""...ne side of an access list is implicit, based on whether it is applied as to-device-policy or from-device-policy. With the exceptions of the \""name\"" of the ACL, \""type\"", \""name\"" of the Access Control Entry (ACE), and TCP and UDP source and destination port information, publishers of MUD files SHOULD limit the use of ACL model leaf nodes expressed to those found in this specification. Absent any extensions, MUD files are assumed to implement only the following ACL model features: o match-on-ipv4, match-on-ipv6, match-on-tcp, match-on-udp, match-on-icmp Furthermore, only \""accept\"" or \""drop\"" actions SHOULD be included. A MUD manager MAY choose ...""}, {""chunk_id"": ""NIST.IR.8259A-0018"", ""source"": ""NIST.IR.8259A.pdf"", ""excerpt"": ""...ble any local and network interfaces that are not necessary for the core functionality of the device 2. The ability to logically restrict access to each network interface to only authorized entities (e.g., device authentication, user authentication) 3. Configuration settings for use with the Device Configuration capability including, but not limited to, the ability to enable, disable, and adjust thresholds for any ability the device might have to lock or disable an account or to delay additional authentication attempts after too many failed authentication attempts \u2022 This capability supports vulnerability management, access management, d...""}, {""chunk_id"": ""NIST.SP.800-213A-0037"", ""source"": ""NIST.SP.800-213A.pdf"", ""excerpt"": ""...ort authentication methods. Discussion: To control logical access to interfaces, the IoT device may need to support adequate authentication methods. Some IoT devices or organizations may need support for Personal Identity Verification (PIV). More information about PIV can be found in FIPS 201-2 [ FIPS-201]. Related SP 800-53 Rev. 5 Controls: AC-17(10), IA-2, IA-2(1), IA-2(2), IA-6 Requirements that may be necessary: 1. Ability for the IoT device to require authentication prior to connecting to the device, including using remote access. 2. Ability for the IoT device to support and require appropriate authentication. 3. Ability for the Io...""}]",,
AE-095,Benign,NOTIFY_OPERATOR,Provide human awareness without assuming device identity or taking disruptive action.,"[{""chunk_id"": ""ETSI.EN.303.645.V3.1.3-0034"", ""source"": ""ETSI.EN.303.645.V3.1.3.pdf"", ""excerpt"": ""device shall provide to the user or an administrator a simple mechanism to change the authentication value used. EXAMPLE 3: For biometric authentication values the device manufacturer allows this change in authentication value through retraining against a new biometric. EXAMPLE 4: A parent in a household creates an account on the consumer IoT device for their child and selects and manages the PIN or password that the child uses. The parent is an administrator on the consumer IoT device and can restrict the child from changing the PIN or password. EXAMPLE 5: To make it simple for the user to change a password, the manufacturer designs the p...""}, {""chunk_id"": ""ETSI.EN.303.645.V3.1.3-0060"", ""source"": ""ETSI.EN.303.645.V3.1.3.pdf"", ""excerpt"": ""...e technology, risk and usage. Provision 5.5-7 The consumer IoT device shall protect the confidentiality of critical security parameters that are communicated via remotely accessible network interfaces. ETSI ETSI EN 303 645 V3.1.3 (2024-09) 22 Many different methods exist for enrolment and authentication. Some authentication values are provided by out-of-band authentication mechanisms, such as a QR code, and some are human-readable, such as a password. Where an authentication mechanism uses unique values per authentication attempt (e.g. in a challenge-response mechanism or when using one time passwords as a second factor), the response is n""}, {""chunk_id"": ""NIST.IR.8259A-0018"", ""source"": ""NIST.IR.8259A.pdf"", ""excerpt"": ""...ble any local and network interfaces that are not necessary for the core functionality of the device 2. The ability to logically restrict access to each network interface to only authorized entities (e.g., device authentication, user authentication) 3. Configuration settings for use with the Device Configuration capability including, but not limited to, the ability to enable, disable, and adjust thresholds for any ability the device might have to lock or disable an account or to delay additional authentication attempts after too many failed authentication attempts \u2022 This capability supports vulnerability management, access management, d...""}]",,
AE-096,DDoS,NOTIFY_OPERATOR,Human review is appropriate because this is mitigation intent only and device identity is not validated.,"[{""chunk_id"": ""RFC8576-0044"", ""source"": ""RFC8576.txt"", ""excerpt"": ""protocol cannot be made without tailor-made IoT implementations. 5.1.2. Denial-of-Service Resistance The tight memory and processing constraints of things naturally alleviate resource-exhaustion attacks. Especially in unattended T2T communication, such attacks are difficult to notice before the service becomes unavailable (for example, because of battery or memory exhaustion). As a DoS countermeasure, DTLS, IKEv2, HIP, and Diet HIP implement return routability checks based on a cookie mechanism to delay the establishment of state at the responding host until the address of the initiating host is verified. The effectiveness of these defense...""}, {""chunk_id"": ""RFC8576-0020"", ""source"": ""RFC8576.txt"", ""excerpt"": ""...on of privilege: An attacker with low privileges can misuse additional flaws in the implemented authentication and authorization mechanisms of a thing to gain more privileged access to the thing and its data. 11. Denial of Service (DoS) attack: Often things have very limited memory and computation capabilities. Therefore, they are vulnerable to resource-exhaustion attack. Attackers can continuously send requests to specific things so as to deplete their resources. This is especially dangerous in the Internet of Things since an attacker might be located in the backend and target resource-constrained devices that are part of a constrained-no""}, {""chunk_id"": ""ETSI.EN.303.645.V3.1.3-0035"", ""source"": ""ETSI.EN.303.645.V3.1.3.pdf"", ""excerpt"": ""...credential stuffing\"" or exhaust an entire key-space. It is important that these types of attacks are detected by the consumer IoT device and defended against, whilst guarding against a related threat of \""resource exhaustion\"" and denial of service attacks. 5.2 Implement a means to manage reports of vulnerabilities Manufacturers that provide IoT products have a duty of care to consumers and third parties who can be harmed by their failure to have a CVD programme in place. Additionally, companies that share this information through industry bodies can assist others who can be suffering from the same problem. Disclosures can comprise differ...""}]",,
AE-097,DDoS,CAPTURE_TRAFFIC,Preserve traffic for analysis to confirm or refute flood behavior before disruptive mitigation.,"[{""chunk_id"": ""RFC8576-0012"", ""source"": ""RFC8576.txt"", ""excerpt"": ""...m goes beyond a specific device or an isolated system, since compromised IoT systems can be misused at scale. For example, they may be used to perform a Distributed Denial of Service (DDoS) attack that limits the availability of other networks and services. The fact that many IoT systems rely on standard IP protocols allows for easier system integration, but this also makes attacks on standard IP protocols widely applicable in other environments. This results in new requirements regarding the implementation of security. The term \""security\"" subsumes a wide range of primitives, protocols, and procedures. For instance, it includes services...""}, {""chunk_id"": ""RFC8576-0021"", ""source"": ""RFC8576.txt"", ""excerpt"": ""This is especially dangerous in the Internet of Things since an attacker might be located in the backend and target resource-constrained devices that are part of a constrained-node network [RFC7228]. A DoS attack can also be launched by physically jamming the communication channel. Network availability can also be disrupted by flooding the network with a large number of packets. On the other hand, things compromised by attackers can be used to disrupt the operation of other networks or systems by means of a Distributed DoS (DDoS) attack. Garcia-Morchon, et al. Informational [Page 11] RFC 8576 IoT Security April 2019 To deal with the above ...""}, {""chunk_id"": ""RFC8576-0044"", ""source"": ""RFC8576.txt"", ""excerpt"": ""protocol cannot be made without tailor-made IoT implementations. 5.1.2. Denial-of-Service Resistance The tight memory and processing constraints of things naturally alleviate resource-exhaustion attacks. Especially in unattended T2T communication, such attacks are difficult to notice before the service becomes unavailable (for example, because of battery or memory exhaustion). As a DoS countermeasure, DTLS, IKEv2, HIP, and Diet HIP implement return routability checks based on a cookie mechanism to delay the establishment of state at the responding host until the address of the initiating host is verified. The effectiveness of these defense...""}]",,
AE-098,BruteForce,NOTIFY_OPERATOR,Human review is needed before any restrictive action due to low model confidence and limited device attribution.,"[{""chunk_id"": ""RFC8576-0012"", ""source"": ""RFC8576.txt"", ""excerpt"": ""...m goes beyond a specific device or an isolated system, since compromised IoT systems can be misused at scale. For example, they may be used to perform a Distributed Denial of Service (DDoS) attack that limits the availability of other networks and services. The fact that many IoT systems rely on standard IP protocols allows for easier system integration, but this also makes attacks on standard IP protocols widely applicable in other environments. This results in new requirements regarding the implementation of security. The term \""security\"" subsumes a wide range of primitives, protocols, and procedures. For instance, it includes services...""}, {""chunk_id"": ""RFC8576-0021"", ""source"": ""RFC8576.txt"", ""excerpt"": ""This is especially dangerous in the Internet of Things since an attacker might be located in the backend and target resource-constrained devices that are part of a constrained-node network [RFC7228]. A DoS attack can also be launched by physically jamming the communication channel. Network availability can also be disrupted by flooding the network with a large number of packets. On the other hand, things compromised by attackers can be used to disrupt the operation of other networks or systems by means of a Distributed DoS (DDoS) attack. Garcia-Morchon, et al. Informational [Page 11] RFC 8576 IoT Security April 2019 To deal with the above ...""}, {""chunk_id"": ""RFC8576-0044"", ""source"": ""RFC8576.txt"", ""excerpt"": ""protocol cannot be made without tailor-made IoT implementations. 5.1.2. Denial-of-Service Resistance The tight memory and processing constraints of things naturally alleviate resource-exhaustion attacks. Especially in unattended T2T communication, such attacks are difficult to notice before the service becomes unavailable (for example, because of battery or memory exhaustion). As a DoS countermeasure, DTLS, IKEv2, HIP, and Diet HIP implement return routability checks based on a cookie mechanism to delay the establishment of state at the responding host until the address of the initiating host is verified. The effectiveness of these defense...""}]",,
AE-099,Mirai,CAPTURE_TRAFFIC,"Collect packet evidence to confirm the traffic pattern and support triage, especially given the lack of a validated device identifier.","[{""chunk_id"": ""NIST.SP.800-61r3-0055"", ""source"": ""NIST.SP.800-61r3.pdf"", ""excerpt"": ""... and, in turn, find cybersecurity incidents. DE.CM (Continuous Monitoring) Assets are monitored to find anomalies, indicators of compromise, and other potentially adverse events High R1: Continuous monitoring for unauthorized activity, deviations from expected activity, and changes in security posture should involve the following types of assets at all times: networks and network services; computing hardware and software, runtime environments, and their data; the physical environment; personnel activity and technology usage; and external service provider activities. C1: Consider using cyber threat information with continuous monitoring ...""}, {""chunk_id"": ""NIST.SP.800-61r3-0056"", ""source"": ""NIST.SP.800-61r3.pdf"", ""excerpt"": ""...sful and failed access attempts into all controlled areas, the movement of people and equipment into and out of secure areas of facilities, and signs of tampering with physical access controls. DE.CM-03 Personnel activity and technology usage are monitored to find potentially adverse events High R1: Monitoring personnel activity and technology usage should include anomalous user activity or unusual patterns of activity, authentication and logical access attempts, and the use of deception technology. DE.CM-06 External service provider activities and services are monitored to find potentially adverse events High R1: Monitoring external se...""}, {""chunk_id"": ""NIST.SP.800-213-0058"", ""source"": ""NIST.SP.800-213.pdf"", ""excerpt"": ""...rest of a system might. For example, IoT devices with a short lifespan, limited functionality, or limited accessibility may not be subject to some threat sources (e.g., attackers aiming to do medium- to long-term reconnaissance) or some events (e.g., those that require extended, consistent network access). IoT devices will often have many of the same threat sources and events as the existing information system. There may be a set of unique IoT device threat sources and events as well as some information system threat sources and events that do not apply to the IoT device. In this sense, there are two classes when comparing threat source...""}]",,
AE-100,DDoS,NOTIFY_OPERATOR,Human review is appropriate because the alert is high-confidence but lacks a validated device identifier.,"[{""chunk_id"": ""RFC8576-0012"", ""source"": ""RFC8576.txt"", ""excerpt"": ""...m goes beyond a specific device or an isolated system, since compromised IoT systems can be misused at scale. For example, they may be used to perform a Distributed Denial of Service (DDoS) attack that limits the availability of other networks and services. The fact that many IoT systems rely on standard IP protocols allows for easier system integration, but this also makes attacks on standard IP protocols widely applicable in other environments. This results in new requirements regarding the implementation of security. The term \""security\"" subsumes a wide range of primitives, protocols, and procedures. For instance, it includes services...""}, {""chunk_id"": ""RFC8576-0021"", ""source"": ""RFC8576.txt"", ""excerpt"": ""This is especially dangerous in the Internet of Things since an attacker might be located in the backend and target resource-constrained devices that are part of a constrained-node network [RFC7228]. A DoS attack can also be launched by physically jamming the communication channel. Network availability can also be disrupted by flooding the network with a large number of packets. On the other hand, things compromised by attackers can be used to disrupt the operation of other networks or systems by means of a Distributed DoS (DDoS) attack. Garcia-Morchon, et al. Informational [Page 11] RFC 8576 IoT Security April 2019 To deal with the above ...""}, {""chunk_id"": ""RFC8576-0044"", ""source"": ""RFC8576.txt"", ""excerpt"": ""protocol cannot be made without tailor-made IoT implementations. 5.1.2. Denial-of-Service Resistance The tight memory and processing constraints of things naturally alleviate resource-exhaustion attacks. Especially in unattended T2T communication, such attacks are difficult to notice before the service becomes unavailable (for example, because of battery or memory exhaustion). As a DoS countermeasure, DTLS, IKEv2, HIP, and Diet HIP implement return routability checks based on a cookie mechanism to delay the establishment of state at the responding host until the address of the initiating host is verified. The effectiveness of these defense...""}]",,
AE-101,Benign,MONITOR,Aligned with the detector routing decision and the high-confidence benign classification; maintains oversight without disruption.,"[{""chunk_id"": ""NIST.SP.800-61r3-0055"", ""source"": ""NIST.SP.800-61r3.pdf"", ""excerpt"": ""..., find cybersecurity incidents. DE.CM (Continuous Monitoring) Assets are monitored to find anomalies, indicators of compromise, and other potentially adverse events High R1: Continuous monitoring for unauthorized activity, deviations from expected activity, and changes in security posture should involve the following types of assets at all times: networks and network services; computing hardware and software, runtime environments, and their data; the physical environment; personnel activity and technology usage; and external service provider activities. C1: Consider using cyber threat information with continuous monitoring to help ident...""}, {""chunk_id"": ""NIST.SP.800-213A-0053"", ""source"": ""NIST.SP.800-213A.pdf"", ""excerpt"": ""...uirements that may be necessary: 1. Ability to access information about the IoT device's cybersecurity state and other necessary data. 2. Ability to preserve system state information. (EIM) Event Identification & Monitoring Description: Ability to provide event identification and monitoring capabilities and/or support event identification and monitoring tools interfacing with the device. Discussion: Monitoring for cybersecurity and other adverse events is a component of many organizations\u2019 control set to enable proactive assessment of cybersecurity posture. IoT devices may have to support this kind of monitoring, and the nature of the m...""}, {""chunk_id"": ""NIST.IR.8259A-0022"", ""source"": ""NIST.IR.8259A.pdf"", ""excerpt"": ""ITY CORE BASELINE 10 This publication is available free of charge from: https://doi.org/10.6028/NIST.IR.8259A Device Cybersecurity Capability Common Elements Rationale IoT Reference Examples Cybersecurity State Awareness: The IoT device can report on its cybersecurity state and make that information accessible to authorized entities only. 1. The ability to report the device\u2019s cybersecurity state 2. The ability to differentiate between when a device will likely operate as expected from when it may be in a degraded cybersecurity state 3. The ability to restrict access to the state indicator so only authorized entities can view it 4. The abil...""}]",,
AE-102,Web,NOTIFY_OPERATOR,Human review is appropriate because the alert is flow-based and execution is not permitted.,"[{""chunk_id"": ""ETSI.EN.303.645.V3.1.3-0078"", ""source"": ""ETSI.EN.303.645.V3.1.3.pdf"", ""excerpt"": ""...13 Validate input data Provision 5.13-1 Void. Provision 5.13-1A Data input at application layer to the device via user interfaces shall be validated by the device regarding unexpected data input to prevent system manipulations and failures. EXAMPLE 1: Manipulation of the integrated database via SQL injection over a user interface is mitigated via discarding invalid data input. Systems can be subverted by incorrectly formatted data or code transferred across different types of interface. Automated tools such as fuzzers can be used by attackers or testers to exploit potential gaps and weaknesses that emerge as a result of not validating d...""}, {""chunk_id"": ""ETSI.EN.303.645.V3.1.3-0079"", ""source"": ""ETSI.EN.303.645.V3.1.3.pdf"", ""excerpt"": ""xploit potential gaps and weaknesses that emerge as a result of not validating data. EXAMPLE 2: The consumer IoT device receives data that is not of the expected type, for example executable code rather than user inputted text. The software on the consumer IoT device has been written so that the input is parameterized or \""escaped\"", preventing this code from being run. Provision 5.13-1B Data input at application layer to the device via network interfaces shall be validated by the device regarding unexpected data input to prevent system manipulations and failures. NOTE: This includes network accessible APIs without prior authentication and n...""}, {""chunk_id"": ""RFC8576-0030"", ""source"": ""RFC8576.txt"", ""excerpt"": ""April 2019 4. OneM2M [OneM2M]: The standards body defines technical and API specifications for IoT devices. It aims to create a service layer that can run on any IoT device hardware and software. 5. Open Connectivity Foundation (OCF) [OCF]: The foundation develops standards and certifications primarily for IoT devices that use Constrained Application Protocol (CoAP) as the application-layer protocol. 6. Fairhair Alliance [Fairhair]: Specifies an IoT middleware to enable a common IP network infrastructure between different application standards used in building automation and lighting systems such as BACnet, KNX, and ZigBee. 7. OMA LwM2M [L...""}]",,
AE-103,Web,INCREASE_LOGGING,Collect additional evidence for the observed web flow pattern and any unexpected request characteristics.,"[{""chunk_id"": ""ETSI.EN.303.645.V3.1.3-0078"", ""source"": ""ETSI.EN.303.645.V3.1.3.pdf"", ""excerpt"": ""...13 Validate input data Provision 5.13-1 Void. Provision 5.13-1A Data input at application layer to the device via user interfaces shall be validated by the device regarding unexpected data input to prevent system manipulations and failures. EXAMPLE 1: Manipulation of the integrated database via SQL injection over a user interface is mitigated via discarding invalid data input. Systems can be subverted by incorrectly formatted data or code transferred across different types of interface. Automated tools such as fuzzers can be used by attackers or testers to exploit potential gaps and weaknesses that emerge as a result of not validating d...""}, {""chunk_id"": ""ETSI.EN.303.645.V3.1.3-0079"", ""source"": ""ETSI.EN.303.645.V3.1.3.pdf"", ""excerpt"": ""xploit potential gaps and weaknesses that emerge as a result of not validating data. EXAMPLE 2: The consumer IoT device receives data that is not of the expected type, for example executable code rather than user inputted text. The software on the consumer IoT device has been written so that the input is parameterized or \""escaped\"", preventing this code from being run. Provision 5.13-1B Data input at application layer to the device via network interfaces shall be validated by the device regarding unexpected data input to prevent system manipulations and failures. NOTE: This includes network accessible APIs without prior authentication and n...""}, {""chunk_id"": ""RFC8576-0030"", ""source"": ""RFC8576.txt"", ""excerpt"": ""April 2019 4. OneM2M [OneM2M]: The standards body defines technical and API specifications for IoT devices. It aims to create a service layer that can run on any IoT device hardware and software. 5. Open Connectivity Foundation (OCF) [OCF]: The foundation develops standards and certifications primarily for IoT devices that use Constrained Application Protocol (CoAP) as the application-layer protocol. 6. Fairhair Alliance [Fairhair]: Specifies an IoT middleware to enable a common IP network infrastructure between different application standards used in building automation and lighting systems such as BACnet, KNX, and ZigBee. 7. OMA LwM2M [L...""}]",,
AE-104,Spoofing,NOTIFY_OPERATOR,Human review is warranted because the alert is high-confidence but device identity is unvalidated and execution is forbidden.,"[{""chunk_id"": ""ETSI.EN.303.645.V3.1.3-0078"", ""source"": ""ETSI.EN.303.645.V3.1.3.pdf"", ""excerpt"": ""...13 Validate input data Provision 5.13-1 Void. Provision 5.13-1A Data input at application layer to the device via user interfaces shall be validated by the device regarding unexpected data input to prevent system manipulations and failures. EXAMPLE 1: Manipulation of the integrated database via SQL injection over a user interface is mitigated via discarding invalid data input. Systems can be subverted by incorrectly formatted data or code transferred across different types of interface. Automated tools such as fuzzers can be used by attackers or testers to exploit potential gaps and weaknesses that emerge as a result of not validating d...""}, {""chunk_id"": ""ETSI.EN.303.645.V3.1.3-0079"", ""source"": ""ETSI.EN.303.645.V3.1.3.pdf"", ""excerpt"": ""xploit potential gaps and weaknesses that emerge as a result of not validating data. EXAMPLE 2: The consumer IoT device receives data that is not of the expected type, for example executable code rather than user inputted text. The software on the consumer IoT device has been written so that the input is parameterized or \""escaped\"", preventing this code from being run. Provision 5.13-1B Data input at application layer to the device via network interfaces shall be validated by the device regarding unexpected data input to prevent system manipulations and failures. NOTE: This includes network accessible APIs without prior authentication and n...""}]",,
AE-105,DDoS,INCREASE_LOGGING,Collect more evidence on source patterns and persistence before stronger containment.,"[{""chunk_id"": ""RFC8576-0044"", ""source"": ""RFC8576.txt"", ""excerpt"": ""protocol cannot be made without tailor-made IoT implementations. 5.1.2. Denial-of-Service Resistance The tight memory and processing constraints of things naturally alleviate resource-exhaustion attacks. Especially in unattended T2T communication, such attacks are difficult to notice before the service becomes unavailable (for example, because of battery or memory exhaustion). As a DoS countermeasure, DTLS, IKEv2, HIP, and Diet HIP implement return routability checks based on a cookie mechanism to delay the establishment of state at the responding host until the address of the initiating host is verified. The effectiveness of these defense...""}, {""chunk_id"": ""ETSI.EN.303.645.V3.1.3-0035"", ""source"": ""ETSI.EN.303.645.V3.1.3.pdf"", ""excerpt"": ""...credential stuffing\"" or exhaust an entire key-space. It is important that these types of attacks are detected by the consumer IoT device and defended against, whilst guarding against a related threat of \""resource exhaustion\"" and denial of service attacks. 5.2 Implement a means to manage reports of vulnerabilities Manufacturers that provide IoT products have a duty of care to consumers and third parties who can be harmed by their failure to have a CVD programme in place. Additionally, companies that share this information through industry bodies can assist others who can be suffering from the same problem. Disclosures can comprise differ...""}, {""chunk_id"": ""RFC8576-0020"", ""source"": ""RFC8576.txt"", ""excerpt"": ""...on of privilege: An attacker with low privileges can misuse additional flaws in the implemented authentication and authorization mechanisms of a thing to gain more privileged access to the thing and its data. 11. Denial of Service (DoS) attack: Often things have very limited memory and computation capabilities. Therefore, they are vulnerable to resource-exhaustion attack. Attackers can continuously send requests to specific things so as to deplete their resources. This is especially dangerous in the Internet of Things since an attacker might be located in the backend and target resource-constrained devices that are part of a constrained-no""}]",,
AE-106,Recon,INCREASE_LOGGING,"Increase visibility to confirm whether the behavior is scanning, probing, or transient legitimate traffic.","[{""chunk_id"": ""NIST.SP.800-213A-0037"", ""source"": ""NIST.SP.800-213A.pdf"", ""excerpt"": ""...ort authentication methods. Discussion: To control logical access to interfaces, the IoT device may need to support adequate authentication methods. Some IoT devices or organizations may need support for Personal Identity Verification (PIV). More information about PIV can be found in FIPS 201-2 [ FIPS-201]. Related SP 800-53 Rev. 5 Controls: AC-17(10), IA-2, IA-2(1), IA-2(2), IA-6 Requirements that may be necessary: 1. Ability for the IoT device to require authentication prior to connecting to the device, including using remote access. 2. Ability for the IoT device to support and require appropriate authentication. 3. Ability for the Io...""}, {""chunk_id"": ""NIST.IR.8259A-0018"", ""source"": ""NIST.IR.8259A.pdf"", ""excerpt"": ""...ble any local and network interfaces that are not necessary for the core functionality of the device 2. The ability to logically restrict access to each network interface to only authorized entities (e.g., device authentication, user authentication) 3. Configuration settings for use with the Device Configuration capability including, but not limited to, the ability to enable, disable, and adjust thresholds for any ability the device might have to lock or disable an account or to delay additional authentication attempts after too many failed authentication attempts \u2022 This capability supports vulnerability management, access management, d...""}, {""chunk_id"": ""NIST.SP.800-213A-0038"", ""source"": ""NIST.SP.800-213A.pdf"", ""excerpt"": ""...OAuth2, or Active Directory/Azure Active Directory). (ACF) Authentication Configuration Description: Ability to require, or not require, authentication to, and/or identification of, the IoT device, and to establish authentication and identification configuration and display requirements. Discussion: Organizations may need to configure aspects of the authentication mechanism present in the IoT device to conform with access control security requirements. This sub- capability can support application of organizational policies around access privilege management, such as the management of access accounts and privileges of those accounts. Relate""}]",,
AE-107,BruteForce,NOTIFY_OPERATOR,"This is a likely active attack pattern, and human review is appropriate before stronger containment.","[{""chunk_id"": ""RFC8576-0012"", ""source"": ""RFC8576.txt"", ""excerpt"": ""...m goes beyond a specific device or an isolated system, since compromised IoT systems can be misused at scale. For example, they may be used to perform a Distributed Denial of Service (DDoS) attack that limits the availability of other networks and services. The fact that many IoT systems rely on standard IP protocols allows for easier system integration, but this also makes attacks on standard IP protocols widely applicable in other environments. This results in new requirements regarding the implementation of security. The term \""security\"" subsumes a wide range of primitives, protocols, and procedures. For instance, it includes services...""}, {""chunk_id"": ""RFC8576-0021"", ""source"": ""RFC8576.txt"", ""excerpt"": ""This is especially dangerous in the Internet of Things since an attacker might be located in the backend and target resource-constrained devices that are part of a constrained-node network [RFC7228]. A DoS attack can also be launched by physically jamming the communication channel. Network availability can also be disrupted by flooding the network with a large number of packets. On the other hand, things compromised by attackers can be used to disrupt the operation of other networks or systems by means of a Distributed DoS (DDoS) attack. Garcia-Morchon, et al. Informational [Page 11] RFC 8576 IoT Security April 2019 To deal with the above ...""}, {""chunk_id"": ""RFC8576-0044"", ""source"": ""RFC8576.txt"", ""excerpt"": ""protocol cannot be made without tailor-made IoT implementations. 5.1.2. Denial-of-Service Resistance The tight memory and processing constraints of things naturally alleviate resource-exhaustion attacks. Especially in unattended T2T communication, such attacks are difficult to notice before the service becomes unavailable (for example, because of battery or memory exhaustion). As a DoS countermeasure, DTLS, IKEv2, HIP, and Diet HIP implement return routability checks based on a cookie mechanism to delay the establishment of state at the responding host until the address of the initiating host is verified. The effectiveness of these defense...""}]",,
AE-108,Benign,INCREASE_LOGGING,Improves visibility into whether this flow remains routine or develops anomalous characteristics.,"[{""chunk_id"": ""NIST.SP.800-61r3-0055"", ""source"": ""NIST.SP.800-61r3.pdf"", ""excerpt"": ""..., find cybersecurity incidents. DE.CM (Continuous Monitoring) Assets are monitored to find anomalies, indicators of compromise, and other potentially adverse events High R1: Continuous monitoring for unauthorized activity, deviations from expected activity, and changes in security posture should involve the following types of assets at all times: networks and network services; computing hardware and software, runtime environments, and their data; the physical environment; personnel activity and technology usage; and external service provider activities. C1: Consider using cyber threat information with continuous monitoring to help ident...""}, {""chunk_id"": ""NIST.SP.800-213A-0053"", ""source"": ""NIST.SP.800-213A.pdf"", ""excerpt"": ""...uirements that may be necessary: 1. Ability to access information about the IoT device's cybersecurity state and other necessary data. 2. Ability to preserve system state information. (EIM) Event Identification & Monitoring Description: Ability to provide event identification and monitoring capabilities and/or support event identification and monitoring tools interfacing with the device. Discussion: Monitoring for cybersecurity and other adverse events is a component of many organizations\u2019 control set to enable proactive assessment of cybersecurity posture. IoT devices may have to support this kind of monitoring, and the nature of the m...""}, {""chunk_id"": ""NIST.IR.8259A-0022"", ""source"": ""NIST.IR.8259A.pdf"", ""excerpt"": ""ITY CORE BASELINE 10 This publication is available free of charge from: https://doi.org/10.6028/NIST.IR.8259A Device Cybersecurity Capability Common Elements Rationale IoT Reference Examples Cybersecurity State Awareness: The IoT device can report on its cybersecurity state and make that information accessible to authorized entities only. 1. The ability to report the device\u2019s cybersecurity state 2. The ability to differentiate between when a device will likely operate as expected from when it may be in a degraded cybersecurity state 3. The ability to restrict access to the state indicator so only authorized entities can view it 4. The abil...""}]",,
AE-109,Benign,NOTIFY_OPERATOR,"Human review is appropriate because the alert is escalated despite a benign, low-confidence classification.","[{""chunk_id"": ""NIST.SP.800-61r3-0055"", ""source"": ""NIST.SP.800-61r3.pdf"", ""excerpt"": ""..., find cybersecurity incidents. DE.CM (Continuous Monitoring) Assets are monitored to find anomalies, indicators of compromise, and other potentially adverse events High R1: Continuous monitoring for unauthorized activity, deviations from expected activity, and changes in security posture should involve the following types of assets at all times: networks and network services; computing hardware and software, runtime environments, and their data; the physical environment; personnel activity and technology usage; and external service provider activities. C1: Consider using cyber threat information with continuous monitoring to help ident...""}, {""chunk_id"": ""NIST.IR.8259A-0022"", ""source"": ""NIST.IR.8259A.pdf"", ""excerpt"": ""ITY CORE BASELINE 10 This publication is available free of charge from: https://doi.org/10.6028/NIST.IR.8259A Device Cybersecurity Capability Common Elements Rationale IoT Reference Examples Cybersecurity State Awareness: The IoT device can report on its cybersecurity state and make that information accessible to authorized entities only. 1. The ability to report the device\u2019s cybersecurity state 2. The ability to differentiate between when a device will likely operate as expected from when it may be in a degraded cybersecurity state 3. The ability to restrict access to the state indicator so only authorized entities can view it 4. The abil...""}, {""chunk_id"": ""NIST.SP.800-213A-0053"", ""source"": ""NIST.SP.800-213A.pdf"", ""excerpt"": ""...uirements that may be necessary: 1. Ability to access information about the IoT device's cybersecurity state and other necessary data. 2. Ability to preserve system state information. (EIM) Event Identification & Monitoring Description: Ability to provide event identification and monitoring capabilities and/or support event identification and monitoring tools interfacing with the device. Discussion: Monitoring for cybersecurity and other adverse events is a component of many organizations\u2019 control set to enable proactive assessment of cybersecurity posture. IoT devices may have to support this kind of monitoring, and the nature of the m...""}]",,
AE-110,Spoofing,CAPTURE_TRAFFIC,Preserve packet evidence for offline analysis of session characteristics and potential identity or header anomalies.,"[{""chunk_id"": ""ETSI.EN.303.645.V3.1.3-0078"", ""source"": ""ETSI.EN.303.645.V3.1.3.pdf"", ""excerpt"": ""...13 Validate input data Provision 5.13-1 Void. Provision 5.13-1A Data input at application layer to the device via user interfaces shall be validated by the device regarding unexpected data input to prevent system manipulations and failures. EXAMPLE 1: Manipulation of the integrated database via SQL injection over a user interface is mitigated via discarding invalid data input. Systems can be subverted by incorrectly formatted data or code transferred across different types of interface. Automated tools such as fuzzers can be used by attackers or testers to exploit potential gaps and weaknesses that emerge as a result of not validating d...""}, {""chunk_id"": ""ETSI.EN.303.645.V3.1.3-0079"", ""source"": ""ETSI.EN.303.645.V3.1.3.pdf"", ""excerpt"": ""xploit potential gaps and weaknesses that emerge as a result of not validating data. EXAMPLE 2: The consumer IoT device receives data that is not of the expected type, for example executable code rather than user inputted text. The software on the consumer IoT device has been written so that the input is parameterized or \""escaped\"", preventing this code from being run. Provision 5.13-1B Data input at application layer to the device via network interfaces shall be validated by the device regarding unexpected data input to prevent system manipulations and failures. NOTE: This includes network accessible APIs without prior authentication and n...""}]",,
AE-111,Spoofing,INCREASE_LOGGING,Collect additional evidence to confirm whether the traffic is spoofed and to preserve an audit trail.,"[{""chunk_id"": ""NIST.SP.800-213A-0037"", ""source"": ""NIST.SP.800-213A.pdf"", ""excerpt"": ""...ort authentication methods. Discussion: To control logical access to interfaces, the IoT device may need to support adequate authentication methods. Some IoT devices or organizations may need support for Personal Identity Verification (PIV). More information about PIV can be found in FIPS 201-2 [ FIPS-201]. Related SP 800-53 Rev. 5 Controls: AC-17(10), IA-2, IA-2(1), IA-2(2), IA-6 Requirements that may be necessary: 1. Ability for the IoT device to require authentication prior to connecting to the device, including using remote access. 2. Ability for the IoT device to support and require appropriate authentication. 3. Ability for the Io...""}, {""chunk_id"": ""NIST.IR.8259A-0018"", ""source"": ""NIST.IR.8259A.pdf"", ""excerpt"": ""...ble any local and network interfaces that are not necessary for the core functionality of the device 2. The ability to logically restrict access to each network interface to only authorized entities (e.g., device authentication, user authentication) 3. Configuration settings for use with the Device Configuration capability including, but not limited to, the ability to enable, disable, and adjust thresholds for any ability the device might have to lock or disable an account or to delay additional authentication attempts after too many failed authentication attempts \u2022 This capability supports vulnerability management, access management, d...""}, {""chunk_id"": ""NIST.SP.800-213A-0038"", ""source"": ""NIST.SP.800-213A.pdf"", ""excerpt"": ""... Ability for the IoT device to hide or mask authentication information during authentication process. NIST SP 800-213A GUIDANCE FOR THE FEDERAL GOVERNMENT IOT DEVICE CYBERSECURITY REQUIREMENT CATALOG LA - LOGICAL ACCESS TO INTERFACES 21 This publication is available free of charge from: https://doi.org/10.6028/NIST.SP.800-213A 5. Ability to use federated authentication technologies (e.g., SAML, OAuth2, or Active Directory/Azure Active Directory). (ACF) Authentication Configuration Description: Ability to require, or not require, authentication to, and/or identification of, the IoT device, and to establish authentication and identificati...""}]",,
AE-112,DDoS,RATE_LIMIT,Reduce the impact of apparent flooding while preserving visibility into the traffic pattern.,"[{""chunk_id"": ""RFC8576-0012"", ""source"": ""RFC8576.txt"", ""excerpt"": ""...m goes beyond a specific device or an isolated system, since compromised IoT systems can be misused at scale. For example, they may be used to perform a Distributed Denial of Service (DDoS) attack that limits the availability of other networks and services. The fact that many IoT systems rely on standard IP protocols allows for easier system integration, but this also makes attacks on standard IP protocols widely applicable in other environments. This results in new requirements regarding the implementation of security. The term \""security\"" subsumes a wide range of primitives, protocols, and procedures. For instance, it includes services...""}, {""chunk_id"": ""RFC8576-0021"", ""source"": ""RFC8576.txt"", ""excerpt"": ""This is especially dangerous in the Internet of Things since an attacker might be located in the backend and target resource-constrained devices that are part of a constrained-node network [RFC7228]. A DoS attack can also be launched by physically jamming the communication channel. Network availability can also be disrupted by flooding the network with a large number of packets. On the other hand, things compromised by attackers can be used to disrupt the operation of other networks or systems by means of a Distributed DoS (DDoS) attack. Garcia-Morchon, et al. Informational [Page 11] RFC 8576 IoT Security April 2019 To deal with the above ...""}, {""chunk_id"": ""RFC8576-0044"", ""source"": ""RFC8576.txt"", ""excerpt"": ""protocol cannot be made without tailor-made IoT implementations. 5.1.2. Denial-of-Service Resistance The tight memory and processing constraints of things naturally alleviate resource-exhaustion attacks. Especially in unattended T2T communication, such attacks are difficult to notice before the service becomes unavailable (for example, because of battery or memory exhaustion). As a DoS countermeasure, DTLS, IKEv2, HIP, and Diet HIP implement return routability checks based on a cookie mechanism to delay the establishment of state at the responding host until the address of the initiating host is verified. The effectiveness of these defense...""}]",,
AE-113,Spoofing,CAPTURE_TRAFFIC,Capture traffic to confirm whether the observed profile reflects spoofing or benign service behavior.,"[{""chunk_id"": ""NIST.SP.800-213A-0037"", ""source"": ""NIST.SP.800-213A.pdf"", ""excerpt"": ""...ort authentication methods. Discussion: To control logical access to interfaces, the IoT device may need to support adequate authentication methods. Some IoT devices or organizations may need support for Personal Identity Verification (PIV). More information about PIV can be found in FIPS 201-2 [ FIPS-201]. Related SP 800-53 Rev. 5 Controls: AC-17(10), IA-2, IA-2(1), IA-2(2), IA-6 Requirements that may be necessary: 1. Ability for the IoT device to require authentication prior to connecting to the device, including using remote access. 2. Ability for the IoT device to support and require appropriate authentication. 3. Ability for the Io...""}, {""chunk_id"": ""NIST.IR.8259A-0018"", ""source"": ""NIST.IR.8259A.pdf"", ""excerpt"": ""...ble any local and network interfaces that are not necessary for the core functionality of the device 2. The ability to logically restrict access to each network interface to only authorized entities (e.g., device authentication, user authentication) 3. Configuration settings for use with the Device Configuration capability including, but not limited to, the ability to enable, disable, and adjust thresholds for any ability the device might have to lock or disable an account or to delay additional authentication attempts after too many failed authentication attempts \u2022 This capability supports vulnerability management, access management, d...""}, {""chunk_id"": ""NIST.SP.800-213A-0038"", ""source"": ""NIST.SP.800-213A.pdf"", ""excerpt"": ""... Ability for the IoT device to hide or mask authentication information during authentication process. NIST SP 800-213A GUIDANCE FOR THE FEDERAL GOVERNMENT IOT DEVICE CYBERSECURITY REQUIREMENT CATALOG LA - LOGICAL ACCESS TO INTERFACES 21 This publication is available free of charge from: https://doi.org/10.6028/NIST.SP.800-213A 5. Ability to use federated authentication technologies (e.g., SAML, OAuth2, or Active Directory/Azure Active Directory). (ACF) Authentication Configuration Description: Ability to require, or not require, authentication to, and/or identification of, the IoT device, and to establish authentication and identificati...""}]",,
AE-114,Benign,NOTIFY_OPERATOR,Operator awareness is appropriate because the alert is intent-only and device identity is unvalidated.,"[{""chunk_id"": ""NIST.SP.800-61r3-0055"", ""source"": ""NIST.SP.800-61r3.pdf"", ""excerpt"": ""..., find cybersecurity incidents. DE.CM (Continuous Monitoring) Assets are monitored to find anomalies, indicators of compromise, and other potentially adverse events High R1: Continuous monitoring for unauthorized activity, deviations from expected activity, and changes in security posture should involve the following types of assets at all times: networks and network services; computing hardware and software, runtime environments, and their data; the physical environment; personnel activity and technology usage; and external service provider activities. C1: Consider using cyber threat information with continuous monitoring to help ident...""}, {""chunk_id"": ""NIST.IR.8259A-0022"", ""source"": ""NIST.IR.8259A.pdf"", ""excerpt"": ""ITY CORE BASELINE 10 This publication is available free of charge from: https://doi.org/10.6028/NIST.IR.8259A Device Cybersecurity Capability Common Elements Rationale IoT Reference Examples Cybersecurity State Awareness: The IoT device can report on its cybersecurity state and make that information accessible to authorized entities only. 1. The ability to report the device\u2019s cybersecurity state 2. The ability to differentiate between when a device will likely operate as expected from when it may be in a degraded cybersecurity state 3. The ability to restrict access to the state indicator so only authorized entities can view it 4. The abil...""}, {""chunk_id"": ""NIST.SP.800-213A-0053"", ""source"": ""NIST.SP.800-213A.pdf"", ""excerpt"": ""...uirements that may be necessary: 1. Ability to access information about the IoT device's cybersecurity state and other necessary data. 2. Ability to preserve system state information. (EIM) Event Identification & Monitoring Description: Ability to provide event identification and monitoring capabilities and/or support event identification and monitoring tools interfacing with the device. Discussion: Monitoring for cybersecurity and other adverse events is a component of many organizations\u2019 control set to enable proactive assessment of cybersecurity posture. IoT devices may have to support this kind of monitoring, and the nature of the m...""}]",,
AE-115,Spoofing,NOTIFY_OPERATOR,Human review is warranted because device identity is unvalidated and the action is mitigation intent only.,"[{""chunk_id"": ""NIST.SP.800-213A-0037"", ""source"": ""NIST.SP.800-213A.pdf"", ""excerpt"": ""...ort authentication methods. Discussion: To control logical access to interfaces, the IoT device may need to support adequate authentication methods. Some IoT devices or organizations may need support for Personal Identity Verification (PIV). More information about PIV can be found in FIPS 201-2 [ FIPS-201]. Related SP 800-53 Rev. 5 Controls: AC-17(10), IA-2, IA-2(1), IA-2(2), IA-6 Requirements that may be necessary: 1. Ability for the IoT device to require authentication prior to connecting to the device, including using remote access. 2. Ability for the IoT device to support and require appropriate authentication. 3. Ability for the Io...""}, {""chunk_id"": ""NIST.IR.8259A-0018"", ""source"": ""NIST.IR.8259A.pdf"", ""excerpt"": ""...ble any local and network interfaces that are not necessary for the core functionality of the device 2. The ability to logically restrict access to each network interface to only authorized entities (e.g., device authentication, user authentication) 3. Configuration settings for use with the Device Configuration capability including, but not limited to, the ability to enable, disable, and adjust thresholds for any ability the device might have to lock or disable an account or to delay additional authentication attempts after too many failed authentication attempts \u2022 This capability supports vulnerability management, access management, d...""}, {""chunk_id"": ""NIST.SP.800-213A-0038"", ""source"": ""NIST.SP.800-213A.pdf"", ""excerpt"": ""... Ability for the IoT device to hide or mask authentication information during authentication process. NIST SP 800-213A GUIDANCE FOR THE FEDERAL GOVERNMENT IOT DEVICE CYBERSECURITY REQUIREMENT CATALOG LA - LOGICAL ACCESS TO INTERFACES 21 This publication is available free of charge from: https://doi.org/10.6028/NIST.SP.800-213A 5. Ability to use federated authentication technologies (e.g., SAML, OAuth2, or Active Directory/Azure Active Directory). (ACF) Authentication Configuration Description: Ability to require, or not require, authentication to, and/or identification of, the IoT device, and to establish authentication and identificati...""}]",,
AE-116,Recon,NOTIFY_OPERATOR,"Human review is appropriate due to uncertainty, limited feature fidelity, and the routing decision to escalate.","[{""chunk_id"": ""RFC8520-0022"", ""source"": ""RFC8520.txt"", ""excerpt"": ""...ne side of an access list is implicit, based on whether it is applied as to-device-policy or from-device-policy. With the exceptions of the \""name\"" of the ACL, \""type\"", \""name\"" of the Access Control Entry (ACE), and TCP and UDP source and destination port information, publishers of MUD files SHOULD limit the use of ACL model leaf nodes expressed to those found in this specification. Absent any extensions, MUD files are assumed to implement only the following ACL model features: o match-on-ipv4, match-on-ipv6, match-on-tcp, match-on-udp, match-on-icmp Furthermore, only \""accept\"" or \""drop\"" actions SHOULD be included. A MUD manager MAY choose ...""}, {""chunk_id"": ""NIST.SP.800-213A-0037"", ""source"": ""NIST.SP.800-213A.pdf"", ""excerpt"": ""...ort authentication methods. Discussion: To control logical access to interfaces, the IoT device may need to support adequate authentication methods. Some IoT devices or organizations may need support for Personal Identity Verification (PIV). More information about PIV can be found in FIPS 201-2 [ FIPS-201]. Related SP 800-53 Rev. 5 Controls: AC-17(10), IA-2, IA-2(1), IA-2(2), IA-6 Requirements that may be necessary: 1. Ability for the IoT device to require authentication prior to connecting to the device, including using remote access. 2. Ability for the IoT device to support and require appropriate authentication. 3. Ability for the Io...""}, {""chunk_id"": ""NIST.IR.8259A-0018"", ""source"": ""NIST.IR.8259A.pdf"", ""excerpt"": ""...ble any local and network interfaces that are not necessary for the core functionality of the device 2. The ability to logically restrict access to each network interface to only authorized entities (e.g., device authentication, user authentication) 3. Configuration settings for use with the Device Configuration capability including, but not limited to, the ability to enable, disable, and adjust thresholds for any ability the device might have to lock or disable an account or to delay additional authentication attempts after too many failed authentication attempts \u2022 This capability supports vulnerability management, access management, d...""}]",,
AE-117,DDoS,CAPTURE_TRAFFIC,Preserve packet/flow evidence for offline review given low confidence and lack of device identity.,"[{""chunk_id"": ""RFC8576-0044"", ""source"": ""RFC8576.txt"", ""excerpt"": ""protocol cannot be made without tailor-made IoT implementations. 5.1.2. Denial-of-Service Resistance The tight memory and processing constraints of things naturally alleviate resource-exhaustion attacks. Especially in unattended T2T communication, such attacks are difficult to notice before the service becomes unavailable (for example, because of battery or memory exhaustion). As a DoS countermeasure, DTLS, IKEv2, HIP, and Diet HIP implement return routability checks based on a cookie mechanism to delay the establishment of state at the responding host until the address of the initiating host is verified. The effectiveness of these defense...""}, {""chunk_id"": ""ETSI.EN.303.645.V3.1.3-0035"", ""source"": ""ETSI.EN.303.645.V3.1.3.pdf"", ""excerpt"": ""...credential stuffing\"" or exhaust an entire key-space. It is important that these types of attacks are detected by the consumer IoT device and defended against, whilst guarding against a related threat of \""resource exhaustion\"" and denial of service attacks. 5.2 Implement a means to manage reports of vulnerabilities Manufacturers that provide IoT products have a duty of care to consumers and third parties who can be harmed by their failure to have a CVD programme in place. Additionally, companies that share this information through industry bodies can assist others who can be suffering from the same problem. Disclosures can comprise differ...""}, {""chunk_id"": ""RFC8576-0020"", ""source"": ""RFC8576.txt"", ""excerpt"": ""...on of privilege: An attacker with low privileges can misuse additional flaws in the implemented authentication and authorization mechanisms of a thing to gain more privileged access to the thing and its data. 11. Denial of Service (DoS) attack: Often things have very limited memory and computation capabilities. Therefore, they are vulnerable to resource-exhaustion attack. Attackers can continuously send requests to specific things so as to deplete their resources. This is especially dangerous in the Internet of Things since an attacker might be located in the backend and target resource-constrained devices that are part of a constrained-no""}]",,
AE-118,Mirai,NOTIFY_OPERATOR,Human review is required due to low confidence and the inability to confirm a device identity.,"[{""chunk_id"": ""NIST.SP.800-61r3-0055"", ""source"": ""NIST.SP.800-61r3.pdf"", ""excerpt"": ""... and, in turn, find cybersecurity incidents. DE.CM (Continuous Monitoring) Assets are monitored to find anomalies, indicators of compromise, and other potentially adverse events High R1: Continuous monitoring for unauthorized activity, deviations from expected activity, and changes in security posture should involve the following types of assets at all times: networks and network services; computing hardware and software, runtime environments, and their data; the physical environment; personnel activity and technology usage; and external service provider activities. C1: Consider using cyber threat information with continuous monitoring ...""}, {""chunk_id"": ""NIST.SP.800-61r3-0056"", ""source"": ""NIST.SP.800-61r3.pdf"", ""excerpt"": ""...sful and failed access attempts into all controlled areas, the movement of people and equipment into and out of secure areas of facilities, and signs of tampering with physical access controls. DE.CM-03 Personnel activity and technology usage are monitored to find potentially adverse events High R1: Monitoring personnel activity and technology usage should include anomalous user activity or unusual patterns of activity, authentication and logical access attempts, and the use of deception technology. DE.CM-06 External service provider activities and services are monitored to find potentially adverse events High R1: Monitoring external se...""}]",,
AE-119,Spoofing,INCREASE_LOGGING,"Capture additional telemetry to confirm whether the flow profile reflects spoofing or a benign burst, without assuming device identity.","[{""chunk_id"": ""ETSI.EN.303.645.V3.1.3-0078"", ""source"": ""ETSI.EN.303.645.V3.1.3.pdf"", ""excerpt"": ""...13 Validate input data Provision 5.13-1 Void. Provision 5.13-1A Data input at application layer to the device via user interfaces shall be validated by the device regarding unexpected data input to prevent system manipulations and failures. EXAMPLE 1: Manipulation of the integrated database via SQL injection over a user interface is mitigated via discarding invalid data input. Systems can be subverted by incorrectly formatted data or code transferred across different types of interface. Automated tools such as fuzzers can be used by attackers or testers to exploit potential gaps and weaknesses that emerge as a result of not validating d...""}, {""chunk_id"": ""ETSI.EN.303.645.V3.1.3-0079"", ""source"": ""ETSI.EN.303.645.V3.1.3.pdf"", ""excerpt"": ""xploit potential gaps and weaknesses that emerge as a result of not validating data. EXAMPLE 2: The consumer IoT device receives data that is not of the expected type, for example executable code rather than user inputted text. The software on the consumer IoT device has been written so that the input is parameterized or \""escaped\"", preventing this code from being run. Provision 5.13-1B Data input at application layer to the device via network interfaces shall be validated by the device regarding unexpected data input to prevent system manipulations and failures. NOTE: This includes network accessible APIs without prior authentication and n...""}]",,
AE-120,Spoofing,CAPTURE_TRAFFIC,Packet/flow capture can help verify whether the observed pattern reflects spoofing or benign bursty traffic.,"[{""chunk_id"": ""ETSI.EN.303.645.V3.1.3-0078"", ""source"": ""ETSI.EN.303.645.V3.1.3.pdf"", ""excerpt"": ""...13 Validate input data Provision 5.13-1 Void. Provision 5.13-1A Data input at application layer to the device via user interfaces shall be validated by the device regarding unexpected data input to prevent system manipulations and failures. EXAMPLE 1: Manipulation of the integrated database via SQL injection over a user interface is mitigated via discarding invalid data input. Systems can be subverted by incorrectly formatted data or code transferred across different types of interface. Automated tools such as fuzzers can be used by attackers or testers to exploit potential gaps and weaknesses that emerge as a result of not validating d...""}, {""chunk_id"": ""ETSI.EN.303.645.V3.1.3-0079"", ""source"": ""ETSI.EN.303.645.V3.1.3.pdf"", ""excerpt"": ""xploit potential gaps and weaknesses that emerge as a result of not validating data. EXAMPLE 2: The consumer IoT device receives data that is not of the expected type, for example executable code rather than user inputted text. The software on the consumer IoT device has been written so that the input is parameterized or \""escaped\"", preventing this code from being run. Provision 5.13-1B Data input at application layer to the device via network interfaces shall be validated by the device regarding unexpected data input to prevent system manipulations and failures. NOTE: This includes network accessible APIs without prior authentication and n...""}]",,
AE-121,BruteForce,RATE_LIMIT,Reduce the impact of repeated high-rate attempts while preserving observability.,"[{""chunk_id"": ""RFC8576-0012"", ""source"": ""RFC8576.txt"", ""excerpt"": ""...m goes beyond a specific device or an isolated system, since compromised IoT systems can be misused at scale. For example, they may be used to perform a Distributed Denial of Service (DDoS) attack that limits the availability of other networks and services. The fact that many IoT systems rely on standard IP protocols allows for easier system integration, but this also makes attacks on standard IP protocols widely applicable in other environments. This results in new requirements regarding the implementation of security. The term \""security\"" subsumes a wide range of primitives, protocols, and procedures. For instance, it includes services...""}, {""chunk_id"": ""RFC8576-0021"", ""source"": ""RFC8576.txt"", ""excerpt"": ""This is especially dangerous in the Internet of Things since an attacker might be located in the backend and target resource-constrained devices that are part of a constrained-node network [RFC7228]. A DoS attack can also be launched by physically jamming the communication channel. Network availability can also be disrupted by flooding the network with a large number of packets. On the other hand, things compromised by attackers can be used to disrupt the operation of other networks or systems by means of a Distributed DoS (DDoS) attack. Garcia-Morchon, et al. Informational [Page 11] RFC 8576 IoT Security April 2019 To deal with the above ...""}, {""chunk_id"": ""RFC8576-0044"", ""source"": ""RFC8576.txt"", ""excerpt"": ""protocol cannot be made without tailor-made IoT implementations. 5.1.2. Denial-of-Service Resistance The tight memory and processing constraints of things naturally alleviate resource-exhaustion attacks. Especially in unattended T2T communication, such attacks are difficult to notice before the service becomes unavailable (for example, because of battery or memory exhaustion). As a DoS countermeasure, DTLS, IKEv2, HIP, and Diet HIP implement return routability checks based on a cookie mechanism to delay the establishment of state at the responding host until the address of the initiating host is verified. The effectiveness of these defense...""}]",,
AE-122,Benign,INCREASE_LOGGING,Collect additional evidence because the alert is intent-only and lacks a validated device identifier.,"[{""chunk_id"": ""ETSI.EN.303.645.V3.1.3-0034"", ""source"": ""ETSI.EN.303.645.V3.1.3.pdf"", ""excerpt"": ""device shall provide to the user or an administrator a simple mechanism to change the authentication value used. EXAMPLE 3: For biometric authentication values the device manufacturer allows this change in authentication value through retraining against a new biometric. EXAMPLE 4: A parent in a household creates an account on the consumer IoT device for their child and selects and manages the PIN or password that the child uses. The parent is an administrator on the consumer IoT device and can restrict the child from changing the PIN or password. EXAMPLE 5: To make it simple for the user to change a password, the manufacturer designs the p...""}, {""chunk_id"": ""ETSI.EN.303.645.V3.1.3-0060"", ""source"": ""ETSI.EN.303.645.V3.1.3.pdf"", ""excerpt"": ""...e technology, risk and usage. Provision 5.5-7 The consumer IoT device shall protect the confidentiality of critical security parameters that are communicated via remotely accessible network interfaces. ETSI ETSI EN 303 645 V3.1.3 (2024-09) 22 Many different methods exist for enrolment and authentication. Some authentication values are provided by out-of-band authentication mechanisms, such as a QR code, and some are human-readable, such as a password. Where an authentication mechanism uses unique values per authentication attempt (e.g. in a challenge-response mechanism or when using one time passwords as a second factor), the response is n""}, {""chunk_id"": ""NIST.IR.8259A-0018"", ""source"": ""NIST.IR.8259A.pdf"", ""excerpt"": ""...ble any local and network interfaces that are not necessary for the core functionality of the device 2. The ability to logically restrict access to each network interface to only authorized entities (e.g., device authentication, user authentication) 3. Configuration settings for use with the Device Configuration capability including, but not limited to, the ability to enable, disable, and adjust thresholds for any ability the device might have to lock or disable an account or to delay additional authentication attempts after too many failed authentication attempts \u2022 This capability supports vulnerability management, access management, d...""}]",,
AE-123,Spoofing,CAPTURE_TRAFFIC,Preserve traffic evidence to confirm or refute spoofing characteristics.,"[{""chunk_id"": ""ETSI.EN.303.645.V3.1.3-0078"", ""source"": ""ETSI.EN.303.645.V3.1.3.pdf"", ""excerpt"": ""...13 Validate input data Provision 5.13-1 Void. Provision 5.13-1A Data input at application layer to the device via user interfaces shall be validated by the device regarding unexpected data input to prevent system manipulations and failures. EXAMPLE 1: Manipulation of the integrated database via SQL injection over a user interface is mitigated via discarding invalid data input. Systems can be subverted by incorrectly formatted data or code transferred across different types of interface. Automated tools such as fuzzers can be used by attackers or testers to exploit potential gaps and weaknesses that emerge as a result of not validating d...""}, {""chunk_id"": ""ETSI.EN.303.645.V3.1.3-0079"", ""source"": ""ETSI.EN.303.645.V3.1.3.pdf"", ""excerpt"": ""xploit potential gaps and weaknesses that emerge as a result of not validating data. EXAMPLE 2: The consumer IoT device receives data that is not of the expected type, for example executable code rather than user inputted text. The software on the consumer IoT device has been written so that the input is parameterized or \""escaped\"", preventing this code from being run. Provision 5.13-1B Data input at application layer to the device via network interfaces shall be validated by the device regarding unexpected data input to prevent system manipulations and failures. NOTE: This includes network accessible APIs without prior authentication and n...""}]",,
AE-124,Benign,NOTIFY_OPERATOR,Human review is appropriate because the alert is uncertain and mitigation should remain bounded.,"[{""chunk_id"": ""ETSI.EN.303.645.V3.1.3-0034"", ""source"": ""ETSI.EN.303.645.V3.1.3.pdf"", ""excerpt"": ""device shall provide to the user or an administrator a simple mechanism to change the authentication value used. EXAMPLE 3: For biometric authentication values the device manufacturer allows this change in authentication value through retraining against a new biometric. EXAMPLE 4: A parent in a household creates an account on the consumer IoT device for their child and selects and manages the PIN or password that the child uses. The parent is an administrator on the consumer IoT device and can restrict the child from changing the PIN or password. EXAMPLE 5: To make it simple for the user to change a password, the manufacturer designs the p...""}, {""chunk_id"": ""ETSI.EN.303.645.V3.1.3-0060"", ""source"": ""ETSI.EN.303.645.V3.1.3.pdf"", ""excerpt"": ""...e technology, risk and usage. Provision 5.5-7 The consumer IoT device shall protect the confidentiality of critical security parameters that are communicated via remotely accessible network interfaces. ETSI ETSI EN 303 645 V3.1.3 (2024-09) 22 Many different methods exist for enrolment and authentication. Some authentication values are provided by out-of-band authentication mechanisms, such as a QR code, and some are human-readable, such as a password. Where an authentication mechanism uses unique values per authentication attempt (e.g. in a challenge-response mechanism or when using one time passwords as a second factor), the response is n""}, {""chunk_id"": ""NIST.IR.8259A-0018"", ""source"": ""NIST.IR.8259A.pdf"", ""excerpt"": ""...ble any local and network interfaces that are not necessary for the core functionality of the device 2. The ability to logically restrict access to each network interface to only authorized entities (e.g., device authentication, user authentication) 3. Configuration settings for use with the Device Configuration capability including, but not limited to, the ability to enable, disable, and adjust thresholds for any ability the device might have to lock or disable an account or to delay additional authentication attempts after too many failed authentication attempts \u2022 This capability supports vulnerability management, access management, d...""}]",,
AE-125,Mirai,NOTIFY_OPERATOR,Human review is appropriate because the alert is strong but still profile-based and not tied to a validated device identity.,"[{""chunk_id"": ""NIST.SP.800-61r3-0055"", ""source"": ""NIST.SP.800-61r3.pdf"", ""excerpt"": ""... and, in turn, find cybersecurity incidents. DE.CM (Continuous Monitoring) Assets are monitored to find anomalies, indicators of compromise, and other potentially adverse events High R1: Continuous monitoring for unauthorized activity, deviations from expected activity, and changes in security posture should involve the following types of assets at all times: networks and network services; computing hardware and software, runtime environments, and their data; the physical environment; personnel activity and technology usage; and external service provider activities. C1: Consider using cyber threat information with continuous monitoring ...""}, {""chunk_id"": ""NIST.SP.800-61r3-0056"", ""source"": ""NIST.SP.800-61r3.pdf"", ""excerpt"": ""...sful and failed access attempts into all controlled areas, the movement of people and equipment into and out of secure areas of facilities, and signs of tampering with physical access controls. DE.CM-03 Personnel activity and technology usage are monitored to find potentially adverse events High R1: Monitoring personnel activity and technology usage should include anomalous user activity or unusual patterns of activity, authentication and logical access attempts, and the use of deception technology. DE.CM-06 External service provider activities and services are monitored to find potentially adverse events High R1: Monitoring external se...""}, {""chunk_id"": ""NIST.SP.800-213-0058"", ""source"": ""NIST.SP.800-213.pdf"", ""excerpt"": ""...rest of a system might. For example, IoT devices with a short lifespan, limited functionality, or limited accessibility may not be subject to some threat sources (e.g., attackers aiming to do medium- to long-term reconnaissance) or some events (e.g., those that require extended, consistent network access). IoT devices will often have many of the same threat sources and events as the existing information system. There may be a set of unique IoT device threat sources and events as well as some information system threat sources and events that do not apply to the IoT device. In this sense, there are two classes when comparing threat source...""}]",,
AE-126,Spoofing,INCREASE_LOGGING,Increase visibility on the suspicious profile to collect more evidence before containment.,"[{""chunk_id"": ""ETSI.EN.303.645.V3.1.3-0078"", ""source"": ""ETSI.EN.303.645.V3.1.3.pdf"", ""excerpt"": ""...13 Validate input data Provision 5.13-1 Void. Provision 5.13-1A Data input at application layer to the device via user interfaces shall be validated by the device regarding unexpected data input to prevent system manipulations and failures. EXAMPLE 1: Manipulation of the integrated database via SQL injection over a user interface is mitigated via discarding invalid data input. Systems can be subverted by incorrectly formatted data or code transferred across different types of interface. Automated tools such as fuzzers can be used by attackers or testers to exploit potential gaps and weaknesses that emerge as a result of not validating d...""}, {""chunk_id"": ""ETSI.EN.303.645.V3.1.3-0079"", ""source"": ""ETSI.EN.303.645.V3.1.3.pdf"", ""excerpt"": ""xploit potential gaps and weaknesses that emerge as a result of not validating data. EXAMPLE 2: The consumer IoT device receives data that is not of the expected type, for example executable code rather than user inputted text. The software on the consumer IoT device has been written so that the input is parameterized or \""escaped\"", preventing this code from being run. Provision 5.13-1B Data input at application layer to the device via network interfaces shall be validated by the device regarding unexpected data input to prevent system manipulations and failures. NOTE: This includes network accessible APIs without prior authentication and n...""}]",,
AE-127,Benign,INCREASE_LOGGING,"Collect additional evidence while preserving service, since the alert lacks device identity and execution is not permitted.","[{""chunk_id"": ""ETSI.EN.303.645.V3.1.3-0034"", ""source"": ""ETSI.EN.303.645.V3.1.3.pdf"", ""excerpt"": ""device shall provide to the user or an administrator a simple mechanism to change the authentication value used. EXAMPLE 3: For biometric authentication values the device manufacturer allows this change in authentication value through retraining against a new biometric. EXAMPLE 4: A parent in a household creates an account on the consumer IoT device for their child and selects and manages the PIN or password that the child uses. The parent is an administrator on the consumer IoT device and can restrict the child from changing the PIN or password. EXAMPLE 5: To make it simple for the user to change a password, the manufacturer designs the p...""}, {""chunk_id"": ""NIST.IR.8259A-0018"", ""source"": ""NIST.IR.8259A.pdf"", ""excerpt"": ""...ble any local and network interfaces that are not necessary for the core functionality of the device 2. The ability to logically restrict access to each network interface to only authorized entities (e.g., device authentication, user authentication) 3. Configuration settings for use with the Device Configuration capability including, but not limited to, the ability to enable, disable, and adjust thresholds for any ability the device might have to lock or disable an account or to delay additional authentication attempts after too many failed authentication attempts \u2022 This capability supports vulnerability management, access management, d...""}]",,
AE-128,Benign,INCREASE_LOGGING,Provides additional evidence if the benign classification later changes or anomalies emerge.,"[{""chunk_id"": ""NIST.SP.800-61r3-0055"", ""source"": ""NIST.SP.800-61r3.pdf"", ""excerpt"": ""..., find cybersecurity incidents. DE.CM (Continuous Monitoring) Assets are monitored to find anomalies, indicators of compromise, and other potentially adverse events High R1: Continuous monitoring for unauthorized activity, deviations from expected activity, and changes in security posture should involve the following types of assets at all times: networks and network services; computing hardware and software, runtime environments, and their data; the physical environment; personnel activity and technology usage; and external service provider activities. C1: Consider using cyber threat information with continuous monitoring to help ident...""}, {""chunk_id"": ""NIST.IR.8259A-0022"", ""source"": ""NIST.IR.8259A.pdf"", ""excerpt"": ""ITY CORE BASELINE 10 This publication is available free of charge from: https://doi.org/10.6028/NIST.IR.8259A Device Cybersecurity Capability Common Elements Rationale IoT Reference Examples Cybersecurity State Awareness: The IoT device can report on its cybersecurity state and make that information accessible to authorized entities only. 1. The ability to report the device\u2019s cybersecurity state 2. The ability to differentiate between when a device will likely operate as expected from when it may be in a degraded cybersecurity state 3. The ability to restrict access to the state indicator so only authorized entities can view it 4. The abil...""}, {""chunk_id"": ""NIST.SP.800-213A-0053"", ""source"": ""NIST.SP.800-213A.pdf"", ""excerpt"": ""...uirements that may be necessary: 1. Ability to access information about the IoT device's cybersecurity state and other necessary data. 2. Ability to preserve system state information. (EIM) Event Identification & Monitoring Description: Ability to provide event identification and monitoring capabilities and/or support event identification and monitoring tools interfacing with the device. Discussion: Monitoring for cybersecurity and other adverse events is a component of many organizations\u2019 control set to enable proactive assessment of cybersecurity posture. IoT devices may have to support this kind of monitoring, and the nature of the m...""}]",,
AE-129,Spoofing,CAPTURE_TRAFFIC,Preserve packet/flow samples for offline analysis because the current features are insufficient to validate identity or intent.,"[{""chunk_id"": ""NIST.SP.800-213A-0037"", ""source"": ""NIST.SP.800-213A.pdf"", ""excerpt"": ""...ort authentication methods. Discussion: To control logical access to interfaces, the IoT device may need to support adequate authentication methods. Some IoT devices or organizations may need support for Personal Identity Verification (PIV). More information about PIV can be found in FIPS 201-2 [ FIPS-201]. Related SP 800-53 Rev. 5 Controls: AC-17(10), IA-2, IA-2(1), IA-2(2), IA-6 Requirements that may be necessary: 1. Ability for the IoT device to require authentication prior to connecting to the device, including using remote access. 2. Ability for the IoT device to support and require appropriate authentication. 3. Ability for the Io...""}, {""chunk_id"": ""NIST.IR.8259A-0018"", ""source"": ""NIST.IR.8259A.pdf"", ""excerpt"": ""...ble any local and network interfaces that are not necessary for the core functionality of the device 2. The ability to logically restrict access to each network interface to only authorized entities (e.g., device authentication, user authentication) 3. Configuration settings for use with the Device Configuration capability including, but not limited to, the ability to enable, disable, and adjust thresholds for any ability the device might have to lock or disable an account or to delay additional authentication attempts after too many failed authentication attempts \u2022 This capability supports vulnerability management, access management, d...""}, {""chunk_id"": ""NIST.SP.800-213A-0038"", ""source"": ""NIST.SP.800-213A.pdf"", ""excerpt"": ""... Ability for the IoT device to hide or mask authentication information during authentication process. NIST SP 800-213A GUIDANCE FOR THE FEDERAL GOVERNMENT IOT DEVICE CYBERSECURITY REQUIREMENT CATALOG LA - LOGICAL ACCESS TO INTERFACES 21 This publication is available free of charge from: https://doi.org/10.6028/NIST.SP.800-213A 5. Ability to use federated authentication technologies (e.g., SAML, OAuth2, or Active Directory/Azure Active Directory). (ACF) Authentication Configuration Description: Ability to require, or not require, authentication to, and/or identification of, the IoT device, and to establish authentication and identificati...""}]",,
AE-130,DDoS,NOTIFY_OPERATOR,Human review is appropriate because the alert is high-confidence but device identity is not validated.,"[{""chunk_id"": ""RFC8576-0012"", ""source"": ""RFC8576.txt"", ""excerpt"": ""...m goes beyond a specific device or an isolated system, since compromised IoT systems can be misused at scale. For example, they may be used to perform a Distributed Denial of Service (DDoS) attack that limits the availability of other networks and services. The fact that many IoT systems rely on standard IP protocols allows for easier system integration, but this also makes attacks on standard IP protocols widely applicable in other environments. This results in new requirements regarding the implementation of security. The term \""security\"" subsumes a wide range of primitives, protocols, and procedures. For instance, it includes services...""}, {""chunk_id"": ""RFC8576-0021"", ""source"": ""RFC8576.txt"", ""excerpt"": ""This is especially dangerous in the Internet of Things since an attacker might be located in the backend and target resource-constrained devices that are part of a constrained-node network [RFC7228]. A DoS attack can also be launched by physically jamming the communication channel. Network availability can also be disrupted by flooding the network with a large number of packets. On the other hand, things compromised by attackers can be used to disrupt the operation of other networks or systems by means of a Distributed DoS (DDoS) attack. Garcia-Morchon, et al. Informational [Page 11] RFC 8576 IoT Security April 2019 To deal with the above ...""}, {""chunk_id"": ""RFC8576-0044"", ""source"": ""RFC8576.txt"", ""excerpt"": ""protocol cannot be made without tailor-made IoT implementations. 5.1.2. Denial-of-Service Resistance The tight memory and processing constraints of things naturally alleviate resource-exhaustion attacks. Especially in unattended T2T communication, such attacks are difficult to notice before the service becomes unavailable (for example, because of battery or memory exhaustion). As a DoS countermeasure, DTLS, IKEv2, HIP, and Diet HIP implement return routability checks based on a cookie mechanism to delay the establishment of state at the responding host until the address of the initiating host is verified. The effectiveness of these defense...""}]",,
AE-131,Spoofing,CAPTURE_TRAFFIC,Collect packet evidence for offline validation of spoofing indicators and to distinguish benign TLS activity from impersonation or replay behavior.,"[{""chunk_id"": ""NIST.SP.800-213A-0037"", ""source"": ""NIST.SP.800-213A.pdf"", ""excerpt"": ""...ort authentication methods. Discussion: To control logical access to interfaces, the IoT device may need to support adequate authentication methods. Some IoT devices or organizations may need support for Personal Identity Verification (PIV). More information about PIV can be found in FIPS 201-2 [ FIPS-201]. Related SP 800-53 Rev. 5 Controls: AC-17(10), IA-2, IA-2(1), IA-2(2), IA-6 Requirements that may be necessary: 1. Ability for the IoT device to require authentication prior to connecting to the device, including using remote access. 2. Ability for the IoT device to support and require appropriate authentication. 3. Ability for the Io...""}, {""chunk_id"": ""NIST.IR.8259A-0018"", ""source"": ""NIST.IR.8259A.pdf"", ""excerpt"": ""...ble any local and network interfaces that are not necessary for the core functionality of the device 2. The ability to logically restrict access to each network interface to only authorized entities (e.g., device authentication, user authentication) 3. Configuration settings for use with the Device Configuration capability including, but not limited to, the ability to enable, disable, and adjust thresholds for any ability the device might have to lock or disable an account or to delay additional authentication attempts after too many failed authentication attempts \u2022 This capability supports vulnerability management, access management, d...""}]",,
AE-132,DoS,NOTIFY_OPERATOR,High-confidence alert with no validated device identity warrants human review before stronger containment is applied.,"[{""chunk_id"": ""RFC8576-0044"", ""source"": ""RFC8576.txt"", ""excerpt"": ""protocol cannot be made without tailor-made IoT implementations. 5.1.2. Denial-of-Service Resistance The tight memory and processing constraints of things naturally alleviate resource-exhaustion attacks. Especially in unattended T2T communication, such attacks are difficult to notice before the service becomes unavailable (for example, because of battery or memory exhaustion). As a DoS countermeasure, DTLS, IKEv2, HIP, and Diet HIP implement return routability checks based on a cookie mechanism to delay the establishment of state at the responding host until the address of the initiating host is verified. The effectiveness of these defense...""}, {""chunk_id"": ""ETSI.EN.303.645.V3.1.3-0035"", ""source"": ""ETSI.EN.303.645.V3.1.3.pdf"", ""excerpt"": ""...credential stuffing\"" or exhaust an entire key-space. It is important that these types of attacks are detected by the consumer IoT device and defended against, whilst guarding against a related threat of \""resource exhaustion\"" and denial of service attacks. 5.2 Implement a means to manage reports of vulnerabilities Manufacturers that provide IoT products have a duty of care to consumers and third parties who can be harmed by their failure to have a CVD programme in place. Additionally, companies that share this information through industry bodies can assist others who can be suffering from the same problem. Disclosures can comprise differ...""}, {""chunk_id"": ""RFC8576-0020"", ""source"": ""RFC8576.txt"", ""excerpt"": ""...on of privilege: An attacker with low privileges can misuse additional flaws in the implemented authentication and authorization mechanisms of a thing to gain more privileged access to the thing and its data. 11. Denial of Service (DoS) attack: Often things have very limited memory and computation capabilities. Therefore, they are vulnerable to resource-exhaustion attack. Attackers can continuously send requests to specific things so as to deplete their resources. This is especially dangerous in the Internet of Things since an attacker might be located in the backend and target resource-constrained devices that are part of a constrained-no""}]",,
AE-133,Benign,INCREASE_LOGGING,Collect more context to confirm the benign classification and support later review.,"[{""chunk_id"": ""ETSI.EN.303.645.V3.1.3-0034"", ""source"": ""ETSI.EN.303.645.V3.1.3.pdf"", ""excerpt"": ""device shall provide to the user or an administrator a simple mechanism to change the authentication value used. EXAMPLE 3: For biometric authentication values the device manufacturer allows this change in authentication value through retraining against a new biometric. EXAMPLE 4: A parent in a household creates an account on the consumer IoT device for their child and selects and manages the PIN or password that the child uses. The parent is an administrator on the consumer IoT device and can restrict the child from changing the PIN or password. EXAMPLE 5: To make it simple for the user to change a password, the manufacturer designs the p...""}, {""chunk_id"": ""ETSI.EN.303.645.V3.1.3-0060"", ""source"": ""ETSI.EN.303.645.V3.1.3.pdf"", ""excerpt"": ""...e technology, risk and usage. Provision 5.5-7 The consumer IoT device shall protect the confidentiality of critical security parameters that are communicated via remotely accessible network interfaces. ETSI ETSI EN 303 645 V3.1.3 (2024-09) 22 Many different methods exist for enrolment and authentication. Some authentication values are provided by out-of-band authentication mechanisms, such as a QR code, and some are human-readable, such as a password. Where an authentication mechanism uses unique values per authentication attempt (e.g. in a challenge-response mechanism or when using one time passwords as a second factor), the response is n""}, {""chunk_id"": ""NIST.IR.8259A-0018"", ""source"": ""NIST.IR.8259A.pdf"", ""excerpt"": ""...ble any local and network interfaces that are not necessary for the core functionality of the device 2. The ability to logically restrict access to each network interface to only authorized entities (e.g., device authentication, user authentication) 3. Configuration settings for use with the Device Configuration capability including, but not limited to, the ability to enable, disable, and adjust thresholds for any ability the device might have to lock or disable an account or to delay additional authentication attempts after too many failed authentication attempts \u2022 This capability supports vulnerability management, access management, d...""}]",,
AE-134,Benign,NOTIFY_OPERATOR,Ensure human awareness without disrupting service.,"[{""chunk_id"": ""ETSI.EN.303.645.V3.1.3-0034"", ""source"": ""ETSI.EN.303.645.V3.1.3.pdf"", ""excerpt"": ""device shall provide to the user or an administrator a simple mechanism to change the authentication value used. EXAMPLE 3: For biometric authentication values the device manufacturer allows this change in authentication value through retraining against a new biometric. EXAMPLE 4: A parent in a household creates an account on the consumer IoT device for their child and selects and manages the PIN or password that the child uses. The parent is an administrator on the consumer IoT device and can restrict the child from changing the PIN or password. EXAMPLE 5: To make it simple for the user to change a password, the manufacturer designs the p...""}, {""chunk_id"": ""ETSI.EN.303.645.V3.1.3-0060"", ""source"": ""ETSI.EN.303.645.V3.1.3.pdf"", ""excerpt"": ""...e technology, risk and usage. Provision 5.5-7 The consumer IoT device shall protect the confidentiality of critical security parameters that are communicated via remotely accessible network interfaces. ETSI ETSI EN 303 645 V3.1.3 (2024-09) 22 Many different methods exist for enrolment and authentication. Some authentication values are provided by out-of-band authentication mechanisms, such as a QR code, and some are human-readable, such as a password. Where an authentication mechanism uses unique values per authentication attempt (e.g. in a challenge-response mechanism or when using one time passwords as a second factor), the response is n""}, {""chunk_id"": ""NIST.IR.8259A-0018"", ""source"": ""NIST.IR.8259A.pdf"", ""excerpt"": ""...ble any local and network interfaces that are not necessary for the core functionality of the device 2. The ability to logically restrict access to each network interface to only authorized entities (e.g., device authentication, user authentication) 3. Configuration settings for use with the Device Configuration capability including, but not limited to, the ability to enable, disable, and adjust thresholds for any ability the device might have to lock or disable an account or to delay additional authentication attempts after too many failed authentication attempts \u2022 This capability supports vulnerability management, access management, d...""}]",,
AE-135,Benign,MONITOR,Preserve availability while confirming the flow remains consistent with normal encrypted traffic.,"[{""chunk_id"": ""ETSI.EN.303.645.V3.1.3-0034"", ""source"": ""ETSI.EN.303.645.V3.1.3.pdf"", ""excerpt"": ""device shall provide to the user or an administrator a simple mechanism to change the authentication value used. EXAMPLE 3: For biometric authentication values the device manufacturer allows this change in authentication value through retraining against a new biometric. EXAMPLE 4: A parent in a household creates an account on the consumer IoT device for their child and selects and manages the PIN or password that the child uses. The parent is an administrator on the consumer IoT device and can restrict the child from changing the PIN or password. EXAMPLE 5: To make it simple for the user to change a password, the manufacturer designs the p...""}, {""chunk_id"": ""ETSI.EN.303.645.V3.1.3-0060"", ""source"": ""ETSI.EN.303.645.V3.1.3.pdf"", ""excerpt"": ""...e technology, risk and usage. Provision 5.5-7 The consumer IoT device shall protect the confidentiality of critical security parameters that are communicated via remotely accessible network interfaces. ETSI ETSI EN 303 645 V3.1.3 (2024-09) 22 Many different methods exist for enrolment and authentication. Some authentication values are provided by out-of-band authentication mechanisms, such as a QR code, and some are human-readable, such as a password. Where an authentication mechanism uses unique values per authentication attempt (e.g. in a challenge-response mechanism or when using one time passwords as a second factor), the response is n""}, {""chunk_id"": ""NIST.IR.8259A-0018"", ""source"": ""NIST.IR.8259A.pdf"", ""excerpt"": ""...ble any local and network interfaces that are not necessary for the core functionality of the device 2. The ability to logically restrict access to each network interface to only authorized entities (e.g., device authentication, user authentication) 3. Configuration settings for use with the Device Configuration capability including, but not limited to, the ability to enable, disable, and adjust thresholds for any ability the device might have to lock or disable an account or to delay additional authentication attempts after too many failed authentication attempts \u2022 This capability supports vulnerability management, access management, d...""}]",,
AE-136,Benign,INCREASE_LOGGING,Collect additional context because the alert is mitigation intent only and device identity is not validated.,"[{""chunk_id"": ""NIST.SP.800-61r3-0055"", ""source"": ""NIST.SP.800-61r3.pdf"", ""excerpt"": ""..., find cybersecurity incidents. DE.CM (Continuous Monitoring) Assets are monitored to find anomalies, indicators of compromise, and other potentially adverse events High R1: Continuous monitoring for unauthorized activity, deviations from expected activity, and changes in security posture should involve the following types of assets at all times: networks and network services; computing hardware and software, runtime environments, and their data; the physical environment; personnel activity and technology usage; and external service provider activities. C1: Consider using cyber threat information with continuous monitoring to help ident...""}, {""chunk_id"": ""NIST.IR.8259A-0022"", ""source"": ""NIST.IR.8259A.pdf"", ""excerpt"": ""ITY CORE BASELINE 10 This publication is available free of charge from: https://doi.org/10.6028/NIST.IR.8259A Device Cybersecurity Capability Common Elements Rationale IoT Reference Examples Cybersecurity State Awareness: The IoT device can report on its cybersecurity state and make that information accessible to authorized entities only. 1. The ability to report the device\u2019s cybersecurity state 2. The ability to differentiate between when a device will likely operate as expected from when it may be in a degraded cybersecurity state 3. The ability to restrict access to the state indicator so only authorized entities can view it 4. The abil...""}, {""chunk_id"": ""NIST.SP.800-213A-0053"", ""source"": ""NIST.SP.800-213A.pdf"", ""excerpt"": ""...uirements that may be necessary: 1. Ability to access information about the IoT device's cybersecurity state and other necessary data. 2. Ability to preserve system state information. (EIM) Event Identification & Monitoring Description: Ability to provide event identification and monitoring capabilities and/or support event identification and monitoring tools interfacing with the device. Discussion: Monitoring for cybersecurity and other adverse events is a component of many organizations\u2019 control set to enable proactive assessment of cybersecurity posture. IoT devices may have to support this kind of monitoring, and the nature of the m...""}]",,
AE-137,Spoofing,INCREASE_LOGGING,Improve visibility into whether the traffic is originating from a legitimate endpoint or a spoofed source.,"[{""chunk_id"": ""ETSI.EN.303.645.V3.1.3-0078"", ""source"": ""ETSI.EN.303.645.V3.1.3.pdf"", ""excerpt"": ""...13 Validate input data Provision 5.13-1 Void. Provision 5.13-1A Data input at application layer to the device via user interfaces shall be validated by the device regarding unexpected data input to prevent system manipulations and failures. EXAMPLE 1: Manipulation of the integrated database via SQL injection over a user interface is mitigated via discarding invalid data input. Systems can be subverted by incorrectly formatted data or code transferred across different types of interface. Automated tools such as fuzzers can be used by attackers or testers to exploit potential gaps and weaknesses that emerge as a result of not validating d...""}, {""chunk_id"": ""ETSI.EN.303.645.V3.1.3-0079"", ""source"": ""ETSI.EN.303.645.V3.1.3.pdf"", ""excerpt"": ""xploit potential gaps and weaknesses that emerge as a result of not validating data. EXAMPLE 2: The consumer IoT device receives data that is not of the expected type, for example executable code rather than user inputted text. The software on the consumer IoT device has been written so that the input is parameterized or \""escaped\"", preventing this code from being run. Provision 5.13-1B Data input at application layer to the device via network interfaces shall be validated by the device regarding unexpected data input to prevent system manipulations and failures. NOTE: This includes network accessible APIs without prior authentication and n...""}]",,
AE-138,DoS,RATE_LIMIT,Reduce impact from the high-rate UDP-dominant flow while preserving visibility for analysis.,"[{""chunk_id"": ""NIST.IR.8259A-0018"", ""source"": ""NIST.IR.8259A.pdf"", ""excerpt"": ""...ogical Access to Interfaces: The IoT device can restrict logical access to its local and network interfaces, and the protocols and services used by those interfaces, to authorized entities only. 1. The ability to logically or physically disable any local and network interfaces that are not necessary for the core functionality of the device 2. The ability to logically restrict access to each network interface to only authorized entities (e.g., device authentication, user authentication) 3. Configuration settings for use with the Device Configuration capability including, but not limited to, the ability to enable, disable, and adjust thre...""}, {""chunk_id"": ""NIST.SP.800-213A-0048"", ""source"": ""NIST.SP.800-213A.pdf"", ""excerpt"": ""NIST.SP.800-213A 3. Ability to logically or physically disable any local and network interfaces that are not necessary for the core functionality of the device. 4. Ability to restrict updating actions to authorized entities. 5. Ability to restrict access to the cybersecurity state indicator to authorized entities. 6. Ability to restrict use of IoT device services. 7. Ability to enforce the established local and remote access requirements. 8. Ability to prevent external access to the IoT device management interface. 9. Ability to control the IoT device\u2019s logical interface (e.g., locally or remotely). 10. Ability to change IoT device logical...""}]",,
AE-139,DoS,CAPTURE_TRAFFIC,Collect evidence to confirm whether the traffic is flood-like and to support downstream analysis.,"[{""chunk_id"": ""RFC8576-0044"", ""source"": ""RFC8576.txt"", ""excerpt"": ""protocol cannot be made without tailor-made IoT implementations. 5.1.2. Denial-of-Service Resistance The tight memory and processing constraints of things naturally alleviate resource-exhaustion attacks. Especially in unattended T2T communication, such attacks are difficult to notice before the service becomes unavailable (for example, because of battery or memory exhaustion). As a DoS countermeasure, DTLS, IKEv2, HIP, and Diet HIP implement return routability checks based on a cookie mechanism to delay the establishment of state at the responding host until the address of the initiating host is verified. The effectiveness of these defense...""}, {""chunk_id"": ""RFC8576-0020"", ""source"": ""RFC8576.txt"", ""excerpt"": ""...on of privilege: An attacker with low privileges can misuse additional flaws in the implemented authentication and authorization mechanisms of a thing to gain more privileged access to the thing and its data. 11. Denial of Service (DoS) attack: Often things have very limited memory and computation capabilities. Therefore, they are vulnerable to resource-exhaustion attack. Attackers can continuously send requests to specific things so as to deplete their resources. This is especially dangerous in the Internet of Things since an attacker might be located in the backend and target resource-constrained devices that are part of a constrained-no""}, {""chunk_id"": ""ETSI.EN.303.645.V3.1.3-0035"", ""source"": ""ETSI.EN.303.645.V3.1.3.pdf"", ""excerpt"": ""...credential stuffing\"" or exhaust an entire key-space. It is important that these types of attacks are detected by the consumer IoT device and defended against, whilst guarding against a related threat of \""resource exhaustion\"" and denial of service attacks. 5.2 Implement a means to manage reports of vulnerabilities Manufacturers that provide IoT products have a duty of care to consumers and third parties who can be harmed by their failure to have a CVD programme in place. Additionally, companies that share this information through industry bodies can assist others who can be suffering from the same problem. Disclosures can comprise differ...""}]",,
AE-140,DDoS,RATE_LIMIT,Reduce impact of a likely volumetric flood while preserving bounded gateway operation.,"[{""chunk_id"": ""RFC8576-0044"", ""source"": ""RFC8576.txt"", ""excerpt"": ""protocol cannot be made without tailor-made IoT implementations. 5.1.2. Denial-of-Service Resistance The tight memory and processing constraints of things naturally alleviate resource-exhaustion attacks. Especially in unattended T2T communication, such attacks are difficult to notice before the service becomes unavailable (for example, because of battery or memory exhaustion). As a DoS countermeasure, DTLS, IKEv2, HIP, and Diet HIP implement return routability checks based on a cookie mechanism to delay the establishment of state at the responding host until the address of the initiating host is verified. The effectiveness of these defense...""}, {""chunk_id"": ""ETSI.EN.303.645.V3.1.3-0035"", ""source"": ""ETSI.EN.303.645.V3.1.3.pdf"", ""excerpt"": ""...credential stuffing\"" or exhaust an entire key-space. It is important that these types of attacks are detected by the consumer IoT device and defended against, whilst guarding against a related threat of \""resource exhaustion\"" and denial of service attacks. 5.2 Implement a means to manage reports of vulnerabilities Manufacturers that provide IoT products have a duty of care to consumers and third parties who can be harmed by their failure to have a CVD programme in place. Additionally, companies that share this information through industry bodies can assist others who can be suffering from the same problem. Disclosures can comprise differ...""}, {""chunk_id"": ""RFC8576-0020"", ""source"": ""RFC8576.txt"", ""excerpt"": ""...on of privilege: An attacker with low privileges can misuse additional flaws in the implemented authentication and authorization mechanisms of a thing to gain more privileged access to the thing and its data. 11. Denial of Service (DoS) attack: Often things have very limited memory and computation capabilities. Therefore, they are vulnerable to resource-exhaustion attack. Attackers can continuously send requests to specific things so as to deplete their resources. This is especially dangerous in the Internet of Things since an attacker might be located in the backend and target resource-constrained devices that are part of a constrained-no""}]",,
AE-141,DoS,NOTIFY_OPERATOR,Human review is appropriate because mitigation is intent-only and the device cannot be identified from the supplied features.,"[{""chunk_id"": ""NIST.IR.8259A-0018"", ""source"": ""NIST.IR.8259A.pdf"", ""excerpt"": ""...ogical Access to Interfaces: The IoT device can restrict logical access to its local and network interfaces, and the protocols and services used by those interfaces, to authorized entities only. 1. The ability to logically or physically disable any local and network interfaces that are not necessary for the core functionality of the device 2. The ability to logically restrict access to each network interface to only authorized entities (e.g., device authentication, user authentication) 3. Configuration settings for use with the Device Configuration capability including, but not limited to, the ability to enable, disable, and adjust thre...""}, {""chunk_id"": ""NIST.SP.800-213A-0048"", ""source"": ""NIST.SP.800-213A.pdf"", ""excerpt"": ""NIST.SP.800-213A 3. Ability to logically or physically disable any local and network interfaces that are not necessary for the core functionality of the device. 4. Ability to restrict updating actions to authorized entities. 5. Ability to restrict access to the cybersecurity state indicator to authorized entities. 6. Ability to restrict use of IoT device services. 7. Ability to enforce the established local and remote access requirements. 8. Ability to prevent external access to the IoT device management interface. 9. Ability to control the IoT device\u2019s logical interface (e.g., locally or remotely). 10. Ability to change IoT device logical...""}]",,
AE-142,Mirai,CAPTURE_TRAFFIC,"Collect packet evidence to confirm whether the flow is scanning, flooding, or using a nonstandard protocol before disruptive containment.","[{""chunk_id"": ""NIST.SP.800-61r3-0055"", ""source"": ""NIST.SP.800-61r3.pdf"", ""excerpt"": ""... and, in turn, find cybersecurity incidents. DE.CM (Continuous Monitoring) Assets are monitored to find anomalies, indicators of compromise, and other potentially adverse events High R1: Continuous monitoring for unauthorized activity, deviations from expected activity, and changes in security posture should involve the following types of assets at all times: networks and network services; computing hardware and software, runtime environments, and their data; the physical environment; personnel activity and technology usage; and external service provider activities. C1: Consider using cyber threat information with continuous monitoring ...""}, {""chunk_id"": ""NIST.SP.800-61r3-0056"", ""source"": ""NIST.SP.800-61r3.pdf"", ""excerpt"": ""...sful and failed access attempts into all controlled areas, the movement of people and equipment into and out of secure areas of facilities, and signs of tampering with physical access controls. DE.CM-03 Personnel activity and technology usage are monitored to find potentially adverse events High R1: Monitoring personnel activity and technology usage should include anomalous user activity or unusual patterns of activity, authentication and logical access attempts, and the use of deception technology. DE.CM-06 External service provider activities and services are monitored to find potentially adverse events High R1: Monitoring external se...""}]",,
AE-143,DDoS,NOTIFY_OPERATOR,Escalate for human review because the alert is high-confidence but device identity is unavailable.,"[{""chunk_id"": ""RFC8576-0012"", ""source"": ""RFC8576.txt"", ""excerpt"": ""...m goes beyond a specific device or an isolated system, since compromised IoT systems can be misused at scale. For example, they may be used to perform a Distributed Denial of Service (DDoS) attack that limits the availability of other networks and services. The fact that many IoT systems rely on standard IP protocols allows for easier system integration, but this also makes attacks on standard IP protocols widely applicable in other environments. This results in new requirements regarding the implementation of security. The term \""security\"" subsumes a wide range of primitives, protocols, and procedures. For instance, it includes services...""}, {""chunk_id"": ""RFC8576-0021"", ""source"": ""RFC8576.txt"", ""excerpt"": ""This is especially dangerous in the Internet of Things since an attacker might be located in the backend and target resource-constrained devices that are part of a constrained-node network [RFC7228]. A DoS attack can also be launched by physically jamming the communication channel. Network availability can also be disrupted by flooding the network with a large number of packets. On the other hand, things compromised by attackers can be used to disrupt the operation of other networks or systems by means of a Distributed DoS (DDoS) attack. Garcia-Morchon, et al. Informational [Page 11] RFC 8576 IoT Security April 2019 To deal with the above ...""}, {""chunk_id"": ""RFC8576-0044"", ""source"": ""RFC8576.txt"", ""excerpt"": ""protocol cannot be made without tailor-made IoT implementations. 5.1.2. Denial-of-Service Resistance The tight memory and processing constraints of things naturally alleviate resource-exhaustion attacks. Especially in unattended T2T communication, such attacks are difficult to notice before the service becomes unavailable (for example, because of battery or memory exhaustion). As a DoS countermeasure, DTLS, IKEv2, HIP, and Diet HIP implement return routability checks based on a cookie mechanism to delay the establishment of state at the responding host until the address of the initiating host is verified. The effectiveness of these defense...""}]",,
AE-144,Mirai,NOTIFY_OPERATOR,Human review is warranted because the alert is high-confidence but device identity is unvalidated and execution is not permitted.,"[{""chunk_id"": ""NIST.IR.8259A-0018"", ""source"": ""NIST.IR.8259A.pdf"", ""excerpt"": ""...ogical Access to Interfaces: The IoT device can restrict logical access to its local and network interfaces, and the protocols and services used by those interfaces, to authorized entities only. 1. The ability to logically or physically disable any local and network interfaces that are not necessary for the core functionality of the device 2. The ability to logically restrict access to each network interface to only authorized entities (e.g., device authentication, user authentication) 3. Configuration settings for use with the Device Configuration capability including, but not limited to, the ability to enable, disable, and adjust thre...""}, {""chunk_id"": ""NIST.SP.800-213A-0048"", ""source"": ""NIST.SP.800-213A.pdf"", ""excerpt"": ""NIST.SP.800-213A 3. Ability to logically or physically disable any local and network interfaces that are not necessary for the core functionality of the device. 4. Ability to restrict updating actions to authorized entities. 5. Ability to restrict access to the cybersecurity state indicator to authorized entities. 6. Ability to restrict use of IoT device services. 7. Ability to enforce the established local and remote access requirements. 8. Ability to prevent external access to the IoT device management interface. 9. Ability to control the IoT device\u2019s logical interface (e.g., locally or remotely). 10. Ability to change IoT device logical...""}, {""chunk_id"": ""NIST.SP.800-213A-0129"", ""source"": ""NIST.SP.800-213A.pdf"", ""excerpt"": ""customers for how to implement malicious code protection in the IoT device and associated systems, as well as within related systems entry and exit points, and how to detect and eradicate malicious code. b. Providing education to IoT device customers for how to update the IoT device and related systems malicious code protection mechanisms when new releases are available, in accordance with organizational configuration management policy and procedures. c. Providing training and awareness information to IoT device customers that describe newly identified vulnerabilities and threats (such as zero-day malware) for the associated IoT device. d....""}]",,
AE-145,DoS,CAPTURE_TRAFFIC,Collect packet-level evidence to confirm whether the elevated rate reflects abusive flooding or benign churn.,"[{""chunk_id"": ""NIST.IR.8259A-0018"", ""source"": ""NIST.IR.8259A.pdf"", ""excerpt"": ""...ogical Access to Interfaces: The IoT device can restrict logical access to its local and network interfaces, and the protocols and services used by those interfaces, to authorized entities only. 1. The ability to logically or physically disable any local and network interfaces that are not necessary for the core functionality of the device 2. The ability to logically restrict access to each network interface to only authorized entities (e.g., device authentication, user authentication) 3. Configuration settings for use with the Device Configuration capability including, but not limited to, the ability to enable, disable, and adjust thre...""}, {""chunk_id"": ""NIST.SP.800-213A-0048"", ""source"": ""NIST.SP.800-213A.pdf"", ""excerpt"": ""NIST.SP.800-213A 3. Ability to logically or physically disable any local and network interfaces that are not necessary for the core functionality of the device. 4. Ability to restrict updating actions to authorized entities. 5. Ability to restrict access to the cybersecurity state indicator to authorized entities. 6. Ability to restrict use of IoT device services. 7. Ability to enforce the established local and remote access requirements. 8. Ability to prevent external access to the IoT device management interface. 9. Ability to control the IoT device\u2019s logical interface (e.g., locally or remotely). 10. Ability to change IoT device logical...""}, {""chunk_id"": ""NIST.SP.800-213A-0129"", ""source"": ""NIST.SP.800-213A.pdf"", ""excerpt"": ""customers for how to implement malicious code protection in the IoT device and associated systems, as well as within related systems entry and exit points, and how to detect and eradicate malicious code. b. Providing education to IoT device customers for how to update the IoT device and related systems malicious code protection mechanisms when new releases are available, in accordance with organizational configuration management policy and procedures. c. Providing training and awareness information to IoT device customers that describe newly identified vulnerabilities and threats (such as zero-day malware) for the associated IoT device. d....""}]",,
AE-146,Benign,NOTIFY_OPERATOR,Keeps a human informed in case the profile becomes suspicious or requires a policy decision.,"[{""chunk_id"": ""NIST.SP.800-61r3-0055"", ""source"": ""NIST.SP.800-61r3.pdf"", ""excerpt"": ""..., find cybersecurity incidents. DE.CM (Continuous Monitoring) Assets are monitored to find anomalies, indicators of compromise, and other potentially adverse events High R1: Continuous monitoring for unauthorized activity, deviations from expected activity, and changes in security posture should involve the following types of assets at all times: networks and network services; computing hardware and software, runtime environments, and their data; the physical environment; personnel activity and technology usage; and external service provider activities. C1: Consider using cyber threat information with continuous monitoring to help ident...""}, {""chunk_id"": ""NIST.SP.800-213A-0053"", ""source"": ""NIST.SP.800-213A.pdf"", ""excerpt"": ""...uirements that may be necessary: 1. Ability to access information about the IoT device's cybersecurity state and other necessary data. 2. Ability to preserve system state information. (EIM) Event Identification & Monitoring Description: Ability to provide event identification and monitoring capabilities and/or support event identification and monitoring tools interfacing with the device. Discussion: Monitoring for cybersecurity and other adverse events is a component of many organizations\u2019 control set to enable proactive assessment of cybersecurity posture. IoT devices may have to support this kind of monitoring, and the nature of the m...""}, {""chunk_id"": ""NIST.IR.8259A-0022"", ""source"": ""NIST.IR.8259A.pdf"", ""excerpt"": ""ITY CORE BASELINE 10 This publication is available free of charge from: https://doi.org/10.6028/NIST.IR.8259A Device Cybersecurity Capability Common Elements Rationale IoT Reference Examples Cybersecurity State Awareness: The IoT device can report on its cybersecurity state and make that information accessible to authorized entities only. 1. The ability to report the device\u2019s cybersecurity state 2. The ability to differentiate between when a device will likely operate as expected from when it may be in a degraded cybersecurity state 3. The ability to restrict access to the state indicator so only authorized entities can view it 4. The abil...""}]",,
AE-147,Spoofing,RESTRICT_EGRESS,Limit potential unauthorized communication while preserving bounded operation.,"[{""chunk_id"": ""NIST.SP.800-213A-0037"", ""source"": ""NIST.SP.800-213A.pdf"", ""excerpt"": ""...ort authentication methods. Discussion: To control logical access to interfaces, the IoT device may need to support adequate authentication methods. Some IoT devices or organizations may need support for Personal Identity Verification (PIV). More information about PIV can be found in FIPS 201-2 [ FIPS-201]. Related SP 800-53 Rev. 5 Controls: AC-17(10), IA-2, IA-2(1), IA-2(2), IA-6 Requirements that may be necessary: 1. Ability for the IoT device to require authentication prior to connecting to the device, including using remote access. 2. Ability for the IoT device to support and require appropriate authentication. 3. Ability for the Io...""}, {""chunk_id"": ""NIST.IR.8259A-0018"", ""source"": ""NIST.IR.8259A.pdf"", ""excerpt"": ""...ble any local and network interfaces that are not necessary for the core functionality of the device 2. The ability to logically restrict access to each network interface to only authorized entities (e.g., device authentication, user authentication) 3. Configuration settings for use with the Device Configuration capability including, but not limited to, the ability to enable, disable, and adjust thresholds for any ability the device might have to lock or disable an account or to delay additional authentication attempts after too many failed authentication attempts \u2022 This capability supports vulnerability management, access management, d...""}]",,
AE-148,DoS,INCREASE_LOGGING,"Collect more evidence on connection patterns, protocol mix, and burst behavior to validate whether this is resource-exhaustion activity.","[{""chunk_id"": ""RFC8576-0044"", ""source"": ""RFC8576.txt"", ""excerpt"": ""protocol cannot be made without tailor-made IoT implementations. 5.1.2. Denial-of-Service Resistance The tight memory and processing constraints of things naturally alleviate resource-exhaustion attacks. Especially in unattended T2T communication, such attacks are difficult to notice before the service becomes unavailable (for example, because of battery or memory exhaustion). As a DoS countermeasure, DTLS, IKEv2, HIP, and Diet HIP implement return routability checks based on a cookie mechanism to delay the establishment of state at the responding host until the address of the initiating host is verified. The effectiveness of these defense...""}, {""chunk_id"": ""ETSI.EN.303.645.V3.1.3-0035"", ""source"": ""ETSI.EN.303.645.V3.1.3.pdf"", ""excerpt"": ""...credential stuffing\"" or exhaust an entire key-space. It is important that these types of attacks are detected by the consumer IoT device and defended against, whilst guarding against a related threat of \""resource exhaustion\"" and denial of service attacks. 5.2 Implement a means to manage reports of vulnerabilities Manufacturers that provide IoT products have a duty of care to consumers and third parties who can be harmed by their failure to have a CVD programme in place. Additionally, companies that share this information through industry bodies can assist others who can be suffering from the same problem. Disclosures can comprise differ...""}, {""chunk_id"": ""RFC8576-0020"", ""source"": ""RFC8576.txt"", ""excerpt"": ""...on of privilege: An attacker with low privileges can misuse additional flaws in the implemented authentication and authorization mechanisms of a thing to gain more privileged access to the thing and its data. 11. Denial of Service (DoS) attack: Often things have very limited memory and computation capabilities. Therefore, they are vulnerable to resource-exhaustion attack. Attackers can continuously send requests to specific things so as to deplete their resources. This is especially dangerous in the Internet of Things since an attacker might be located in the backend and target resource-constrained devices that are part of a constrained-no""}]",,
AE-149,Benign,MONITOR,Matches the routing decision and NIST guidance to continuously monitor for deviations from expected activity.,"[{""chunk_id"": ""NIST.SP.800-61r3-0055"", ""source"": ""NIST.SP.800-61r3.pdf"", ""excerpt"": ""..., find cybersecurity incidents. DE.CM (Continuous Monitoring) Assets are monitored to find anomalies, indicators of compromise, and other potentially adverse events High R1: Continuous monitoring for unauthorized activity, deviations from expected activity, and changes in security posture should involve the following types of assets at all times: networks and network services; computing hardware and software, runtime environments, and their data; the physical environment; personnel activity and technology usage; and external service provider activities. C1: Consider using cyber threat information with continuous monitoring to help ident...""}, {""chunk_id"": ""NIST.IR.8259A-0022"", ""source"": ""NIST.IR.8259A.pdf"", ""excerpt"": ""ITY CORE BASELINE 10 This publication is available free of charge from: https://doi.org/10.6028/NIST.IR.8259A Device Cybersecurity Capability Common Elements Rationale IoT Reference Examples Cybersecurity State Awareness: The IoT device can report on its cybersecurity state and make that information accessible to authorized entities only. 1. The ability to report the device\u2019s cybersecurity state 2. The ability to differentiate between when a device will likely operate as expected from when it may be in a degraded cybersecurity state 3. The ability to restrict access to the state indicator so only authorized entities can view it 4. The abil...""}, {""chunk_id"": ""NIST.SP.800-213A-0053"", ""source"": ""NIST.SP.800-213A.pdf"", ""excerpt"": ""...uirements that may be necessary: 1. Ability to access information about the IoT device's cybersecurity state and other necessary data. 2. Ability to preserve system state information. (EIM) Event Identification & Monitoring Description: Ability to provide event identification and monitoring capabilities and/or support event identification and monitoring tools interfacing with the device. Discussion: Monitoring for cybersecurity and other adverse events is a component of many organizations\u2019 control set to enable proactive assessment of cybersecurity posture. IoT devices may have to support this kind of monitoring, and the nature of the m...""}]",,
AE-150,DoS,NOTIFY_OPERATOR,Human review is appropriate because confidence is well below threshold and no validated device identifier is available.,"[{""chunk_id"": ""NIST.IR.8259A-0018"", ""source"": ""NIST.IR.8259A.pdf"", ""excerpt"": ""...ogical Access to Interfaces: The IoT device can restrict logical access to its local and network interfaces, and the protocols and services used by those interfaces, to authorized entities only. 1. The ability to logically or physically disable any local and network interfaces that are not necessary for the core functionality of the device 2. The ability to logically restrict access to each network interface to only authorized entities (e.g., device authentication, user authentication) 3. Configuration settings for use with the Device Configuration capability including, but not limited to, the ability to enable, disable, and adjust thre...""}, {""chunk_id"": ""NIST.SP.800-213A-0048"", ""source"": ""NIST.SP.800-213A.pdf"", ""excerpt"": ""NIST.SP.800-213A 3. Ability to logically or physically disable any local and network interfaces that are not necessary for the core functionality of the device. 4. Ability to restrict updating actions to authorized entities. 5. Ability to restrict access to the cybersecurity state indicator to authorized entities. 6. Ability to restrict use of IoT device services. 7. Ability to enforce the established local and remote access requirements. 8. Ability to prevent external access to the IoT device management interface. 9. Ability to control the IoT device\u2019s logical interface (e.g., locally or remotely). 10. Ability to change IoT device logical...""}, {""chunk_id"": ""NIST.SP.800-213A-0129"", ""source"": ""NIST.SP.800-213A.pdf"", ""excerpt"": ""customers for how to implement malicious code protection in the IoT device and associated systems, as well as within related systems entry and exit points, and how to detect and eradicate malicious code. b. Providing education to IoT device customers for how to update the IoT device and related systems malicious code protection mechanisms when new releases are available, in accordance with organizational configuration management policy and procedures. c. Providing training and awareness information to IoT device customers that describe newly identified vulnerabilities and threats (such as zero-day malware) for the associated IoT device. d....""}]",,
AE-151,Spoofing,NOTIFY_OPERATOR,Human review is appropriate because the alert is high confidence but lacks a validated device identifier and is mitigation intent only.,"[{""chunk_id"": ""NIST.SP.800-213A-0037"", ""source"": ""NIST.SP.800-213A.pdf"", ""excerpt"": ""...ort authentication methods. Discussion: To control logical access to interfaces, the IoT device may need to support adequate authentication methods. Some IoT devices or organizations may need support for Personal Identity Verification (PIV). More information about PIV can be found in FIPS 201-2 [ FIPS-201]. Related SP 800-53 Rev. 5 Controls: AC-17(10), IA-2, IA-2(1), IA-2(2), IA-6 Requirements that may be necessary: 1. Ability for the IoT device to require authentication prior to connecting to the device, including using remote access. 2. Ability for the IoT device to support and require appropriate authentication. 3. Ability for the Io...""}, {""chunk_id"": ""NIST.IR.8259A-0018"", ""source"": ""NIST.IR.8259A.pdf"", ""excerpt"": ""...ble any local and network interfaces that are not necessary for the core functionality of the device 2. The ability to logically restrict access to each network interface to only authorized entities (e.g., device authentication, user authentication) 3. Configuration settings for use with the Device Configuration capability including, but not limited to, the ability to enable, disable, and adjust thresholds for any ability the device might have to lock or disable an account or to delay additional authentication attempts after too many failed authentication attempts \u2022 This capability supports vulnerability management, access management, d...""}]",,
AE-152,Spoofing,NOTIFY_OPERATOR,Human review is appropriate because no validated device identifier is available and mitigation is intent-only.,"[{""chunk_id"": ""NIST.SP.800-213A-0037"", ""source"": ""NIST.SP.800-213A.pdf"", ""excerpt"": ""...ort authentication methods. Discussion: To control logical access to interfaces, the IoT device may need to support adequate authentication methods. Some IoT devices or organizations may need support for Personal Identity Verification (PIV). More information about PIV can be found in FIPS 201-2 [ FIPS-201]. Related SP 800-53 Rev. 5 Controls: AC-17(10), IA-2, IA-2(1), IA-2(2), IA-6 Requirements that may be necessary: 1. Ability for the IoT device to require authentication prior to connecting to the device, including using remote access. 2. Ability for the IoT device to support and require appropriate authentication. 3. Ability for the Io...""}, {""chunk_id"": ""NIST.IR.8259A-0018"", ""source"": ""NIST.IR.8259A.pdf"", ""excerpt"": ""...ble any local and network interfaces that are not necessary for the core functionality of the device 2. The ability to logically restrict access to each network interface to only authorized entities (e.g., device authentication, user authentication) 3. Configuration settings for use with the Device Configuration capability including, but not limited to, the ability to enable, disable, and adjust thresholds for any ability the device might have to lock or disable an account or to delay additional authentication attempts after too many failed authentication attempts \u2022 This capability supports vulnerability management, access management, d...""}]",,
AE-153,Recon,NOTIFY_OPERATOR,Operator awareness is appropriate because the alert is high-confidence but mitigation remains intent-only and device identity is unverified.,"[{""chunk_id"": ""NIST.SP.800-61r3-0055"", ""source"": ""NIST.SP.800-61r3.pdf"", ""excerpt"": ""... and, in turn, find cybersecurity incidents. DE.CM (Continuous Monitoring) Assets are monitored to find anomalies, indicators of compromise, and other potentially adverse events High R1: Continuous monitoring for unauthorized activity, deviations from expected activity, and changes in security posture should involve the following types of assets at all times: networks and network services; computing hardware and software, runtime environments, and their data; the physical environment; personnel activity and technology usage; and external service provider activities. C1: Consider using cyber threat information with continuous monitoring ...""}, {""chunk_id"": ""NIST.SP.800-61r3-0056"", ""source"": ""NIST.SP.800-61r3.pdf"", ""excerpt"": ""...sful and failed access attempts into all controlled areas, the movement of people and equipment into and out of secure areas of facilities, and signs of tampering with physical access controls. DE.CM-03 Personnel activity and technology usage are monitored to find potentially adverse events High R1: Monitoring personnel activity and technology usage should include anomalous user activity or unusual patterns of activity, authentication and logical access attempts, and the use of deception technology. DE.CM-06 External service provider activities and services are monitored to find potentially adverse events High R1: Monitoring external se...""}, {""chunk_id"": ""NIST.SP.800-213-0058"", ""source"": ""NIST.SP.800-213.pdf"", ""excerpt"": ""...rest of a system might. For example, IoT devices with a short lifespan, limited functionality, or limited accessibility may not be subject to some threat sources (e.g., attackers aiming to do medium- to long-term reconnaissance) or some events (e.g., those that require extended, consistent network access). IoT devices will often have many of the same threat sources and events as the existing information system. There may be a set of unique IoT device threat sources and events as well as some information system threat sources and events that do not apply to the IoT device. In this sense, there are two classes when comparing threat source...""}]",,
AE-154,Recon,NOTIFY_OPERATOR,Human review is needed because the alert is strong but not tied to a validated device identity.,"[{""chunk_id"": ""NIST.SP.800-213A-0037"", ""source"": ""NIST.SP.800-213A.pdf"", ""excerpt"": ""...ort authentication methods. Discussion: To control logical access to interfaces, the IoT device may need to support adequate authentication methods. Some IoT devices or organizations may need support for Personal Identity Verification (PIV). More information about PIV can be found in FIPS 201-2 [ FIPS-201]. Related SP 800-53 Rev. 5 Controls: AC-17(10), IA-2, IA-2(1), IA-2(2), IA-6 Requirements that may be necessary: 1. Ability for the IoT device to require authentication prior to connecting to the device, including using remote access. 2. Ability for the IoT device to support and require appropriate authentication. 3. Ability for the Io...""}, {""chunk_id"": ""NIST.IR.8259A-0018"", ""source"": ""NIST.IR.8259A.pdf"", ""excerpt"": ""...ble any local and network interfaces that are not necessary for the core functionality of the device 2. The ability to logically restrict access to each network interface to only authorized entities (e.g., device authentication, user authentication) 3. Configuration settings for use with the Device Configuration capability including, but not limited to, the ability to enable, disable, and adjust thresholds for any ability the device might have to lock or disable an account or to delay additional authentication attempts after too many failed authentication attempts \u2022 This capability supports vulnerability management, access management, d...""}]",,
AE-155,Web,CAPTURE_TRAFFIC,"Collect supporting evidence for protocol, destination, and session characterization before any disruptive action.","[{""chunk_id"": ""NIST.SP.800-61r3-0055"", ""source"": ""NIST.SP.800-61r3.pdf"", ""excerpt"": ""..., find cybersecurity incidents. DE.CM (Continuous Monitoring) Assets are monitored to find anomalies, indicators of compromise, and other potentially adverse events High R1: Continuous monitoring for unauthorized activity, deviations from expected activity, and changes in security posture should involve the following types of assets at all times: networks and network services; computing hardware and software, runtime environments, and their data; the physical environment; personnel activity and technology usage; and external service provider activities. C1: Consider using cyber threat information with continuous monitoring to help ident...""}, {""chunk_id"": ""NIST.IR.8259A-0022"", ""source"": ""NIST.IR.8259A.pdf"", ""excerpt"": ""ITY CORE BASELINE 10 This publication is available free of charge from: https://doi.org/10.6028/NIST.IR.8259A Device Cybersecurity Capability Common Elements Rationale IoT Reference Examples Cybersecurity State Awareness: The IoT device can report on its cybersecurity state and make that information accessible to authorized entities only. 1. The ability to report the device\u2019s cybersecurity state 2. The ability to differentiate between when a device will likely operate as expected from when it may be in a degraded cybersecurity state 3. The ability to restrict access to the state indicator so only authorized entities can view it 4. The abil...""}, {""chunk_id"": ""NIST.SP.800-213A-0053"", ""source"": ""NIST.SP.800-213A.pdf"", ""excerpt"": ""...uirements that may be necessary: 1. Ability to access information about the IoT device's cybersecurity state and other necessary data. 2. Ability to preserve system state information. (EIM) Event Identification & Monitoring Description: Ability to provide event identification and monitoring capabilities and/or support event identification and monitoring tools interfacing with the device. Discussion: Monitoring for cybersecurity and other adverse events is a component of many organizations\u2019 control set to enable proactive assessment of cybersecurity posture. IoT devices may have to support this kind of monitoring, and the nature of the m...""}]",,
AE-156,Spoofing,NOTIFY_OPERATOR,Human review is needed because the alert cannot attribute the behavior to a specific device.,"[{""chunk_id"": ""ETSI.EN.303.645.V3.1.3-0078"", ""source"": ""ETSI.EN.303.645.V3.1.3.pdf"", ""excerpt"": ""...13 Validate input data Provision 5.13-1 Void. Provision 5.13-1A Data input at application layer to the device via user interfaces shall be validated by the device regarding unexpected data input to prevent system manipulations and failures. EXAMPLE 1: Manipulation of the integrated database via SQL injection over a user interface is mitigated via discarding invalid data input. Systems can be subverted by incorrectly formatted data or code transferred across different types of interface. Automated tools such as fuzzers can be used by attackers or testers to exploit potential gaps and weaknesses that emerge as a result of not validating d...""}, {""chunk_id"": ""ETSI.EN.303.645.V3.1.3-0079"", ""source"": ""ETSI.EN.303.645.V3.1.3.pdf"", ""excerpt"": ""xploit potential gaps and weaknesses that emerge as a result of not validating data. EXAMPLE 2: The consumer IoT device receives data that is not of the expected type, for example executable code rather than user inputted text. The software on the consumer IoT device has been written so that the input is parameterized or \""escaped\"", preventing this code from being run. Provision 5.13-1B Data input at application layer to the device via network interfaces shall be validated by the device regarding unexpected data input to prevent system manipulations and failures. NOTE: This includes network accessible APIs without prior authentication and n...""}]",,
AE-157,Spoofing,CAPTURE_TRAFFIC,"Preserve packet evidence for validation of source, protocol, and session anomalies associated with spoofing.","[{""chunk_id"": ""ETSI.EN.303.645.V3.1.3-0078"", ""source"": ""ETSI.EN.303.645.V3.1.3.pdf"", ""excerpt"": ""...13 Validate input data Provision 5.13-1 Void. Provision 5.13-1A Data input at application layer to the device via user interfaces shall be validated by the device regarding unexpected data input to prevent system manipulations and failures. EXAMPLE 1: Manipulation of the integrated database via SQL injection over a user interface is mitigated via discarding invalid data input. Systems can be subverted by incorrectly formatted data or code transferred across different types of interface. Automated tools such as fuzzers can be used by attackers or testers to exploit potential gaps and weaknesses that emerge as a result of not validating d...""}, {""chunk_id"": ""ETSI.EN.303.645.V3.1.3-0079"", ""source"": ""ETSI.EN.303.645.V3.1.3.pdf"", ""excerpt"": ""xploit potential gaps and weaknesses that emerge as a result of not validating data. EXAMPLE 2: The consumer IoT device receives data that is not of the expected type, for example executable code rather than user inputted text. The software on the consumer IoT device has been written so that the input is parameterized or \""escaped\"", preventing this code from being run. Provision 5.13-1B Data input at application layer to the device via network interfaces shall be validated by the device regarding unexpected data input to prevent system manipulations and failures. NOTE: This includes network accessible APIs without prior authentication and n...""}]",,
AE-158,BruteForce,CAPTURE_TRAFFIC,Preserve packet-level evidence to confirm brute-force behavior and distinguish it from benign retries or scanning.,"[{""chunk_id"": ""ETSI.EN.303.645.V3.1.3-0034"", ""source"": ""ETSI.EN.303.645.V3.1.3.pdf"", ""excerpt"": ""device shall provide to the user or an administrator a simple mechanism to change the authentication value used. EXAMPLE 3: For biometric authentication values the device manufacturer allows this change in authentication value through retraining against a new biometric. EXAMPLE 4: A parent in a household creates an account on the consumer IoT device for their child and selects and manages the PIN or password that the child uses. The parent is an administrator on the consumer IoT device and can restrict the child from changing the PIN or password. EXAMPLE 5: To make it simple for the user to change a password, the manufacturer designs the p...""}, {""chunk_id"": ""ETSI.EN.303.645.V3.1.3-0060"", ""source"": ""ETSI.EN.303.645.V3.1.3.pdf"", ""excerpt"": ""...e technology, risk and usage. Provision 5.5-7 The consumer IoT device shall protect the confidentiality of critical security parameters that are communicated via remotely accessible network interfaces. ETSI ETSI EN 303 645 V3.1.3 (2024-09) 22 Many different methods exist for enrolment and authentication. Some authentication values are provided by out-of-band authentication mechanisms, such as a QR code, and some are human-readable, such as a password. Where an authentication mechanism uses unique values per authentication attempt (e.g. in a challenge-response mechanism or when using one time passwords as a second factor), the response is n""}, {""chunk_id"": ""NIST.IR.8259A-0018"", ""source"": ""NIST.IR.8259A.pdf"", ""excerpt"": ""...ble any local and network interfaces that are not necessary for the core functionality of the device 2. The ability to logically restrict access to each network interface to only authorized entities (e.g., device authentication, user authentication) 3. Configuration settings for use with the Device Configuration capability including, but not limited to, the ability to enable, disable, and adjust thresholds for any ability the device might have to lock or disable an account or to delay additional authentication attempts after too many failed authentication attempts \u2022 This capability supports vulnerability management, access management, d...""}]",,
AE-159,BruteForce,CAPTURE_TRAFFIC,Collect packet evidence to confirm brute-force patterns and support later investigation.,"[{""chunk_id"": ""RFC8576-0012"", ""source"": ""RFC8576.txt"", ""excerpt"": ""...m goes beyond a specific device or an isolated system, since compromised IoT systems can be misused at scale. For example, they may be used to perform a Distributed Denial of Service (DDoS) attack that limits the availability of other networks and services. The fact that many IoT systems rely on standard IP protocols allows for easier system integration, but this also makes attacks on standard IP protocols widely applicable in other environments. This results in new requirements regarding the implementation of security. The term \""security\"" subsumes a wide range of primitives, protocols, and procedures. For instance, it includes services...""}, {""chunk_id"": ""RFC8576-0021"", ""source"": ""RFC8576.txt"", ""excerpt"": ""This is especially dangerous in the Internet of Things since an attacker might be located in the backend and target resource-constrained devices that are part of a constrained-node network [RFC7228]. A DoS attack can also be launched by physically jamming the communication channel. Network availability can also be disrupted by flooding the network with a large number of packets. On the other hand, things compromised by attackers can be used to disrupt the operation of other networks or systems by means of a Distributed DoS (DDoS) attack. Garcia-Morchon, et al. Informational [Page 11] RFC 8576 IoT Security April 2019 To deal with the above ...""}, {""chunk_id"": ""RFC8576-0044"", ""source"": ""RFC8576.txt"", ""excerpt"": ""protocol cannot be made without tailor-made IoT implementations. 5.1.2. Denial-of-Service Resistance The tight memory and processing constraints of things naturally alleviate resource-exhaustion attacks. Especially in unattended T2T communication, such attacks are difficult to notice before the service becomes unavailable (for example, because of battery or memory exhaustion). As a DoS countermeasure, DTLS, IKEv2, HIP, and Diet HIP implement return routability checks based on a cookie mechanism to delay the establishment of state at the responding host until the address of the initiating host is verified. The effectiveness of these defense...""}]",,
AE-160,DoS,CAPTURE_TRAFFIC,Packet capture can help confirm whether the observed rate and SYN activity reflect a DoS pattern or benign traffic burst.,"[{""chunk_id"": ""RFC8576-0044"", ""source"": ""RFC8576.txt"", ""excerpt"": ""protocol cannot be made without tailor-made IoT implementations. 5.1.2. Denial-of-Service Resistance The tight memory and processing constraints of things naturally alleviate resource-exhaustion attacks. Especially in unattended T2T communication, such attacks are difficult to notice before the service becomes unavailable (for example, because of battery or memory exhaustion). As a DoS countermeasure, DTLS, IKEv2, HIP, and Diet HIP implement return routability checks based on a cookie mechanism to delay the establishment of state at the responding host until the address of the initiating host is verified. The effectiveness of these defense...""}, {""chunk_id"": ""ETSI.EN.303.645.V3.1.3-0035"", ""source"": ""ETSI.EN.303.645.V3.1.3.pdf"", ""excerpt"": ""...credential stuffing\"" or exhaust an entire key-space. It is important that these types of attacks are detected by the consumer IoT device and defended against, whilst guarding against a related threat of \""resource exhaustion\"" and denial of service attacks. 5.2 Implement a means to manage reports of vulnerabilities Manufacturers that provide IoT products have a duty of care to consumers and third parties who can be harmed by their failure to have a CVD programme in place. Additionally, companies that share this information through industry bodies can assist others who can be suffering from the same problem. Disclosures can comprise differ...""}, {""chunk_id"": ""RFC8576-0020"", ""source"": ""RFC8576.txt"", ""excerpt"": ""...on of privilege: An attacker with low privileges can misuse additional flaws in the implemented authentication and authorization mechanisms of a thing to gain more privileged access to the thing and its data. 11. Denial of Service (DoS) attack: Often things have very limited memory and computation capabilities. Therefore, they are vulnerable to resource-exhaustion attack. Attackers can continuously send requests to specific things so as to deplete their resources. This is especially dangerous in the Internet of Things since an attacker might be located in the backend and target resource-constrained devices that are part of a constrained-no""}]",,
AE-161,Web,INCREASE_LOGGING,Increase telemetry to improve visibility into the anomalous flow profile and support validation of the low-confidence prediction.,"[{""chunk_id"": ""NIST.SP.800-61r3-0055"", ""source"": ""NIST.SP.800-61r3.pdf"", ""excerpt"": ""..., find cybersecurity incidents. DE.CM (Continuous Monitoring) Assets are monitored to find anomalies, indicators of compromise, and other potentially adverse events High R1: Continuous monitoring for unauthorized activity, deviations from expected activity, and changes in security posture should involve the following types of assets at all times: networks and network services; computing hardware and software, runtime environments, and their data; the physical environment; personnel activity and technology usage; and external service provider activities. C1: Consider using cyber threat information with continuous monitoring to help ident...""}, {""chunk_id"": ""NIST.IR.8259A-0022"", ""source"": ""NIST.IR.8259A.pdf"", ""excerpt"": ""ITY CORE BASELINE 10 This publication is available free of charge from: https://doi.org/10.6028/NIST.IR.8259A Device Cybersecurity Capability Common Elements Rationale IoT Reference Examples Cybersecurity State Awareness: The IoT device can report on its cybersecurity state and make that information accessible to authorized entities only. 1. The ability to report the device\u2019s cybersecurity state 2. The ability to differentiate between when a device will likely operate as expected from when it may be in a degraded cybersecurity state 3. The ability to restrict access to the state indicator so only authorized entities can view it 4. The abil...""}, {""chunk_id"": ""NIST.SP.800-213A-0053"", ""source"": ""NIST.SP.800-213A.pdf"", ""excerpt"": ""...uirements that may be necessary: 1. Ability to access information about the IoT device's cybersecurity state and other necessary data. 2. Ability to preserve system state information. (EIM) Event Identification & Monitoring Description: Ability to provide event identification and monitoring capabilities and/or support event identification and monitoring tools interfacing with the device. Discussion: Monitoring for cybersecurity and other adverse events is a component of many organizations\u2019 control set to enable proactive assessment of cybersecurity posture. IoT devices may have to support this kind of monitoring, and the nature of the m...""}]",,
AE-162,Benign,INCREASE_LOGGING,Collect additional evidence to confirm benign behavior while respecting the lack of validated device identity.,"[{""chunk_id"": ""ETSI.EN.303.645.V3.1.3-0034"", ""source"": ""ETSI.EN.303.645.V3.1.3.pdf"", ""excerpt"": ""device shall provide to the user or an administrator a simple mechanism to change the authentication value used. EXAMPLE 3: For biometric authentication values the device manufacturer allows this change in authentication value through retraining against a new biometric. EXAMPLE 4: A parent in a household creates an account on the consumer IoT device for their child and selects and manages the PIN or password that the child uses. The parent is an administrator on the consumer IoT device and can restrict the child from changing the PIN or password. EXAMPLE 5: To make it simple for the user to change a password, the manufacturer designs the p...""}, {""chunk_id"": ""ETSI.EN.303.645.V3.1.3-0060"", ""source"": ""ETSI.EN.303.645.V3.1.3.pdf"", ""excerpt"": ""...e technology, risk and usage. Provision 5.5-7 The consumer IoT device shall protect the confidentiality of critical security parameters that are communicated via remotely accessible network interfaces. ETSI ETSI EN 303 645 V3.1.3 (2024-09) 22 Many different methods exist for enrolment and authentication. Some authentication values are provided by out-of-band authentication mechanisms, such as a QR code, and some are human-readable, such as a password. Where an authentication mechanism uses unique values per authentication attempt (e.g. in a challenge-response mechanism or when using one time passwords as a second factor), the response is n""}, {""chunk_id"": ""NIST.IR.8259A-0018"", ""source"": ""NIST.IR.8259A.pdf"", ""excerpt"": ""...ble any local and network interfaces that are not necessary for the core functionality of the device 2. The ability to logically restrict access to each network interface to only authorized entities (e.g., device authentication, user authentication) 3. Configuration settings for use with the Device Configuration capability including, but not limited to, the ability to enable, disable, and adjust thresholds for any ability the device might have to lock or disable an account or to delay additional authentication attempts after too many failed authentication attempts \u2022 This capability supports vulnerability management, access management, d...""}]",,
AE-163,BruteForce,NOTIFY_OPERATOR,Human review is appropriate given the likely credential attack and lack of validated device identity.,"[{""chunk_id"": ""ETSI.EN.303.645.V3.1.3-0034"", ""source"": ""ETSI.EN.303.645.V3.1.3.pdf"", ""excerpt"": ""device shall provide to the user or an administrator a simple mechanism to change the authentication value used. EXAMPLE 3: For biometric authentication values the device manufacturer allows this change in authentication value through retraining against a new biometric. EXAMPLE 4: A parent in a household creates an account on the consumer IoT device for their child and selects and manages the PIN or password that the child uses. The parent is an administrator on the consumer IoT device and can restrict the child from changing the PIN or password. EXAMPLE 5: To make it simple for the user to change a password, the manufacturer designs the p...""}, {""chunk_id"": ""ETSI.EN.303.645.V3.1.3-0060"", ""source"": ""ETSI.EN.303.645.V3.1.3.pdf"", ""excerpt"": ""...e technology, risk and usage. Provision 5.5-7 The consumer IoT device shall protect the confidentiality of critical security parameters that are communicated via remotely accessible network interfaces. ETSI ETSI EN 303 645 V3.1.3 (2024-09) 22 Many different methods exist for enrolment and authentication. Some authentication values are provided by out-of-band authentication mechanisms, such as a QR code, and some are human-readable, such as a password. Where an authentication mechanism uses unique values per authentication attempt (e.g. in a challenge-response mechanism or when using one time passwords as a second factor), the response is n""}, {""chunk_id"": ""NIST.IR.8259A-0018"", ""source"": ""NIST.IR.8259A.pdf"", ""excerpt"": ""...ble any local and network interfaces that are not necessary for the core functionality of the device 2. The ability to logically restrict access to each network interface to only authorized entities (e.g., device authentication, user authentication) 3. Configuration settings for use with the Device Configuration capability including, but not limited to, the ability to enable, disable, and adjust thresholds for any ability the device might have to lock or disable an account or to delay additional authentication attempts after too many failed authentication attempts \u2022 This capability supports vulnerability management, access management, d...""}]",,
AE-164,Benign,INCREASE_LOGGING,Low-confidence alert with escalation routing warrants more telemetry to support validation.,"[{""chunk_id"": ""ETSI.EN.303.645.V3.1.3-0034"", ""source"": ""ETSI.EN.303.645.V3.1.3.pdf"", ""excerpt"": ""device shall provide to the user or an administrator a simple mechanism to change the authentication value used. EXAMPLE 3: For biometric authentication values the device manufacturer allows this change in authentication value through retraining against a new biometric. EXAMPLE 4: A parent in a household creates an account on the consumer IoT device for their child and selects and manages the PIN or password that the child uses. The parent is an administrator on the consumer IoT device and can restrict the child from changing the PIN or password. EXAMPLE 5: To make it simple for the user to change a password, the manufacturer designs the p...""}, {""chunk_id"": ""ETSI.EN.303.645.V3.1.3-0060"", ""source"": ""ETSI.EN.303.645.V3.1.3.pdf"", ""excerpt"": ""...e technology, risk and usage. Provision 5.5-7 The consumer IoT device shall protect the confidentiality of critical security parameters that are communicated via remotely accessible network interfaces. ETSI ETSI EN 303 645 V3.1.3 (2024-09) 22 Many different methods exist for enrolment and authentication. Some authentication values are provided by out-of-band authentication mechanisms, such as a QR code, and some are human-readable, such as a password. Where an authentication mechanism uses unique values per authentication attempt (e.g. in a challenge-response mechanism or when using one time passwords as a second factor), the response is n""}, {""chunk_id"": ""NIST.IR.8259A-0018"", ""source"": ""NIST.IR.8259A.pdf"", ""excerpt"": ""...ble any local and network interfaces that are not necessary for the core functionality of the device 2. The ability to logically restrict access to each network interface to only authorized entities (e.g., device authentication, user authentication) 3. Configuration settings for use with the Device Configuration capability including, but not limited to, the ability to enable, disable, and adjust thresholds for any ability the device might have to lock or disable an account or to delay additional authentication attempts after too many failed authentication attempts \u2022 This capability supports vulnerability management, access management, d...""}]",,
AE-165,Spoofing,NOTIFY_OPERATOR,Human review is warranted due to high-confidence spoofing signal and absence of a validated device identifier.,"[{""chunk_id"": ""ETSI.EN.303.645.V3.1.3-0078"", ""source"": ""ETSI.EN.303.645.V3.1.3.pdf"", ""excerpt"": ""...13 Validate input data Provision 5.13-1 Void. Provision 5.13-1A Data input at application layer to the device via user interfaces shall be validated by the device regarding unexpected data input to prevent system manipulations and failures. EXAMPLE 1: Manipulation of the integrated database via SQL injection over a user interface is mitigated via discarding invalid data input. Systems can be subverted by incorrectly formatted data or code transferred across different types of interface. Automated tools such as fuzzers can be used by attackers or testers to exploit potential gaps and weaknesses that emerge as a result of not validating d...""}, {""chunk_id"": ""ETSI.EN.303.645.V3.1.3-0079"", ""source"": ""ETSI.EN.303.645.V3.1.3.pdf"", ""excerpt"": ""xploit potential gaps and weaknesses that emerge as a result of not validating data. EXAMPLE 2: The consumer IoT device receives data that is not of the expected type, for example executable code rather than user inputted text. The software on the consumer IoT device has been written so that the input is parameterized or \""escaped\"", preventing this code from being run. Provision 5.13-1B Data input at application layer to the device via network interfaces shall be validated by the device regarding unexpected data input to prevent system manipulations and failures. NOTE: This includes network accessible APIs without prior authentication and n...""}]",,
AE-166,Benign,NOTIFY_OPERATOR,Provide human oversight because the alert is mitigation intent only and cannot execute actions.,"[{""chunk_id"": ""ETSI.EN.303.645.V3.1.3-0034"", ""source"": ""ETSI.EN.303.645.V3.1.3.pdf"", ""excerpt"": ""device shall provide to the user or an administrator a simple mechanism to change the authentication value used. EXAMPLE 3: For biometric authentication values the device manufacturer allows this change in authentication value through retraining against a new biometric. EXAMPLE 4: A parent in a household creates an account on the consumer IoT device for their child and selects and manages the PIN or password that the child uses. The parent is an administrator on the consumer IoT device and can restrict the child from changing the PIN or password. EXAMPLE 5: To make it simple for the user to change a password, the manufacturer designs the p...""}, {""chunk_id"": ""ETSI.EN.303.645.V3.1.3-0060"", ""source"": ""ETSI.EN.303.645.V3.1.3.pdf"", ""excerpt"": ""...e technology, risk and usage. Provision 5.5-7 The consumer IoT device shall protect the confidentiality of critical security parameters that are communicated via remotely accessible network interfaces. ETSI ETSI EN 303 645 V3.1.3 (2024-09) 22 Many different methods exist for enrolment and authentication. Some authentication values are provided by out-of-band authentication mechanisms, such as a QR code, and some are human-readable, such as a password. Where an authentication mechanism uses unique values per authentication attempt (e.g. in a challenge-response mechanism or when using one time passwords as a second factor), the response is n""}, {""chunk_id"": ""NIST.IR.8259A-0018"", ""source"": ""NIST.IR.8259A.pdf"", ""excerpt"": ""...ble any local and network interfaces that are not necessary for the core functionality of the device 2. The ability to logically restrict access to each network interface to only authorized entities (e.g., device authentication, user authentication) 3. Configuration settings for use with the Device Configuration capability including, but not limited to, the ability to enable, disable, and adjust thresholds for any ability the device might have to lock or disable an account or to delay additional authentication attempts after too many failed authentication attempts \u2022 This capability supports vulnerability management, access management, d...""}]",,
AE-167,BruteForce,CAPTURE_TRAFFIC,Collect packet-level evidence to confirm brute-force characteristics and identify the target service without assuming a device identity.,"[{""chunk_id"": ""ETSI.EN.303.645.V3.1.3-0034"", ""source"": ""ETSI.EN.303.645.V3.1.3.pdf"", ""excerpt"": ""device shall provide to the user or an administrator a simple mechanism to change the authentication value used. EXAMPLE 3: For biometric authentication values the device manufacturer allows this change in authentication value through retraining against a new biometric. EXAMPLE 4: A parent in a household creates an account on the consumer IoT device for their child and selects and manages the PIN or password that the child uses. The parent is an administrator on the consumer IoT device and can restrict the child from changing the PIN or password. EXAMPLE 5: To make it simple for the user to change a password, the manufacturer designs the p...""}, {""chunk_id"": ""ETSI.EN.303.645.V3.1.3-0060"", ""source"": ""ETSI.EN.303.645.V3.1.3.pdf"", ""excerpt"": ""...e technology, risk and usage. Provision 5.5-7 The consumer IoT device shall protect the confidentiality of critical security parameters that are communicated via remotely accessible network interfaces. ETSI ETSI EN 303 645 V3.1.3 (2024-09) 22 Many different methods exist for enrolment and authentication. Some authentication values are provided by out-of-band authentication mechanisms, such as a QR code, and some are human-readable, such as a password. Where an authentication mechanism uses unique values per authentication attempt (e.g. in a challenge-response mechanism or when using one time passwords as a second factor), the response is n""}, {""chunk_id"": ""NIST.IR.8259A-0018"", ""source"": ""NIST.IR.8259A.pdf"", ""excerpt"": ""...ble any local and network interfaces that are not necessary for the core functionality of the device 2. The ability to logically restrict access to each network interface to only authorized entities (e.g., device authentication, user authentication) 3. Configuration settings for use with the Device Configuration capability including, but not limited to, the ability to enable, disable, and adjust thresholds for any ability the device might have to lock or disable an account or to delay additional authentication attempts after too many failed authentication attempts \u2022 This capability supports vulnerability management, access management, d...""}]",,
AE-168,DoS,RATE_LIMIT,Reduce impact from sustained high-rate traffic while preserving some visibility into the flow.,"[{""chunk_id"": ""RFC8576-0044"", ""source"": ""RFC8576.txt"", ""excerpt"": ""protocol cannot be made without tailor-made IoT implementations. 5.1.2. Denial-of-Service Resistance The tight memory and processing constraints of things naturally alleviate resource-exhaustion attacks. Especially in unattended T2T communication, such attacks are difficult to notice before the service becomes unavailable (for example, because of battery or memory exhaustion). As a DoS countermeasure, DTLS, IKEv2, HIP, and Diet HIP implement return routability checks based on a cookie mechanism to delay the establishment of state at the responding host until the address of the initiating host is verified. The effectiveness of these defense...""}, {""chunk_id"": ""RFC8576-0020"", ""source"": ""RFC8576.txt"", ""excerpt"": ""...on of privilege: An attacker with low privileges can misuse additional flaws in the implemented authentication and authorization mechanisms of a thing to gain more privileged access to the thing and its data. 11. Denial of Service (DoS) attack: Often things have very limited memory and computation capabilities. Therefore, they are vulnerable to resource-exhaustion attack. Attackers can continuously send requests to specific things so as to deplete their resources. This is especially dangerous in the Internet of Things since an attacker might be located in the backend and target resource-constrained devices that are part of a constrained-no""}, {""chunk_id"": ""ETSI.EN.303.645.V3.1.3-0035"", ""source"": ""ETSI.EN.303.645.V3.1.3.pdf"", ""excerpt"": ""...credential stuffing\"" or exhaust an entire key-space. It is important that these types of attacks are detected by the consumer IoT device and defended against, whilst guarding against a related threat of \""resource exhaustion\"" and denial of service attacks. 5.2 Implement a means to manage reports of vulnerabilities Manufacturers that provide IoT products have a duty of care to consumers and third parties who can be harmed by their failure to have a CVD programme in place. Additionally, companies that share this information through industry bodies can assist others who can be suffering from the same problem. Disclosures can comprise differ...""}]",,
AE-169,Spoofing,INCREASE_LOGGING,Low-to-moderate confidence spoofing alert warrants richer telemetry before containment.,"[{""chunk_id"": ""ETSI.EN.303.645.V3.1.3-0078"", ""source"": ""ETSI.EN.303.645.V3.1.3.pdf"", ""excerpt"": ""...13 Validate input data Provision 5.13-1 Void. Provision 5.13-1A Data input at application layer to the device via user interfaces shall be validated by the device regarding unexpected data input to prevent system manipulations and failures. EXAMPLE 1: Manipulation of the integrated database via SQL injection over a user interface is mitigated via discarding invalid data input. Systems can be subverted by incorrectly formatted data or code transferred across different types of interface. Automated tools such as fuzzers can be used by attackers or testers to exploit potential gaps and weaknesses that emerge as a result of not validating d...""}, {""chunk_id"": ""ETSI.EN.303.645.V3.1.3-0079"", ""source"": ""ETSI.EN.303.645.V3.1.3.pdf"", ""excerpt"": ""xploit potential gaps and weaknesses that emerge as a result of not validating data. EXAMPLE 2: The consumer IoT device receives data that is not of the expected type, for example executable code rather than user inputted text. The software on the consumer IoT device has been written so that the input is parameterized or \""escaped\"", preventing this code from being run. Provision 5.13-1B Data input at application layer to the device via network interfaces shall be validated by the device regarding unexpected data input to prevent system manipulations and failures. NOTE: This includes network accessible APIs without prior authentication and n...""}]",,
AE-170,DoS,CAPTURE_TRAFFIC,"Collect packet evidence to confirm whether the traffic is volumetric, spoofed, or part of a legitimate burst.","[{""chunk_id"": ""NIST.IR.8259A-0018"", ""source"": ""NIST.IR.8259A.pdf"", ""excerpt"": ""...ogical Access to Interfaces: The IoT device can restrict logical access to its local and network interfaces, and the protocols and services used by those interfaces, to authorized entities only. 1. The ability to logically or physically disable any local and network interfaces that are not necessary for the core functionality of the device 2. The ability to logically restrict access to each network interface to only authorized entities (e.g., device authentication, user authentication) 3. Configuration settings for use with the Device Configuration capability including, but not limited to, the ability to enable, disable, and adjust thre...""}, {""chunk_id"": ""NIST.SP.800-213A-0048"", ""source"": ""NIST.SP.800-213A.pdf"", ""excerpt"": ""NIST.SP.800-213A 3. Ability to logically or physically disable any local and network interfaces that are not necessary for the core functionality of the device. 4. Ability to restrict updating actions to authorized entities. 5. Ability to restrict access to the cybersecurity state indicator to authorized entities. 6. Ability to restrict use of IoT device services. 7. Ability to enforce the established local and remote access requirements. 8. Ability to prevent external access to the IoT device management interface. 9. Ability to control the IoT device\u2019s logical interface (e.g., locally or remotely). 10. Ability to change IoT device logical...""}]",,
AE-171,Web,INCREASE_LOGGING,Improve visibility for an under-threshold alert without disrupting service.,"[{""chunk_id"": ""ETSI.EN.303.645.V3.1.3-0078"", ""source"": ""ETSI.EN.303.645.V3.1.3.pdf"", ""excerpt"": ""...13 Validate input data Provision 5.13-1 Void. Provision 5.13-1A Data input at application layer to the device via user interfaces shall be validated by the device regarding unexpected data input to prevent system manipulations and failures. EXAMPLE 1: Manipulation of the integrated database via SQL injection over a user interface is mitigated via discarding invalid data input. Systems can be subverted by incorrectly formatted data or code transferred across different types of interface. Automated tools such as fuzzers can be used by attackers or testers to exploit potential gaps and weaknesses that emerge as a result of not validating d...""}, {""chunk_id"": ""ETSI.EN.303.645.V3.1.3-0079"", ""source"": ""ETSI.EN.303.645.V3.1.3.pdf"", ""excerpt"": ""xploit potential gaps and weaknesses that emerge as a result of not validating data. EXAMPLE 2: The consumer IoT device receives data that is not of the expected type, for example executable code rather than user inputted text. The software on the consumer IoT device has been written so that the input is parameterized or \""escaped\"", preventing this code from being run. Provision 5.13-1B Data input at application layer to the device via network interfaces shall be validated by the device regarding unexpected data input to prevent system manipulations and failures. NOTE: This includes network accessible APIs without prior authentication and n...""}]",,
AE-172,DoS,NOTIFY_OPERATOR,Operator awareness is warranted because the detector confidence is above threshold and the gateway cannot validate a device identity.,"[{""chunk_id"": ""RFC8576-0044"", ""source"": ""RFC8576.txt"", ""excerpt"": ""protocol cannot be made without tailor-made IoT implementations. 5.1.2. Denial-of-Service Resistance The tight memory and processing constraints of things naturally alleviate resource-exhaustion attacks. Especially in unattended T2T communication, such attacks are difficult to notice before the service becomes unavailable (for example, because of battery or memory exhaustion). As a DoS countermeasure, DTLS, IKEv2, HIP, and Diet HIP implement return routability checks based on a cookie mechanism to delay the establishment of state at the responding host until the address of the initiating host is verified. The effectiveness of these defense...""}, {""chunk_id"": ""RFC8576-0020"", ""source"": ""RFC8576.txt"", ""excerpt"": ""...on of privilege: An attacker with low privileges can misuse additional flaws in the implemented authentication and authorization mechanisms of a thing to gain more privileged access to the thing and its data. 11. Denial of Service (DoS) attack: Often things have very limited memory and computation capabilities. Therefore, they are vulnerable to resource-exhaustion attack. Attackers can continuously send requests to specific things so as to deplete their resources. This is especially dangerous in the Internet of Things since an attacker might be located in the backend and target resource-constrained devices that are part of a constrained-no""}, {""chunk_id"": ""ETSI.EN.303.645.V3.1.3-0035"", ""source"": ""ETSI.EN.303.645.V3.1.3.pdf"", ""excerpt"": ""...credential stuffing\"" or exhaust an entire key-space. It is important that these types of attacks are detected by the consumer IoT device and defended against, whilst guarding against a related threat of \""resource exhaustion\"" and denial of service attacks. 5.2 Implement a means to manage reports of vulnerabilities Manufacturers that provide IoT products have a duty of care to consumers and third parties who can be harmed by their failure to have a CVD programme in place. Additionally, companies that share this information through industry bodies can assist others who can be suffering from the same problem. Disclosures can comprise differ...""}]",,
AE-173,DDoS,INCREASE_LOGGING,Collect evidence to confirm whether the burst is malicious and assess spread.,"[{""chunk_id"": ""RFC8576-0044"", ""source"": ""RFC8576.txt"", ""excerpt"": ""protocol cannot be made without tailor-made IoT implementations. 5.1.2. Denial-of-Service Resistance The tight memory and processing constraints of things naturally alleviate resource-exhaustion attacks. Especially in unattended T2T communication, such attacks are difficult to notice before the service becomes unavailable (for example, because of battery or memory exhaustion). As a DoS countermeasure, DTLS, IKEv2, HIP, and Diet HIP implement return routability checks based on a cookie mechanism to delay the establishment of state at the responding host until the address of the initiating host is verified. The effectiveness of these defense...""}, {""chunk_id"": ""RFC8576-0020"", ""source"": ""RFC8576.txt"", ""excerpt"": ""...on of privilege: An attacker with low privileges can misuse additional flaws in the implemented authentication and authorization mechanisms of a thing to gain more privileged access to the thing and its data. 11. Denial of Service (DoS) attack: Often things have very limited memory and computation capabilities. Therefore, they are vulnerable to resource-exhaustion attack. Attackers can continuously send requests to specific things so as to deplete their resources. This is especially dangerous in the Internet of Things since an attacker might be located in the backend and target resource-constrained devices that are part of a constrained-no""}, {""chunk_id"": ""ETSI.EN.303.645.V3.1.3-0035"", ""source"": ""ETSI.EN.303.645.V3.1.3.pdf"", ""excerpt"": ""...credential stuffing\"" or exhaust an entire key-space. It is important that these types of attacks are detected by the consumer IoT device and defended against, whilst guarding against a related threat of \""resource exhaustion\"" and denial of service attacks. 5.2 Implement a means to manage reports of vulnerabilities Manufacturers that provide IoT products have a duty of care to consumers and third parties who can be harmed by their failure to have a CVD programme in place. Additionally, companies that share this information through industry bodies can assist others who can be suffering from the same problem. Disclosures can comprise differ...""}]",,
AE-174,DoS,CAPTURE_TRAFFIC,"Collect packet evidence for offline validation of DoS characteristics and to distinguish scanning, flooding, or malformed-traffic patterns.","[{""chunk_id"": ""RFC8576-0044"", ""source"": ""RFC8576.txt"", ""excerpt"": ""protocol cannot be made without tailor-made IoT implementations. 5.1.2. Denial-of-Service Resistance The tight memory and processing constraints of things naturally alleviate resource-exhaustion attacks. Especially in unattended T2T communication, such attacks are difficult to notice before the service becomes unavailable (for example, because of battery or memory exhaustion). As a DoS countermeasure, DTLS, IKEv2, HIP, and Diet HIP implement return routability checks based on a cookie mechanism to delay the establishment of state at the responding host until the address of the initiating host is verified. The effectiveness of these defense...""}, {""chunk_id"": ""ETSI.EN.303.645.V3.1.3-0035"", ""source"": ""ETSI.EN.303.645.V3.1.3.pdf"", ""excerpt"": ""...credential stuffing\"" or exhaust an entire key-space. It is important that these types of attacks are detected by the consumer IoT device and defended against, whilst guarding against a related threat of \""resource exhaustion\"" and denial of service attacks. 5.2 Implement a means to manage reports of vulnerabilities Manufacturers that provide IoT products have a duty of care to consumers and third parties who can be harmed by their failure to have a CVD programme in place. Additionally, companies that share this information through industry bodies can assist others who can be suffering from the same problem. Disclosures can comprise differ...""}, {""chunk_id"": ""RFC8576-0020"", ""source"": ""RFC8576.txt"", ""excerpt"": ""...on of privilege: An attacker with low privileges can misuse additional flaws in the implemented authentication and authorization mechanisms of a thing to gain more privileged access to the thing and its data. 11. Denial of Service (DoS) attack: Often things have very limited memory and computation capabilities. Therefore, they are vulnerable to resource-exhaustion attack. Attackers can continuously send requests to specific things so as to deplete their resources. This is especially dangerous in the Internet of Things since an attacker might be located in the backend and target resource-constrained devices that are part of a constrained-no""}]",,
AE-175,DDoS,CAPTURE_TRAFFIC,Collect evidence to confirm the flood characteristics and support operator review.,"[{""chunk_id"": ""RFC8576-0012"", ""source"": ""RFC8576.txt"", ""excerpt"": ""...m goes beyond a specific device or an isolated system, since compromised IoT systems can be misused at scale. For example, they may be used to perform a Distributed Denial of Service (DDoS) attack that limits the availability of other networks and services. The fact that many IoT systems rely on standard IP protocols allows for easier system integration, but this also makes attacks on standard IP protocols widely applicable in other environments. This results in new requirements regarding the implementation of security. The term \""security\"" subsumes a wide range of primitives, protocols, and procedures. For instance, it includes services...""}, {""chunk_id"": ""RFC8576-0021"", ""source"": ""RFC8576.txt"", ""excerpt"": ""This is especially dangerous in the Internet of Things since an attacker might be located in the backend and target resource-constrained devices that are part of a constrained-node network [RFC7228]. A DoS attack can also be launched by physically jamming the communication channel. Network availability can also be disrupted by flooding the network with a large number of packets. On the other hand, things compromised by attackers can be used to disrupt the operation of other networks or systems by means of a Distributed DoS (DDoS) attack. Garcia-Morchon, et al. Informational [Page 11] RFC 8576 IoT Security April 2019 To deal with the above ...""}, {""chunk_id"": ""RFC8576-0044"", ""source"": ""RFC8576.txt"", ""excerpt"": ""protocol cannot be made without tailor-made IoT implementations. 5.1.2. Denial-of-Service Resistance The tight memory and processing constraints of things naturally alleviate resource-exhaustion attacks. Especially in unattended T2T communication, such attacks are difficult to notice before the service becomes unavailable (for example, because of battery or memory exhaustion). As a DoS countermeasure, DTLS, IKEv2, HIP, and Diet HIP implement return routability checks based on a cookie mechanism to delay the establishment of state at the responding host until the address of the initiating host is verified. The effectiveness of these defense...""}]",,
AE-176,DDoS,NOTIFY_OPERATOR,Escalation is appropriate because the model is under threshold and mitigation should remain bounded until confirmed.,"[{""chunk_id"": ""RFC8576-0044"", ""source"": ""RFC8576.txt"", ""excerpt"": ""protocol cannot be made without tailor-made IoT implementations. 5.1.2. Denial-of-Service Resistance The tight memory and processing constraints of things naturally alleviate resource-exhaustion attacks. Especially in unattended T2T communication, such attacks are difficult to notice before the service becomes unavailable (for example, because of battery or memory exhaustion). As a DoS countermeasure, DTLS, IKEv2, HIP, and Diet HIP implement return routability checks based on a cookie mechanism to delay the establishment of state at the responding host until the address of the initiating host is verified. The effectiveness of these defense...""}, {""chunk_id"": ""ETSI.EN.303.645.V3.1.3-0035"", ""source"": ""ETSI.EN.303.645.V3.1.3.pdf"", ""excerpt"": ""...credential stuffing\"" or exhaust an entire key-space. It is important that these types of attacks are detected by the consumer IoT device and defended against, whilst guarding against a related threat of \""resource exhaustion\"" and denial of service attacks. 5.2 Implement a means to manage reports of vulnerabilities Manufacturers that provide IoT products have a duty of care to consumers and third parties who can be harmed by their failure to have a CVD programme in place. Additionally, companies that share this information through industry bodies can assist others who can be suffering from the same problem. Disclosures can comprise differ...""}, {""chunk_id"": ""RFC8576-0020"", ""source"": ""RFC8576.txt"", ""excerpt"": ""...on of privilege: An attacker with low privileges can misuse additional flaws in the implemented authentication and authorization mechanisms of a thing to gain more privileged access to the thing and its data. 11. Denial of Service (DoS) attack: Often things have very limited memory and computation capabilities. Therefore, they are vulnerable to resource-exhaustion attack. Attackers can continuously send requests to specific things so as to deplete their resources. This is especially dangerous in the Internet of Things since an attacker might be located in the backend and target resource-constrained devices that are part of a constrained-no""}]",,
AE-177,BruteForce,INCREASE_LOGGING,Collect additional evidence because device identity is not validated and mitigation intent is offline-only.,"[{""chunk_id"": ""RFC8576-0012"", ""source"": ""RFC8576.txt"", ""excerpt"": ""...m goes beyond a specific device or an isolated system, since compromised IoT systems can be misused at scale. For example, they may be used to perform a Distributed Denial of Service (DDoS) attack that limits the availability of other networks and services. The fact that many IoT systems rely on standard IP protocols allows for easier system integration, but this also makes attacks on standard IP protocols widely applicable in other environments. This results in new requirements regarding the implementation of security. The term \""security\"" subsumes a wide range of primitives, protocols, and procedures. For instance, it includes services...""}, {""chunk_id"": ""RFC8576-0021"", ""source"": ""RFC8576.txt"", ""excerpt"": ""This is especially dangerous in the Internet of Things since an attacker might be located in the backend and target resource-constrained devices that are part of a constrained-node network [RFC7228]. A DoS attack can also be launched by physically jamming the communication channel. Network availability can also be disrupted by flooding the network with a large number of packets. On the other hand, things compromised by attackers can be used to disrupt the operation of other networks or systems by means of a Distributed DoS (DDoS) attack. Garcia-Morchon, et al. Informational [Page 11] RFC 8576 IoT Security April 2019 To deal with the above ...""}, {""chunk_id"": ""RFC8576-0044"", ""source"": ""RFC8576.txt"", ""excerpt"": ""protocol cannot be made without tailor-made IoT implementations. 5.1.2. Denial-of-Service Resistance The tight memory and processing constraints of things naturally alleviate resource-exhaustion attacks. Especially in unattended T2T communication, such attacks are difficult to notice before the service becomes unavailable (for example, because of battery or memory exhaustion). As a DoS countermeasure, DTLS, IKEv2, HIP, and Diet HIP implement return routability checks based on a cookie mechanism to delay the establishment of state at the responding host until the address of the initiating host is verified. The effectiveness of these defense...""}]",,
AE-178,Web,NOTIFY_OPERATOR,Human review is appropriate given the low confidence and lack of a validated device identifier.,"[{""chunk_id"": ""ETSI.EN.303.645.V3.1.3-0078"", ""source"": ""ETSI.EN.303.645.V3.1.3.pdf"", ""excerpt"": ""...13 Validate input data Provision 5.13-1 Void. Provision 5.13-1A Data input at application layer to the device via user interfaces shall be validated by the device regarding unexpected data input to prevent system manipulations and failures. EXAMPLE 1: Manipulation of the integrated database via SQL injection over a user interface is mitigated via discarding invalid data input. Systems can be subverted by incorrectly formatted data or code transferred across different types of interface. Automated tools such as fuzzers can be used by attackers or testers to exploit potential gaps and weaknesses that emerge as a result of not validating d...""}, {""chunk_id"": ""ETSI.EN.303.645.V3.1.3-0079"", ""source"": ""ETSI.EN.303.645.V3.1.3.pdf"", ""excerpt"": ""xploit potential gaps and weaknesses that emerge as a result of not validating data. EXAMPLE 2: The consumer IoT device receives data that is not of the expected type, for example executable code rather than user inputted text. The software on the consumer IoT device has been written so that the input is parameterized or \""escaped\"", preventing this code from being run. Provision 5.13-1B Data input at application layer to the device via network interfaces shall be validated by the device regarding unexpected data input to prevent system manipulations and failures. NOTE: This includes network accessible APIs without prior authentication and n...""}]",,
AE-179,Mirai,CAPTURE_TRAFFIC,Preserve packet evidence for offline review and family validation before any disruptive action.,"[{""chunk_id"": ""NIST.SP.800-61r3-0055"", ""source"": ""NIST.SP.800-61r3.pdf"", ""excerpt"": ""... and, in turn, find cybersecurity incidents. DE.CM (Continuous Monitoring) Assets are monitored to find anomalies, indicators of compromise, and other potentially adverse events High R1: Continuous monitoring for unauthorized activity, deviations from expected activity, and changes in security posture should involve the following types of assets at all times: networks and network services; computing hardware and software, runtime environments, and their data; the physical environment; personnel activity and technology usage; and external service provider activities. C1: Consider using cyber threat information with continuous monitoring ...""}, {""chunk_id"": ""NIST.SP.800-61r3-0056"", ""source"": ""NIST.SP.800-61r3.pdf"", ""excerpt"": ""...sful and failed access attempts into all controlled areas, the movement of people and equipment into and out of secure areas of facilities, and signs of tampering with physical access controls. DE.CM-03 Personnel activity and technology usage are monitored to find potentially adverse events High R1: Monitoring personnel activity and technology usage should include anomalous user activity or unusual patterns of activity, authentication and logical access attempts, and the use of deception technology. DE.CM-06 External service provider activities and services are monitored to find potentially adverse events High R1: Monitoring external se...""}]",,
AE-180,Benign,INCREASE_LOGGING,Provides additional evidence if the traffic pattern changes while avoiding unnecessary disruption.,"[{""chunk_id"": ""NIST.SP.800-61r3-0055"", ""source"": ""NIST.SP.800-61r3.pdf"", ""excerpt"": ""..., find cybersecurity incidents. DE.CM (Continuous Monitoring) Assets are monitored to find anomalies, indicators of compromise, and other potentially adverse events High R1: Continuous monitoring for unauthorized activity, deviations from expected activity, and changes in security posture should involve the following types of assets at all times: networks and network services; computing hardware and software, runtime environments, and their data; the physical environment; personnel activity and technology usage; and external service provider activities. C1: Consider using cyber threat information with continuous monitoring to help ident...""}, {""chunk_id"": ""NIST.SP.800-213A-0053"", ""source"": ""NIST.SP.800-213A.pdf"", ""excerpt"": ""...uirements that may be necessary: 1. Ability to access information about the IoT device's cybersecurity state and other necessary data. 2. Ability to preserve system state information. (EIM) Event Identification & Monitoring Description: Ability to provide event identification and monitoring capabilities and/or support event identification and monitoring tools interfacing with the device. Discussion: Monitoring for cybersecurity and other adverse events is a component of many organizations\u2019 control set to enable proactive assessment of cybersecurity posture. IoT devices may have to support this kind of monitoring, and the nature of the m...""}, {""chunk_id"": ""NIST.IR.8259A-0022"", ""source"": ""NIST.IR.8259A.pdf"", ""excerpt"": ""ITY CORE BASELINE 10 This publication is available free of charge from: https://doi.org/10.6028/NIST.IR.8259A Device Cybersecurity Capability Common Elements Rationale IoT Reference Examples Cybersecurity State Awareness: The IoT device can report on its cybersecurity state and make that information accessible to authorized entities only. 1. The ability to report the device\u2019s cybersecurity state 2. The ability to differentiate between when a device will likely operate as expected from when it may be in a degraded cybersecurity state 3. The ability to restrict access to the state indicator so only authorized entities can view it 4. The abil...""}]",,
