action,action_index,approval_required,audit_id,case_id,deterministic_eligible,evidence_refs,item_type,predicted_family,rationale,retrieval_query,route,sources,checker_a_label,checker_a_reason,checker_b_label,checker_b_reason,strict_refined_decision,strict_refined_reason
CAPTURE_TRAFFIC,1,False,EG-O-0001,ieee-access-0001,True,"['NIST.SP.800-61r3-0055', 'NIST.SP.800-213A-0053', 'NIST.SP.800-61r3-0067']",original,Benign,Collect additional evidence before a disruptive decision.,normal activity continuous monitoring avoid unnecessary disruption cybersecurity state logging collect network traffic evidence incident analysis monitoring IoT predicted family Benign proposed action CAPTURE_TRAFFIC observed protocols TCP UDP ICMP HTTPS observed indicators traffic packet rate volume frequency average packet size traffic profile inter arrival time traffic timing TCP ACK responses TCP ACK flag responses,escalate,NIST.SP.800-61r3.pdf; NIST.SP.800-213A.pdf; NIST.SP.800-61r3.pdf,generally_supported,"The excerpts support monitoring and evidence preservation, but not specifically capturing traffic for a benign case.",generally_supported,"The excerpts support monitoring and collecting incident evidence generally, but do not explicitly support the specific action of capturing network traffic before a decision.",keep,General support is sufficient for this non-disruptive action.
NOTIFY_OPERATOR,2,False,EG-O-0002,ieee-access-0001,True,"['NIST.SP.800-61r3-0055', 'NIST.IR.8259A-0022', 'NIST.SP.800-61r3-0068']",original,Benign,Detector confidence is below the validated threshold.,normal activity continuous monitoring avoid unnecessary disruption cybersecurity state logging incident notification response escalation operator IoT predicted family Benign proposed action NOTIFY_OPERATOR observed protocols TCP UDP ICMP HTTPS observed indicators traffic packet rate volume frequency average packet size traffic profile inter arrival time traffic timing TCP ACK responses TCP ACK flag responses,escalate,NIST.SP.800-61r3.pdf; NIST.IR.8259A.pdf; NIST.SP.800-61r3.pdf,unsupported,"The excerpts support monitoring and notification/communication concepts, but do not justify notifying an operator because confidence is below threshold.",generally_supported,"The cited text supports reporting/communication and making device state available to authorized entities, which generally aligns with notifying an operator, but it does not specifically justify notification due to low detector confidence.",remove,The independent checker found no useful support for the action.
CAPTURE_TRAFFIC,1,False,EG-O-0003,ieee-access-0002,True,"['NIST.SP.800-61r3-0055', 'NIST.SP.800-213A-0053', 'NIST.SP.800-61r3-0067']",original,Benign,Collect additional evidence before a disruptive decision.,normal activity continuous monitoring avoid unnecessary disruption cybersecurity state logging collect network traffic evidence incident analysis monitoring IoT predicted family Benign proposed action CAPTURE_TRAFFIC observed protocols TCP HTTPS observed indicators traffic packet rate volume frequency average packet size traffic profile inter arrival time traffic timing TCP ACK responses TCP ACK flag responses,escalate,NIST.SP.800-61r3.pdf; NIST.SP.800-213A.pdf; NIST.SP.800-61r3.pdf,generally_supported,"The excerpts support continuous monitoring and evidence retention, but not the specific action of traffic capture as a distinct step.",generally_supported,"The excerpts support monitoring and collecting incident evidence generally, but do not explicitly support the specific action of capturing network traffic before a decision.",keep,General support is sufficient for this non-disruptive action.
NOTIFY_OPERATOR,2,False,EG-O-0004,ieee-access-0002,True,"['NIST.SP.800-61r3-0055', 'NIST.IR.8259A-0022', 'NIST.SP.800-61r3-0068']",original,Benign,Detector confidence is below the validated threshold.,normal activity continuous monitoring avoid unnecessary disruption cybersecurity state logging incident notification response escalation operator IoT predicted family Benign proposed action NOTIFY_OPERATOR observed protocols TCP HTTPS observed indicators traffic packet rate volume frequency average packet size traffic profile inter arrival time traffic timing TCP ACK responses TCP ACK flag responses,escalate,NIST.SP.800-61r3.pdf; NIST.IR.8259A.pdf; NIST.SP.800-61r3.pdf,unsupported,"The excerpts discuss monitoring, device state awareness, and incident communication, but not operator notification due to low detector confidence.",generally_supported,"The cited text supports reporting/communication and making device state available to authorized entities, which generally aligns with notifying an operator, but it does not specifically justify notification due to low detector confidence.",remove,The independent checker found no useful support for the action.
CAPTURE_TRAFFIC,1,False,EG-O-0005,ieee-access-0003,True,"['NIST.SP.800-61r3-0055', 'NIST.SP.800-213A-0053', 'RFC8520-0031']",original,Benign,Collect additional evidence before a disruptive decision.,normal activity continuous monitoring avoid unnecessary disruption cybersecurity state logging collect network traffic evidence incident analysis monitoring IoT predicted family Benign proposed action CAPTURE_TRAFFIC observed protocols TCP UDP HTTPS DNS ARP observed indicators traffic packet rate volume frequency average packet size traffic profile inter arrival time traffic timing TCP SYN connection attempts TCP SYN flag connection attempts,escalate,NIST.SP.800-61r3.pdf; NIST.SP.800-213A.pdf; RFC8520.txt,unsupported,RFC 8520 direction-initiated packet dropping is unrelated to capturing traffic for additional evidence.,generally_supported,"The NIST excerpts support monitoring, but the RFC excerpt is about dropping TCP packets based on connection direction, not traffic capture. Overall this supports security monitoring only generally, not the concrete traffic-capture action.",remove,The independent checker found no useful support for the action.
NOTIFY_OPERATOR,2,False,EG-O-0006,ieee-access-0003,True,"['NIST.SP.800-61r3-0055', 'RFC8520-0031', 'NIST.IR.8259A-0022']",original,Benign,Detector confidence is below the validated threshold.,normal activity continuous monitoring avoid unnecessary disruption cybersecurity state logging incident notification response escalation operator IoT predicted family Benign proposed action NOTIFY_OPERATOR observed protocols TCP UDP HTTPS DNS ARP observed indicators traffic packet rate volume frequency average packet size traffic profile inter arrival time traffic timing TCP SYN connection attempts TCP SYN flag connection attempts,escalate,NIST.SP.800-61r3.pdf; RFC8520.txt; NIST.IR.8259A.pdf,unsupported,"The excerpts support monitoring and reporting capabilities, but not operator notification based on detector confidence.",unsupported,"The evidence discusses continuous monitoring, device state awareness, and an RFC rule for dropping packets. It does not support notifying an operator, and the RFC excerpt is unrelated to notification.",remove,The independent checker found no useful support for the action.
CAPTURE_TRAFFIC,1,False,EG-O-0007,ieee-access-0004,True,"['NIST.SP.800-61r3-0055', 'NIST.SP.800-213A-0053', 'NIST.SP.800-61r3-0067']",original,Benign,Collect additional evidence before a disruptive decision.,normal activity continuous monitoring avoid unnecessary disruption cybersecurity state logging collect network traffic evidence incident analysis monitoring IoT predicted family Benign proposed action CAPTURE_TRAFFIC observed protocols TCP HTTPS observed indicators traffic packet rate volume frequency average packet size traffic profile inter arrival time traffic timing TCP ACK responses TCP ACK flag responses,escalate,NIST.SP.800-61r3.pdf; NIST.SP.800-213A.pdf; NIST.SP.800-61r3.pdf,generally_supported,"The excerpts support monitoring and evidence preservation, but not specifically traffic capture before a disruptive decision.",generally_supported,"The excerpts support monitoring and collecting incident evidence generally, but do not explicitly support the specific action of capturing network traffic before a decision.",keep,General support is sufficient for this non-disruptive action.
NOTIFY_OPERATOR,2,False,EG-O-0008,ieee-access-0004,True,"['NIST.SP.800-61r3-0055', 'NIST.IR.8259A-0022', 'NIST.SP.800-61r3-0068']",original,Benign,Detector confidence is below the validated threshold.,normal activity continuous monitoring avoid unnecessary disruption cybersecurity state logging incident notification response escalation operator IoT predicted family Benign proposed action NOTIFY_OPERATOR observed protocols TCP HTTPS observed indicators traffic packet rate volume frequency average packet size traffic profile inter arrival time traffic timing TCP ACK responses TCP ACK flag responses,escalate,NIST.SP.800-61r3.pdf; NIST.IR.8259A.pdf; NIST.SP.800-61r3.pdf,unsupported,"The excerpts mention monitoring and incident communication, but not notifying the operator because confidence is below threshold.",generally_supported,"The cited text supports reporting/communication and making device state available to authorized entities, which generally aligns with notifying an operator, but it does not specifically justify notification due to low detector confidence.",remove,The independent checker found no useful support for the action.
CAPTURE_TRAFFIC,1,False,EG-O-0009,ieee-access-0005,True,"['NIST.SP.800-61r3-0055', 'NIST.SP.800-213A-0053', 'NIST.SP.800-61r3-0067']",original,Benign,Collect additional evidence before a disruptive decision.,normal activity continuous monitoring avoid unnecessary disruption cybersecurity state logging collect network traffic evidence incident analysis monitoring IoT predicted family Benign proposed action CAPTURE_TRAFFIC observed protocols TCP UDP ICMP HTTPS observed indicators traffic packet rate volume frequency average packet size traffic profile inter arrival time traffic timing TCP ACK responses TCP ACK flag responses,escalate,NIST.SP.800-61r3.pdf; NIST.SP.800-213A.pdf; NIST.SP.800-61r3.pdf,generally_supported,"The cited monitoring and evidence-preservation language supports collecting evidence, but not the concrete traffic-capture action.",generally_supported,"The excerpts support monitoring and collecting incident evidence generally, but do not explicitly support the specific action of capturing network traffic before a decision.",keep,General support is sufficient for this non-disruptive action.
NOTIFY_OPERATOR,2,False,EG-O-0010,ieee-access-0005,True,"['NIST.SP.800-61r3-0055', 'NIST.IR.8259A-0022', 'NIST.SP.800-61r3-0068']",original,Benign,Detector confidence is below the validated threshold.,normal activity continuous monitoring avoid unnecessary disruption cybersecurity state logging incident notification response escalation operator IoT predicted family Benign proposed action NOTIFY_OPERATOR observed protocols TCP UDP ICMP HTTPS observed indicators traffic packet rate volume frequency average packet size traffic profile inter arrival time traffic timing TCP ACK responses TCP ACK flag responses,escalate,NIST.SP.800-61r3.pdf; NIST.IR.8259A.pdf; NIST.SP.800-61r3.pdf,unsupported,"The excerpts support continuous monitoring and communication, but not operator notification from low confidence.",generally_supported,"The cited text supports reporting/communication and making device state available to authorized entities, which generally aligns with notifying an operator, but it does not specifically justify notification due to low detector confidence.",remove,The independent checker found no useful support for the action.
NO_ACTION,1,False,EG-O-0011,ieee-access-0006,True,"['NIST.SP.800-61r3-0055', 'NIST.SP.800-213A-0053', 'NIST.IR.8259A-0022']",original,Benign,The detector classified the observation as benign.,normal activity continuous monitoring avoid unnecessary disruption cybersecurity state logging avoid unnecessary disruption continue observation IoT predicted family Benign proposed action NO_ACTION observed protocols TCP HTTP observed indicators traffic packet rate volume frequency average packet size traffic profile inter arrival time traffic timing TCP ACK responses TCP ACK flag responses,monitor,NIST.SP.800-61r3.pdf; NIST.SP.800-213A.pdf; NIST.IR.8259A.pdf,unsupported,"The evidence supports monitoring/reporting capabilities, not a no-action decision.",unsupported,"The evidence supports monitoring and state awareness, not taking no action because an observation was classified benign. Nothing explicitly or generally justifies abstaining from action.",remove,The independent checker found no useful support for the action.
MONITOR,2,False,EG-O-0012,ieee-access-0006,True,"['NIST.SP.800-61r3-0055', 'NIST.SP.800-213A-0053', 'NIST.SP.800-213A-0054']",original,Benign,Continue non-disruptive observation.,normal activity continuous monitoring avoid unnecessary disruption cybersecurity state logging continuous monitoring detect anomalous behavior security events IoT predicted family Benign proposed action MONITOR observed protocols TCP HTTP observed indicators traffic packet rate volume frequency average packet size traffic profile inter arrival time traffic timing TCP ACK responses TCP ACK flag responses,monitor,NIST.SP.800-61r3.pdf; NIST.SP.800-213A.pdf; NIST.SP.800-213A.pdf,directly_supported,"The excerpts explicitly support continuous monitoring and proactive assessment, which aligns with continuing non-disruptive observation.",directly_supported,"The excerpts explicitly support continuous monitoring and event identification/monitoring capabilities, which directly matches the action to continue non-disruptive observation.",keep,The action has direct documentary support.
NO_ACTION,1,False,EG-O-0013,ieee-access-0007,True,"['NIST.SP.800-61r3-0055', 'NIST.IR.8259A-0022', 'NIST.SP.800-213A-0053']",original,Benign,The detector classified the observation as benign.,normal activity continuous monitoring avoid unnecessary disruption cybersecurity state logging avoid unnecessary disruption continue observation IoT predicted family Benign proposed action NO_ACTION observed protocols TCP HTTPS observed indicators traffic packet rate volume frequency average packet size traffic profile inter arrival time traffic timing TCP ACK responses TCP ACK flag responses,monitor,NIST.SP.800-61r3.pdf; NIST.IR.8259A.pdf; NIST.SP.800-213A.pdf,unsupported,"The cited material supports monitoring and state awareness, but not a no-action decision.",unsupported,"The evidence supports monitoring and state awareness, not taking no action because an observation was classified benign. Nothing explicitly or generally justifies abstaining from action.",remove,The independent checker found no useful support for the action.
MONITOR,2,False,EG-O-0014,ieee-access-0007,True,"['NIST.SP.800-61r3-0055', 'NIST.SP.800-213A-0053', 'NIST.SP.800-213A-0054']",original,Benign,Continue non-disruptive observation.,normal activity continuous monitoring avoid unnecessary disruption cybersecurity state logging continuous monitoring detect anomalous behavior security events IoT predicted family Benign proposed action MONITOR observed protocols TCP HTTPS observed indicators traffic packet rate volume frequency average packet size traffic profile inter arrival time traffic timing TCP ACK responses TCP ACK flag responses,monitor,NIST.SP.800-61r3.pdf; NIST.SP.800-213A.pdf; NIST.SP.800-213A.pdf,directly_supported,"The excerpts explicitly describe continuous monitoring and identifying cybersecurity events, supporting a monitor action.",directly_supported,"The excerpts explicitly support continuous monitoring and event identification/monitoring capabilities, which directly matches the action to continue non-disruptive observation.",keep,The action has direct documentary support.
NO_ACTION,1,False,EG-O-0015,ieee-access-0008,True,"['NIST.SP.800-61r3-0055', 'NIST.IR.8259A-0022', 'NIST.SP.800-213A-0053']",original,Benign,The detector classified the observation as benign.,normal activity continuous monitoring avoid unnecessary disruption cybersecurity state logging avoid unnecessary disruption continue observation IoT predicted family Benign proposed action NO_ACTION observed protocols TCP UDP HTTPS observed indicators traffic packet rate volume frequency average packet size traffic profile inter arrival time traffic timing TCP ACK responses TCP ACK flag responses,monitor,NIST.SP.800-61r3.pdf; NIST.IR.8259A.pdf; NIST.SP.800-213A.pdf,unsupported,"The evidence supports monitoring and state awareness, but not a no-action decision.",unsupported,"The evidence supports monitoring and state awareness, not taking no action because an observation was classified benign. Nothing explicitly or generally justifies abstaining from action.",remove,The independent checker found no useful support for the action.
MONITOR,2,False,EG-O-0016,ieee-access-0008,True,"['NIST.SP.800-61r3-0055', 'NIST.SP.800-213A-0053', 'NIST.SP.800-213A-0054']",original,Benign,Continue non-disruptive observation.,normal activity continuous monitoring avoid unnecessary disruption cybersecurity state logging continuous monitoring detect anomalous behavior security events IoT predicted family Benign proposed action MONITOR observed protocols TCP UDP HTTPS observed indicators traffic packet rate volume frequency average packet size traffic profile inter arrival time traffic timing TCP ACK responses TCP ACK flag responses,monitor,NIST.SP.800-61r3.pdf; NIST.SP.800-213A.pdf; NIST.SP.800-213A.pdf,directly_supported,"The excerpts explicitly support continuous monitoring and event identification, matching the monitor action.",directly_supported,"The excerpts explicitly support continuous monitoring and event identification/monitoring capabilities, which directly matches the action to continue non-disruptive observation.",keep,The action has direct documentary support.
NO_ACTION,1,False,EG-O-0017,ieee-access-0009,True,"['NIST.SP.800-61r3-0055', 'NIST.IR.8259A-0022', 'NIST.SP.800-213A-0053']",original,Benign,The detector classified the observation as benign.,normal activity continuous monitoring avoid unnecessary disruption cybersecurity state logging avoid unnecessary disruption continue observation IoT predicted family Benign proposed action NO_ACTION observed protocols TCP UDP HTTPS observed indicators traffic packet rate volume frequency average packet size traffic profile inter arrival time traffic timing TCP ACK responses TCP ACK flag responses,monitor,NIST.SP.800-61r3.pdf; NIST.IR.8259A.pdf; NIST.SP.800-213A.pdf,unsupported,"The excerpts support monitoring and reporting capabilities, not a no-action decision.",unsupported,"The evidence supports monitoring and state awareness, not taking no action because an observation was classified benign. Nothing explicitly or generally justifies abstaining from action.",remove,The independent checker found no useful support for the action.
MONITOR,2,False,EG-O-0018,ieee-access-0009,True,"['NIST.SP.800-61r3-0055', 'NIST.SP.800-213A-0053', 'NIST.SP.800-213A-0054']",original,Benign,Continue non-disruptive observation.,normal activity continuous monitoring avoid unnecessary disruption cybersecurity state logging continuous monitoring detect anomalous behavior security events IoT predicted family Benign proposed action MONITOR observed protocols TCP UDP HTTPS observed indicators traffic packet rate volume frequency average packet size traffic profile inter arrival time traffic timing TCP ACK responses TCP ACK flag responses,monitor,NIST.SP.800-61r3.pdf; NIST.SP.800-213A.pdf; NIST.SP.800-213A.pdf,directly_supported,"The excerpts explicitly support continuous monitoring and proactive assessment, matching the monitor action.",directly_supported,"The excerpts explicitly support continuous monitoring and event identification/monitoring capabilities, which directly matches the action to continue non-disruptive observation.",keep,The action has direct documentary support.
NO_ACTION,1,False,EG-O-0019,ieee-access-0010,True,"['NIST.SP.800-61r3-0055', 'NIST.IR.8259A-0022', 'NIST.SP.800-213A-0053']",original,Benign,The detector classified the observation as benign.,normal activity continuous monitoring avoid unnecessary disruption cybersecurity state logging avoid unnecessary disruption continue observation IoT predicted family Benign proposed action NO_ACTION observed protocols TCP HTTPS observed indicators traffic packet rate volume frequency average packet size traffic profile inter arrival time traffic timing TCP ACK responses TCP ACK flag responses,monitor,NIST.SP.800-61r3.pdf; NIST.IR.8259A.pdf; NIST.SP.800-213A.pdf,unsupported,"The cited material supports monitoring and state awareness, but not a no-action decision.",unsupported,"The evidence supports monitoring and state awareness, not taking no action because an observation was classified benign. Nothing explicitly or generally justifies abstaining from action.",remove,The independent checker found no useful support for the action.
MONITOR,2,False,EG-O-0020,ieee-access-0010,True,"['NIST.SP.800-61r3-0055', 'NIST.SP.800-213A-0053', 'NIST.SP.800-213A-0054']",original,Benign,Continue non-disruptive observation.,normal activity continuous monitoring avoid unnecessary disruption cybersecurity state logging continuous monitoring detect anomalous behavior security events IoT predicted family Benign proposed action MONITOR observed protocols TCP HTTPS observed indicators traffic packet rate volume frequency average packet size traffic profile inter arrival time traffic timing TCP ACK responses TCP ACK flag responses,monitor,NIST.SP.800-61r3.pdf; NIST.SP.800-213A.pdf; NIST.SP.800-213A.pdf,directly_supported,"The excerpts explicitly support continuous monitoring and identifying cybersecurity events, which matches the monitor action.",directly_supported,"The excerpts explicitly support continuous monitoring and event identification/monitoring capabilities, which directly matches the action to continue non-disruptive observation.",keep,The action has direct documentary support.
CAPTURE_TRAFFIC,1,False,EG-O-0021,ieee-access-0011,True,"['ETSI.EN.303.645.V3.1.3-0078', 'RFC8520-0031', 'ETSI.EN.303.645.V3.1.3-0079']",original,Web,Collect additional evidence before a disruptive decision.,SQL injection invalid data input application layer user interface prevent system manipulation collect network traffic evidence incident analysis monitoring IoT predicted family Web proposed action CAPTURE_TRAFFIC observed protocols TCP UDP HTTP HTTPS DNS observed indicators traffic packet rate volume frequency average packet size traffic profile inter arrival time traffic timing TCP SYN connection attempts TCP SYN flag connection attempts,escalate,ETSI.EN.303.645.V3.1.3.pdf; RFC8520.txt; ETSI.EN.303.645.V3.1.3.pdf,unsupported,"The excerpts support validating unexpected input and, in one place, capturing the event as telemetry, but they do not justify the separate action of capturing traffic. No evidence says to capture traffic before a disruptive decision.",unsupported,"The excerpts discuss validating application/network input, dropping unsolicited TCP traffic, and capturing telemetry for invalid input events, but do not support the action of capturing network traffic as additional evidence before a decision.",remove,The independent checker found no useful support for the action.
NOTIFY_OPERATOR,2,False,EG-O-0022,ieee-access-0011,True,"['ETSI.EN.303.645.V3.1.3-0078', 'RFC8520-0031', 'ETSI.EN.303.645.V3.1.3-0079']",original,Web,Detector confidence is below the validated threshold.,SQL injection invalid data input application layer user interface prevent system manipulation incident notification response escalation operator IoT predicted family Web proposed action NOTIFY_OPERATOR observed protocols TCP UDP HTTP HTTPS DNS observed indicators traffic packet rate volume frequency average packet size traffic profile inter arrival time traffic timing TCP SYN connection attempts TCP SYN flag connection attempts,escalate,ETSI.EN.303.645.V3.1.3.pdf; RFC8520.txt; ETSI.EN.303.645.V3.1.3.pdf,unsupported,"The cited excerpts discuss input validation and incident reporting/status tracking, but not notifying an operator because detector confidence is below a threshold.",unsupported,"None of the excerpts support notifying an operator based on low detector confidence. They cover input validation and TCP direction filtering, not operator notification or human review.",remove,The independent checker found no useful support for the action.
CAPTURE_TRAFFIC,1,False,EG-O-0023,ieee-access-0012,True,"['ETSI.EN.303.645.V3.1.3-0078', 'RFC8520-0031', 'ETSI.EN.303.645.V3.1.3-0079']",original,Web,Collect additional evidence before a disruptive decision.,SQL injection invalid data input application layer user interface prevent system manipulation collect network traffic evidence incident analysis monitoring IoT predicted family Web proposed action CAPTURE_TRAFFIC observed protocols TCP UDP HTTP HTTPS DNS observed indicators traffic packet rate volume frequency average packet size traffic profile inter arrival time traffic timing TCP SYN connection attempts TCP SYN flag connection attempts,escalate,ETSI.EN.303.645.V3.1.3.pdf; RFC8520.txt; ETSI.EN.303.645.V3.1.3.pdf,unsupported,"The evidence supports validating input and, at most, capturing telemetry for out-of-range data. It does not support capturing network traffic as an evidence-gathering step.",unsupported,"The cited text supports input validation and mentions capturing an invalid-input event as telemetry, but not packet/traffic capture as an investigative action.",remove,The independent checker found no useful support for the action.
NOTIFY_OPERATOR,2,False,EG-O-0024,ieee-access-0012,True,"['ETSI.EN.303.645.V3.1.3-0078', 'RFC8520-0031', 'ETSI.EN.303.645.V3.1.3-0079']",original,Web,Detector confidence is below the validated threshold.,SQL injection invalid data input application layer user interface prevent system manipulation incident notification response escalation operator IoT predicted family Web proposed action NOTIFY_OPERATOR observed protocols TCP UDP HTTP HTTPS DNS observed indicators traffic packet rate volume frequency average packet size traffic profile inter arrival time traffic timing TCP SYN connection attempts TCP SYN flag connection attempts,escalate,ETSI.EN.303.645.V3.1.3.pdf; RFC8520.txt; ETSI.EN.303.645.V3.1.3.pdf,unsupported,"The excerpts mention incident response status tracking and reporting incidents, but not the specific action of notifying an operator due to low detector confidence.",unsupported,"The evidence does not justify notifying an operator; it is about validating input and preventing manipulation, not escalation to a human due to confidence thresholds.",remove,The independent checker found no useful support for the action.
CAPTURE_TRAFFIC,1,False,EG-O-0025,ieee-access-0013,True,"['ETSI.EN.303.645.V3.1.3-0078', 'RFC8520-0031', 'ETSI.EN.303.645.V3.1.3-0079']",original,Web,Collect additional evidence before a disruptive decision.,SQL injection invalid data input application layer user interface prevent system manipulation collect network traffic evidence incident analysis monitoring IoT predicted family Web proposed action CAPTURE_TRAFFIC observed protocols TCP UDP HTTPS DNS observed indicators traffic packet rate volume frequency average packet size traffic profile inter arrival time traffic timing TCP SYN connection attempts TCP SYN flag connection attempts,escalate,ETSI.EN.303.645.V3.1.3.pdf; RFC8520.txt; ETSI.EN.303.645.V3.1.3.pdf,generally_supported,"The excerpts support collecting evidence/telemetry from malformed or out-of-range input, which aligns with preserving evidence, but they do not explicitly endorse traffic capture as the mechanism.",unsupported,Capturing an event as telemetry for out-of-range data is not the same as capturing traffic. The excerpts do not support packet capture for evidence collection.,keep,General support is sufficient for this non-disruptive action.
NOTIFY_OPERATOR,2,False,EG-O-0026,ieee-access-0013,True,"['ETSI.EN.303.645.V3.1.3-0078', 'RFC8520-0031', 'ETSI.EN.303.645.V3.1.3-0079']",original,Web,Detector confidence is below the validated threshold.,SQL injection invalid data input application layer user interface prevent system manipulation incident notification response escalation operator IoT predicted family Web proposed action NOTIFY_OPERATOR observed protocols TCP UDP HTTPS DNS observed indicators traffic packet rate volume frequency average packet size traffic profile inter arrival time traffic timing TCP SYN connection attempts TCP SYN flag connection attempts,escalate,ETSI.EN.303.645.V3.1.3.pdf; RFC8520.txt; ETSI.EN.303.645.V3.1.3.pdf,unsupported,"The cited material discusses input validation and incident tracking/reporting, not operator notification based on confidence thresholds.",unsupported,"No excerpt mentions operator notification, reporting, or review. The evidence is unrelated to the specific action.",remove,The independent checker found no useful support for the action.
CAPTURE_TRAFFIC,1,False,EG-O-0027,ieee-access-0014,True,"['NIST.SP.800-61r3-0067', 'RFC8576-0026', 'RFC8576-0067']",original,Spoofing,Collect additional evidence before a disruptive decision.,spoofing impersonation authentication network access control identity collect network traffic evidence incident analysis monitoring IoT predicted family Spoofing proposed action CAPTURE_TRAFFIC observed protocols TCP HTTPS observed indicators traffic packet rate volume frequency average packet size traffic profile inter arrival time traffic timing TCP ACK responses TCP ACK flag responses,escalate,NIST.SP.800-61r3.pdf; RFC8576.txt; RFC8576.txt,generally_supported,"The NIST excerpt supports collecting and retaining incident evidence, but it does not explicitly support packet/traffic capture as the specific action.",generally_supported,"NIST SP 800-61r3 explicitly supports collecting and retaining incident evidence, which generally supports gathering more evidence. However, the excerpts do not specifically support packet/traffic capture as the concrete mechanism.",keep,General support is sufficient for this non-disruptive action.
NOTIFY_OPERATOR,2,False,EG-O-0028,ieee-access-0014,True,"['NIST.SP.800-61r3-0062', 'NIST.SP.800-61r3-0068', 'NIST.SP.800-213A-0065']",original,Spoofing,Detector confidence is below the validated threshold.,spoofing impersonation authentication network access control identity incident notification response escalation operator IoT predicted family Spoofing proposed action NOTIFY_OPERATOR observed protocols TCP HTTPS observed indicators traffic packet rate volume frequency average packet size traffic profile inter arrival time traffic timing TCP ACK responses TCP ACK flag responses,escalate,NIST.SP.800-61r3.pdf; NIST.SP.800-61r3.pdf; NIST.SP.800-213A.pdf,generally_supported,"The excerpts support incident notification/reporting and coordination, which is adjacent to notifying an operator, but they do not explicitly justify the below-threshold confidence rationale.",generally_supported,"The NIST incident response excerpts support incident reporting/communication and automatic reporting of confirmed incidents, which generally supports notifying an operator. They do not specifically justify operator notification because detector confidence is below threshold.",keep,General support is sufficient for this non-disruptive action.
CAPTURE_TRAFFIC,1,False,EG-O-0029,ieee-access-0015,True,"['NIST.SP.800-61r3-0055', 'NIST.SP.800-61r3-0067', 'RFC8576-0067']",original,Recon,Collect additional evidence before a disruptive decision.,reconnaissance scanning probing unauthorized activity continuous monitoring logging collect network traffic evidence incident analysis monitoring IoT predicted family Recon proposed action CAPTURE_TRAFFIC observed protocols TCP HTTP HTTPS observed indicators traffic packet rate volume frequency average packet size traffic profile inter arrival time traffic timing TCP ACK responses TCP ACK flag responses,escalate,NIST.SP.800-61r3.pdf; NIST.SP.800-61r3.pdf; RFC8576.txt,generally_supported,"The excerpts support continuous monitoring and preserving incident evidence, which aligns with collecting evidence, but they do not explicitly justify packet capture for this specific recon case.",generally_supported,"The excerpts support continuous monitoring and collecting/retaining incident evidence, which aligns with gathering more evidence, but they do not explicitly support packet/traffic capture as the concrete mechanism.",keep,General support is sufficient for this non-disruptive action.
NOTIFY_OPERATOR,2,False,EG-O-0030,ieee-access-0015,True,"['NIST.SP.800-61r3-0055', 'NIST.SP.800-61r3-0068', 'NIST.SP.800-61r3-0062']",original,Recon,Detector confidence is below the validated threshold.,reconnaissance scanning probing unauthorized activity continuous monitoring logging incident notification response escalation operator IoT predicted family Recon proposed action NOTIFY_OPERATOR observed protocols TCP HTTP HTTPS observed indicators traffic packet rate volume frequency average packet size traffic profile inter arrival time traffic timing TCP ACK responses TCP ACK flag responses,escalate,NIST.SP.800-61r3.pdf; NIST.SP.800-61r3.pdf; NIST.SP.800-61r3.pdf,generally_supported,"The evidence supports monitoring and incident reporting/coordination, but not notifying an operator specifically because confidence is below threshold.",generally_supported,"The cited text supports incident reporting/communication and automatic reporting by detection technologies, which broadly supports notifying an operator, but it does not specifically justify notification based on low detector confidence or this exact decision rule.",keep,General support is sufficient for this non-disruptive action.
CAPTURE_TRAFFIC,1,False,EG-O-0031,ieee-access-0016,True,"['ETSI.EN.303.645.V3.1.3-0078', 'ETSI.EN.303.645.V3.1.3-0079', 'NIST.SP.800-61r3-0067']",original,Web,Preserve evidence to validate whether the traffic pattern reflects benign application activity or misuse.,SQL injection invalid data input application layer user interface prevent system manipulation collect network traffic evidence incident analysis monitoring IoT predicted family Web proposed action CAPTURE_TRAFFIC observed protocols TCP UDP ICMP DNS ARP observed indicators traffic packet rate volume frequency average packet size traffic profile inter arrival time traffic timing TCP ACK responses TCP ACK flag responses,plan,ETSI.EN.303.645.V3.1.3.pdf; ETSI.EN.303.645.V3.1.3.pdf; NIST.SP.800-61r3.pdf,generally_supported,"RFC 800? No, the excerpts support collecting incident data as evidence and capturing telemetry when input is out of bounds. That supports the goal of evidence preservation, though not explicitly traffic capture before a decision.",directly_supported,NIST SP 800-61r3 explicitly says to collect and retain evidence from an incident. That directly supports capturing traffic to preserve evidence for validation.,keep,General support is sufficient for this non-disruptive action.
INCREASE_LOGGING,2,False,EG-O-0032,ieee-access-0016,True,"['ETSI.EN.303.645.V3.1.3-0078', 'ETSI.EN.303.645.V3.1.3-0079', 'RFC8576-0041']",original,Web,Improve visibility for follow-up analysis because the alert lacks a validated device identifier and protocol detail is limited.,SQL injection invalid data input application layer user interface prevent system manipulation increase security event logging monitoring incident analysis IoT predicted family Web proposed action INCREASE_LOGGING observed protocols TCP UDP ICMP DNS ARP observed indicators traffic packet rate volume frequency average packet size traffic profile inter arrival time traffic timing TCP ACK responses TCP ACK flag responses,plan,ETSI.EN.303.645.V3.1.3.pdf; ETSI.EN.303.645.V3.1.3.pdf; RFC8576.txt,unsupported,"The evidence mentions incident reporting and tracking, but not increasing logging for limited device identifier/protocol detail.",generally_supported,"ETSI mentions capturing invalid-input events as telemetry data, which supports the objective of improving visibility, but the excerpts do not explicitly recommend increasing logging in this scenario.",remove,The independent checker found no useful support for the action.
NOTIFY_OPERATOR,3,False,EG-O-0033,ieee-access-0016,True,"['ETSI.EN.303.645.V3.1.3-0078', 'ETSI.EN.303.645.V3.1.3-0079', 'NIST.SP.800-61r3-0062']",original,Web,"Human review is warranted given the confidence level and the bounded, non-executing nature of this mitigation intent.",SQL injection invalid data input application layer user interface prevent system manipulation incident notification response escalation operator IoT predicted family Web proposed action NOTIFY_OPERATOR observed protocols TCP UDP ICMP DNS ARP observed indicators traffic packet rate volume frequency average packet size traffic profile inter arrival time traffic timing TCP ACK responses TCP ACK flag responses,plan,ETSI.EN.303.645.V3.1.3.pdf; ETSI.EN.303.645.V3.1.3.pdf; NIST.SP.800-61r3.pdf,unsupported,"The excerpts support validating input and tracking incidents, but not notifying the operator for a bounded, non-executing mitigation intent.",generally_supported,"NIST says detection technologies should automatically report incidents and track incident status, which supports operator awareness/review in general, though not specifically because of the stated confidence condition.",remove,The independent checker found no useful support for the action.
INCREASE_LOGGING,1,False,EG-O-0034,ieee-access-0017,True,"['NIST.SP.800-213A-0065', 'NIST.SP.800-61r3-0062', 'RFC8576-0026']",original,Spoofing,"Expand telemetry to confirm whether the flow profile reflects spoofed identity, abnormal session reuse, or legitimate but atypical traffic.",spoofing impersonation authentication network access control identity increase security event logging monitoring incident analysis IoT predicted family Spoofing proposed action INCREASE_LOGGING observed protocols TCP HTTPS observed indicators traffic packet rate volume frequency average packet size traffic profile inter arrival time traffic timing TCP ACK responses TCP ACK flag responses,plan,NIST.SP.800-213A.pdf; NIST.SP.800-61r3.pdf; RFC8576.txt,generally_supported,"The excerpts support anti-spoofing and tracking sessions/incident status, which aligns with gaining visibility, but they do not explicitly recommend increasing logging.",unsupported,"The excerpts mention session tracking, anti-spoofing capability, and incident status tracking, but do not support increasing logging or expanding telemetry as the recommended action.",keep,General support is sufficient for this non-disruptive action.
CAPTURE_TRAFFIC,2,False,EG-O-0035,ieee-access-0017,True,"['NIST.SP.800-61r3-0067', 'RFC8576-0026', 'RFC8576-0067']",original,Spoofing,Packet-level evidence can help distinguish spoofing from benign high-rate encrypted traffic without assuming device identity.,spoofing impersonation authentication network access control identity collect network traffic evidence incident analysis monitoring IoT predicted family Spoofing proposed action CAPTURE_TRAFFIC observed protocols TCP HTTPS observed indicators traffic packet rate volume frequency average packet size traffic profile inter arrival time traffic timing TCP ACK responses TCP ACK flag responses,plan,NIST.SP.800-61r3.pdf; RFC8576.txt; RFC8576.txt,generally_supported,"Evidence preservation supports collecting incident data, but the excerpts do not explicitly mention capturing traffic or packet-level evidence for spoofing discrimination.",generally_supported,"NIST SP 800-61r3 supports collecting and retaining incident evidence, which generally supports evidence gathering. The cited text does not explicitly endorse traffic capture or packet-level capture as the mechanism.",keep,General support is sufficient for this non-disruptive action.
NOTIFY_OPERATOR,3,False,EG-O-0036,ieee-access-0017,True,"['NIST.SP.800-61r3-0062', 'NIST.SP.800-61r3-0068', 'NIST.SP.800-213A-0065']",original,Spoofing,Human review is appropriate because confidence is elevated but the device identity is unvalidated and the alert is intent-only.,spoofing impersonation authentication network access control identity incident notification response escalation operator IoT predicted family Spoofing proposed action NOTIFY_OPERATOR observed protocols TCP HTTPS observed indicators traffic packet rate volume frequency average packet size traffic profile inter arrival time traffic timing TCP ACK responses TCP ACK flag responses,plan,NIST.SP.800-61r3.pdf; NIST.SP.800-61r3.pdf; NIST.SP.800-213A.pdf,generally_supported,"The excerpts support incident notification and reporting/coordination, which is consistent with human review, but they do not explicitly support operator notification for this threshold-based rationale.",generally_supported,"The NIST excerpts support incident reporting/communication with relevant parties, which generally supports notifying an operator. They do not specifically support human review due to elevated confidence, unvalidated identity, or intent-only alerts.",keep,General support is sufficient for this non-disruptive action.
INCREASE_LOGGING,1,False,EG-O-0037,ieee-access-0018,True,"['NIST.SP.800-61r3-0055', 'RFC8520-0031', 'NIST.SP.800-213A-0053']",original,Recon,"Increase telemetry to capture additional indicators of probing, lateral discovery, or follow-on access attempts.",reconnaissance scanning probing unauthorized activity continuous monitoring logging increase security event logging monitoring incident analysis IoT predicted family Recon proposed action INCREASE_LOGGING observed protocols TCP UDP HTTP HTTPS DNS ARP observed indicators traffic packet rate volume frequency average packet size traffic profile inter arrival time traffic timing TCP SYN connection attempts TCP SYN flag connection attempts,plan,NIST.SP.800-61r3.pdf; RFC8520.txt; NIST.SP.800-213A.pdf,generally_supported,"The excerpts support monitoring and event identification/monitoring, which fits increased visibility, but they do not explicitly support increasing logging as the concrete action.",generally_supported,"The evidence supports monitoring capabilities and continuous monitoring for adverse events, which supports the objective of improving visibility, but it does not explicitly call for increasing logging as the specific action.",keep,General support is sufficient for this non-disruptive action.
CAPTURE_TRAFFIC,2,False,EG-O-0038,ieee-access-0018,True,"['NIST.SP.800-61r3-0055', 'RFC8520-0031', 'NIST.SP.800-61r3-0067']",original,Recon,"Collect packet-level evidence to validate whether the traffic reflects reconnaissance, service enumeration, or benign chatter.",reconnaissance scanning probing unauthorized activity continuous monitoring logging collect network traffic evidence incident analysis monitoring IoT predicted family Recon proposed action CAPTURE_TRAFFIC observed protocols TCP UDP HTTP HTTPS DNS ARP observed indicators traffic packet rate volume frequency average packet size traffic profile inter arrival time traffic timing TCP SYN connection attempts TCP SYN flag connection attempts,plan,NIST.SP.800-61r3.pdf; RFC8520.txt; NIST.SP.800-61r3.pdf,generally_supported,"The evidence supports continuous monitoring and evidence preservation, but not packet capture as the specific response.",generally_supported,"The excerpts support continuous monitoring and collecting incident evidence, which generally supports gathering additional evidence, but they do not explicitly direct packet-level traffic capture.",keep,General support is sufficient for this non-disruptive action.
NOTIFY_OPERATOR,3,False,EG-O-0039,ieee-access-0018,True,"['NIST.SP.800-61r3-0055', 'RFC8520-0031', 'NIST.SP.800-61r3-0068']",original,Recon,Human review is appropriate because the alert is credible but device identity is unvalidated and the intent is mitigation only.,reconnaissance scanning probing unauthorized activity continuous monitoring logging incident notification response escalation operator IoT predicted family Recon proposed action NOTIFY_OPERATOR observed protocols TCP UDP HTTP HTTPS DNS ARP observed indicators traffic packet rate volume frequency average packet size traffic profile inter arrival time traffic timing TCP SYN connection attempts TCP SYN flag connection attempts,plan,NIST.SP.800-61r3.pdf; RFC8520.txt; NIST.SP.800-61r3.pdf,generally_supported,"The excerpts support continuous monitoring and incident communication, which can justify human review at a high level, but they do not explicitly support notifying an operator for the stated reason.",generally_supported,"The communication/reporting excerpt supports notifying relevant stakeholders, so operator notification is broadly supported, but the evidence does not specifically support human review because device identity is unvalidated.",keep,General support is sufficient for this non-disruptive action.
INCREASE_LOGGING,1,False,EG-O-0040,ieee-access-0019,True,"['NIST.SP.800-61r3-0055', 'RFC8520-0031', 'NIST.SP.800-213A-0053']",original,Recon,"Improve visibility into source/destination patterns, ports, and session behavior to confirm whether the traffic represents scanning or benign chatter.",reconnaissance scanning probing unauthorized activity continuous monitoring logging increase security event logging monitoring incident analysis IoT predicted family Recon proposed action INCREASE_LOGGING observed protocols TCP UDP HTTP HTTPS DNS observed indicators traffic packet rate volume frequency average packet size traffic profile inter arrival time traffic timing TCP SYN connection attempts TCP SYN flag connection attempts,plan,NIST.SP.800-61r3.pdf; RFC8520.txt; NIST.SP.800-213A.pdf,generally_supported,"The excerpts support continuous monitoring and event identification/monitoring, which aligns with improving visibility, but they do not specifically support increasing logging.",generally_supported,"The citations support monitoring and event identification capabilities, which generally support better visibility, but they do not explicitly support increasing logging of source/destination patterns and sessions.",keep,General support is sufficient for this non-disruptive action.
CAPTURE_TRAFFIC,2,False,EG-O-0041,ieee-access-0019,True,"['NIST.SP.800-61r3-0055', 'RFC8520-0031', 'NIST.SP.800-61r3-0067']",original,Recon,Preserve packet evidence for operator review and correlate the alert with any repeated probing behavior.,reconnaissance scanning probing unauthorized activity continuous monitoring logging collect network traffic evidence incident analysis monitoring IoT predicted family Recon proposed action CAPTURE_TRAFFIC observed protocols TCP UDP HTTP HTTPS DNS observed indicators traffic packet rate volume frequency average packet size traffic profile inter arrival time traffic timing TCP SYN connection attempts TCP SYN flag connection attempts,plan,NIST.SP.800-61r3.pdf; RFC8520.txt; NIST.SP.800-61r3.pdf,generally_supported,"The excerpts support collecting and retaining incident evidence and monitoring, but not the specific action of capturing traffic.",generally_supported,"The evidence supports monitoring and evidence collection/retention, which aligns with preserving evidence, but not specifically traffic capture for operator review and correlation.",keep,General support is sufficient for this non-disruptive action.
NOTIFY_OPERATOR,3,False,EG-O-0042,ieee-access-0019,True,"['NIST.SP.800-61r3-0055', 'RFC8520-0031', 'NIST.SP.800-61r3-0068']",original,Recon,Recon alerts with moderate confidence and no device identifier merit human review before stronger containment.,reconnaissance scanning probing unauthorized activity continuous monitoring logging incident notification response escalation operator IoT predicted family Recon proposed action NOTIFY_OPERATOR observed protocols TCP UDP HTTP HTTPS DNS observed indicators traffic packet rate volume frequency average packet size traffic profile inter arrival time traffic timing TCP SYN connection attempts TCP SYN flag connection attempts,plan,NIST.SP.800-61r3.pdf; RFC8520.txt; NIST.SP.800-61r3.pdf,generally_supported,"The excerpts support monitoring and incident notification/communication, but not the specific recommendation to notify an operator due to moderate confidence and device validation issues.",generally_supported,"The excerpts support incident notification/communication in general, but they do not specifically justify notifying an operator because confidence is moderate and device ID is absent.",keep,General support is sufficient for this non-disruptive action.
INCREASE_LOGGING,1,False,EG-O-0043,ieee-access-0020,True,"['NIST.SP.800-61r3-0055', 'RFC8520-0031', 'NIST.SP.800-213A-0053']",original,Recon,Collect more telemetry to confirm whether the pattern is reconnaissance versus benign bursty traffic.,reconnaissance scanning probing unauthorized activity continuous monitoring logging increase security event logging monitoring incident analysis IoT predicted family Recon proposed action INCREASE_LOGGING observed protocols TCP UDP HTTP HTTPS DNS ARP observed indicators traffic packet rate volume frequency average packet size traffic profile inter arrival time traffic timing TCP SYN connection attempts TCP SYN flag connection attempts,plan,NIST.SP.800-61r3.pdf; RFC8520.txt; NIST.SP.800-213A.pdf,generally_supported,"The excerpts support continuous monitoring and event identification/monitoring, which is compatible with increasing telemetry, but they do not explicitly endorse increasing logging.",generally_supported,"The evidence supports monitoring for adverse events and device support for monitoring, which generally supports more telemetry, but not the specific action of increasing logging.",keep,General support is sufficient for this non-disruptive action.
CAPTURE_TRAFFIC,2,False,EG-O-0044,ieee-access-0020,True,"['NIST.SP.800-61r3-0055', 'RFC8520-0031', 'NIST.SP.800-61r3-0067']",original,Recon,Preserve packet evidence for offline review and correlation with continuous monitoring guidance.,reconnaissance scanning probing unauthorized activity continuous monitoring logging collect network traffic evidence incident analysis monitoring IoT predicted family Recon proposed action CAPTURE_TRAFFIC observed protocols TCP UDP HTTP HTTPS DNS ARP observed indicators traffic packet rate volume frequency average packet size traffic profile inter arrival time traffic timing TCP SYN connection attempts TCP SYN flag connection attempts,plan,NIST.SP.800-61r3.pdf; RFC8520.txt; NIST.SP.800-61r3.pdf,generally_supported,"The excerpts support monitoring and evidence preservation, but not the concrete action of capturing traffic.",generally_supported,"The cited material supports continuous monitoring and collecting incident evidence, which generally supports preserving evidence, but not explicitly capturing network traffic packets for offline review.",keep,General support is sufficient for this non-disruptive action.
NOTIFY_OPERATOR,3,False,EG-O-0045,ieee-access-0020,True,"['NIST.SP.800-61r3-0055', 'RFC8520-0031', 'NIST.SP.800-61r3-0068']",original,Recon,Human review is appropriate because confidence is moderate-high but the device cannot be validated from the provided features.,reconnaissance scanning probing unauthorized activity continuous monitoring logging incident notification response escalation operator IoT predicted family Recon proposed action NOTIFY_OPERATOR observed protocols TCP UDP HTTP HTTPS DNS ARP observed indicators traffic packet rate volume frequency average packet size traffic profile inter arrival time traffic timing TCP SYN connection attempts TCP SYN flag connection attempts,plan,NIST.SP.800-61r3.pdf; RFC8520.txt; NIST.SP.800-61r3.pdf,generally_supported,"The excerpts support monitoring and incident communication, which can underwrite operator awareness, but they do not explicitly justify notifying an operator for the stated reason.",generally_supported,"General incident communication/reporting support is present, but the excerpts do not specifically support operator notification due to moderate-high confidence and inability to validate the device.",keep,General support is sufficient for this non-disruptive action.
CAPTURE_TRAFFIC,1,False,EG-O-0046,ieee-access-0021,True,"['RFC8520-0031', 'ETSI.EN.303.645.V3.1.3-0035', 'NIST.IR.8259A-0018']",original,BruteForce,Collect additional evidence before a disruptive decision.,password brute force failed authentication attempt limiting account lockout collect network traffic evidence incident analysis monitoring IoT predicted family BruteForce proposed action CAPTURE_TRAFFIC observed protocols TCP UDP ARP observed indicators traffic packet rate volume frequency average packet size traffic profile inter arrival time traffic timing TCP SYN connection attempts TCP SYN flag connection attempts,escalate,RFC8520.txt; ETSI.EN.303.645.V3.1.3.pdf; NIST.IR.8259A.pdf,unsupported,"The excerpts discuss brute-force defenses like limiting attempts and locking accounts, not capturing traffic; no evidence supports traffic capture before action.",unsupported,"The excerpts discuss TCP connection-direction filtering and brute-force mitigations like limiting or delaying authentication attempts, not capturing traffic or collecting packet evidence before action.",remove,The independent checker found no useful support for the action.
NOTIFY_OPERATOR,2,False,EG-O-0047,ieee-access-0021,True,"['RFC8520-0031', 'ETSI.EN.303.645.V3.1.3-0035', 'NIST.IR.8259A-0018']",original,BruteForce,Detector confidence is below the validated threshold.,password brute force failed authentication attempt limiting account lockout incident notification response escalation operator IoT predicted family BruteForce proposed action NOTIFY_OPERATOR observed protocols TCP UDP ARP observed indicators traffic packet rate volume frequency average packet size traffic profile inter arrival time traffic timing TCP SYN connection attempts TCP SYN flag connection attempts,escalate,RFC8520.txt; ETSI.EN.303.645.V3.1.3.pdf; NIST.IR.8259A.pdf,unsupported,"The cited text supports detection/reporting of brute-force attacks, but not notifying an operator because detector confidence is below threshold.",unsupported,"The cited text supports detecting and defending against brute-force attempts and configuring authentication-throttling controls, but it does not support notifying an operator, especially based on low detector confidence.",remove,The independent checker found no useful support for the action.
CAPTURE_TRAFFIC,1,False,EG-O-0048,ieee-access-0022,True,"['NIST.SP.800-61r3-0067', 'ETSI.EN.303.645.V3.1.3-0060', 'ETSI.EN.303.645.V3.1.3-0034']",original,BruteForce,Collect additional evidence before a disruptive decision.,password brute force failed authentication attempt limiting account lockout collect network traffic evidence incident analysis monitoring IoT predicted family BruteForce proposed action CAPTURE_TRAFFIC observed protocols TCP UDP HTTPS ARP observed indicators traffic packet rate volume frequency average packet size traffic profile inter arrival time traffic timing TCP ACK responses TCP ACK flag responses,escalate,NIST.SP.800-61r3.pdf; ETSI.EN.303.645.V3.1.3.pdf; ETSI.EN.303.645.V3.1.3.pdf,generally_supported,"The evidence supports collecting and retaining incident evidence, which aligns with a non-disruptive evidence-gathering objective, but it does not specifically justify traffic capture.",generally_supported,"NIST SP 800-61r3 explicitly supports collecting and retaining incident evidence, which aligns with the objective of gathering more evidence, but it does not specifically justify the concrete mechanism of capturing network traffic.",keep,General support is sufficient for this non-disruptive action.
NOTIFY_OPERATOR,2,False,EG-O-0049,ieee-access-0022,True,"['ETSI.EN.303.645.V3.1.3-0060', 'ETSI.EN.303.645.V3.1.3-0034', 'NIST.SP.800-61r3-0062']",original,BruteForce,Detector confidence is below the validated threshold.,password brute force failed authentication attempt limiting account lockout incident notification response escalation operator IoT predicted family BruteForce proposed action NOTIFY_OPERATOR observed protocols TCP UDP HTTPS ARP observed indicators traffic packet rate volume frequency average packet size traffic profile inter arrival time traffic timing TCP ACK responses TCP ACK flag responses,escalate,ETSI.EN.303.645.V3.1.3.pdf; ETSI.EN.303.645.V3.1.3.pdf; NIST.SP.800-61r3.pdf,unsupported,"The excerpts mention detection/reporting and authentication protections, but not operator notification due to low confidence.",generally_supported,"NIST SP 800-61r3 says detection technologies should automatically report confirmed incidents, which generally supports operator notification, though not the specific rationale about low confidence; the other excerpts are unrelated.",remove,The independent checker found no useful support for the action.
CAPTURE_TRAFFIC,1,False,EG-O-0050,ieee-access-0023,True,"['ETSI.EN.303.645.V3.1.3-0060', 'NIST.SP.800-61r3-0067', 'ETSI.EN.303.645.V3.1.3-0034']",original,BruteForce,Collect additional evidence before a disruptive decision.,password brute force failed authentication attempt limiting account lockout collect network traffic evidence incident analysis monitoring IoT predicted family BruteForce proposed action CAPTURE_TRAFFIC observed protocols TCP UDP ICMP HTTPS ARP observed indicators traffic packet rate volume frequency average packet size traffic profile inter arrival time traffic timing TCP ACK responses TCP ACK flag responses,escalate,ETSI.EN.303.645.V3.1.3.pdf; NIST.SP.800-61r3.pdf; ETSI.EN.303.645.V3.1.3.pdf,generally_supported,"The evidence supports retaining incident data as evidence, which is compatible with gathering more evidence before action, but it does not explicitly support traffic capture.",generally_supported,"NIST SP 800-61r3 supports collecting and retaining evidence from an incident, which generally supports evidence-gathering, but the excerpts do not specifically support traffic capture as the mechanism.",keep,General support is sufficient for this non-disruptive action.
NOTIFY_OPERATOR,2,False,EG-O-0051,ieee-access-0023,True,"['ETSI.EN.303.645.V3.1.3-0060', 'ETSI.EN.303.645.V3.1.3-0034', 'NIST.SP.800-61r3-0062']",original,BruteForce,Detector confidence is below the validated threshold.,password brute force failed authentication attempt limiting account lockout incident notification response escalation operator IoT predicted family BruteForce proposed action NOTIFY_OPERATOR observed protocols TCP UDP ICMP HTTPS ARP observed indicators traffic packet rate volume frequency average packet size traffic profile inter arrival time traffic timing TCP ACK responses TCP ACK flag responses,escalate,ETSI.EN.303.645.V3.1.3.pdf; ETSI.EN.303.645.V3.1.3.pdf; NIST.SP.800-61r3.pdf,unsupported,"The cited passages concern incident reporting and authentication protections, not notifying an operator because confidence is below threshold.",generally_supported,"NIST SP 800-61r3 supports automatic reporting of confirmed incidents and coordination/tracking, which generally supports notifying an operator, though not specifically for below-threshold confidence.",remove,The independent checker found no useful support for the action.
CAPTURE_TRAFFIC,1,False,EG-O-0052,ieee-access-0024,True,"['RFC8520-0031', 'ETSI.EN.303.645.V3.1.3-0035', 'NIST.IR.8259A-0018']",original,BruteForce,Collect additional evidence before a disruptive decision.,password brute force failed authentication attempt limiting account lockout collect network traffic evidence incident analysis monitoring IoT predicted family BruteForce proposed action CAPTURE_TRAFFIC observed protocols TCP UDP HTTPS observed indicators traffic packet rate volume frequency average packet size traffic profile inter arrival time traffic timing TCP SYN connection attempts TCP SYN flag connection attempts,escalate,RFC8520.txt; ETSI.EN.303.645.V3.1.3.pdf; NIST.IR.8259A.pdf,unsupported,"The excerpts support limiting authentication attempts and delaying retries, but not capturing traffic.",unsupported,"The excerpts address brute-force resistance through throttling, account lockout, and access restriction, not traffic capture for additional evidence.",remove,The independent checker found no useful support for the action.
NOTIFY_OPERATOR,2,False,EG-O-0053,ieee-access-0024,True,"['RFC8520-0031', 'ETSI.EN.303.645.V3.1.3-0035', 'NIST.IR.8259A-0018']",original,BruteForce,Detector confidence is below the validated threshold.,password brute force failed authentication attempt limiting account lockout incident notification response escalation operator IoT predicted family BruteForce proposed action NOTIFY_OPERATOR observed protocols TCP UDP HTTPS observed indicators traffic packet rate volume frequency average packet size traffic profile inter arrival time traffic timing TCP SYN connection attempts TCP SYN flag connection attempts,escalate,RFC8520.txt; ETSI.EN.303.645.V3.1.3.pdf; NIST.IR.8259A.pdf,unsupported,"The cited material covers brute-force mitigation controls, not operator notification.",unsupported,"The evidence is about connection-direction controls and brute-force mitigation/detection capabilities, but it does not support notifying an operator.",remove,The independent checker found no useful support for the action.
CAPTURE_TRAFFIC,1,False,EG-O-0054,ieee-access-0025,True,"['NIST.SP.800-61r3-0067', 'ETSI.EN.303.645.V3.1.3-0034', 'RFC8576-0067']",original,BruteForce,Collect additional evidence before a disruptive decision.,password brute force failed authentication attempt limiting account lockout collect network traffic evidence incident analysis monitoring IoT predicted family BruteForce proposed action CAPTURE_TRAFFIC observed protocols TCP HTTPS observed indicators traffic packet rate volume frequency average packet size traffic profile inter arrival time traffic timing TCP ACK responses TCP ACK flag responses,escalate,NIST.SP.800-61r3.pdf; ETSI.EN.303.645.V3.1.3.pdf; RFC8576.txt,generally_supported,"Collecting and retaining incident data is supported, but the excerpt does not specifically support traffic capture as the method.",generally_supported,"NIST SP 800-61r3 supports collecting and retaining incident evidence, which generally aligns with gathering more evidence, but there is no explicit support for capturing network traffic specifically.",keep,General support is sufficient for this non-disruptive action.
NOTIFY_OPERATOR,2,False,EG-O-0055,ieee-access-0025,True,"['ETSI.EN.303.645.V3.1.3-0034', 'NIST.SP.800-61r3-0062', 'NIST.SP.800-61r3-0068']",original,BruteForce,Detector confidence is below the validated threshold.,password brute force failed authentication attempt limiting account lockout incident notification response escalation operator IoT predicted family BruteForce proposed action NOTIFY_OPERATOR observed protocols TCP HTTPS observed indicators traffic packet rate volume frequency average packet size traffic profile inter arrival time traffic timing TCP ACK responses TCP ACK flag responses,escalate,ETSI.EN.303.645.V3.1.3.pdf; NIST.SP.800-61r3.pdf; NIST.SP.800-61r3.pdf,unsupported,"The evidence discusses incident tracking and reporting, but not notifying an operator due to low detector confidence.",generally_supported,"NIST SP 800-61r3 discusses incident reporting/communication and automatic reporting of confirmed incidents, which generally supports notifying an operator; the ETSI password-change excerpt is unrelated.",remove,The independent checker found no useful support for the action.
INCREASE_LOGGING,1,False,EG-O-0056,ieee-access-0026,True,"['ETSI.EN.303.645.V3.1.3-0060', 'ETSI.EN.303.645.V3.1.3-0034', 'NIST.SP.800-61r3-0065']",original,BruteForce,Capture more detail on the suspected brute-force pattern for verification and incident scoping.,password brute force failed authentication attempt limiting account lockout increase security event logging monitoring incident analysis IoT predicted family BruteForce proposed action INCREASE_LOGGING observed protocols TCP ARP observed indicators traffic packet rate volume frequency average packet size traffic profile inter arrival time traffic timing TCP ACK responses TCP ACK flag responses,plan,ETSI.EN.303.645.V3.1.3.pdf; ETSI.EN.303.645.V3.1.3.pdf; NIST.SP.800-61r3.pdf,generally_supported,"The excerpts support investigating and documenting incidents for forensics, which is consistent with increased logging, but they do not directly mention logging or log enrichment.",generally_supported,"NIST SP 800-61r3 supports conducting investigations to determine what happened during an incident, which generally supports increasing visibility/log detail, but none of the excerpts explicitly call for increased logging.",keep,General support is sufficient for this non-disruptive action.
RATE_LIMIT,2,True,EG-O-0057,ieee-access-0026,True,"['ETSI.EN.303.645.V3.1.3-0035', 'RFC8576-0026', 'ETSI.EN.303.645.V3.1.3-0034']",original,BruteForce,Reduce the impact of rapid repeated attempts consistent with brute-force activity.,password brute force failed authentication attempt limiting account lockout rate limiting traffic filtering denial of service resource exhaustion IoT predicted family BruteForce proposed action RATE_LIMIT observed protocols TCP ARP observed indicators traffic packet rate volume frequency average packet size traffic profile inter arrival time traffic timing TCP ACK responses TCP ACK flag responses,plan,ETSI.EN.303.645.V3.1.3.pdf; RFC8576.txt; ETSI.EN.303.645.V3.1.3.pdf,directly_supported,"The evidence explicitly states that consumer IoT devices may limit authentication attempts within a time interval, use increasing time intervals, and lock or delay additional attempts after failures.",directly_supported,"ETSI EN 303 645 explicitly describes limiting authentication attempts within a time interval and increasing delays between attempts to address credential stuffing/brute-force attacks, which directly supports rate limiting.",keep,The action has direct documentary support.
NOTIFY_OPERATOR,3,False,EG-O-0058,ieee-access-0026,True,"['ETSI.EN.303.645.V3.1.3-0060', 'ETSI.EN.303.645.V3.1.3-0034', 'NIST.SP.800-61r3-0062']",original,BruteForce,Human review is appropriate because no validated device identifier is available and mitigation should remain bounded.,password brute force failed authentication attempt limiting account lockout incident notification response escalation operator IoT predicted family BruteForce proposed action NOTIFY_OPERATOR observed protocols TCP ARP observed indicators traffic packet rate volume frequency average packet size traffic profile inter arrival time traffic timing TCP ACK responses TCP ACK flag responses,plan,ETSI.EN.303.645.V3.1.3.pdf; ETSI.EN.303.645.V3.1.3.pdf; NIST.SP.800-61r3.pdf,unsupported,The cited passages do not support operator notification based on missing validated device identifier; they address authentication and incident reporting generally.,generally_supported,"NIST SP 800-61r3 supports automatic reporting of confirmed incidents, which generally supports notifying an operator, but the cited evidence does not address the stated rationale about missing validated device identifiers or bounded mitigation.",remove,The independent checker found no useful support for the action.
INCREASE_LOGGING,1,False,EG-O-0059,ieee-access-0027,True,"['ETSI.EN.303.645.V3.1.3-0034', 'ETSI.EN.303.645.V3.1.3-0060', 'NIST.SP.800-61r3-0065']",original,BruteForce,Preserve forensic detail for repeated access behavior and correlate attempts without disrupting service.,password brute force failed authentication attempt limiting account lockout increase security event logging monitoring incident analysis IoT predicted family BruteForce proposed action INCREASE_LOGGING observed protocols TCP UDP ICMP HTTPS observed indicators traffic packet rate volume frequency average packet size traffic profile inter arrival time traffic timing TCP ACK responses TCP ACK flag responses,plan,ETSI.EN.303.645.V3.1.3.pdf; ETSI.EN.303.645.V3.1.3.pdf; NIST.SP.800-61r3.pdf,generally_supported,"The material supports investigation, documentation, and preserving evidence for forensics, which aligns with increased logging, but it does not explicitly prescribe logging.",generally_supported,"NIST SP 800-61r3 incident analysis guidance generally supports collecting information to understand what happened, but the excerpts do not explicitly support increasing logging as the concrete action.",keep,General support is sufficient for this non-disruptive action.
RATE_LIMIT,2,True,EG-O-0060,ieee-access-0027,True,"['ETSI.EN.303.645.V3.1.3-0035', 'RFC8576-0026', 'ETSI.EN.303.645.V3.1.3-0034']",original,BruteForce,Reduce the pace of repeated attempts while avoiding an immediate hard block that could obscure attacker behavior.,password brute force failed authentication attempt limiting account lockout rate limiting traffic filtering denial of service resource exhaustion IoT predicted family BruteForce proposed action RATE_LIMIT observed protocols TCP UDP ICMP HTTPS observed indicators traffic packet rate volume frequency average packet size traffic profile inter arrival time traffic timing TCP ACK responses TCP ACK flag responses,plan,ETSI.EN.303.645.V3.1.3.pdf; RFC8576.txt; ETSI.EN.303.645.V3.1.3.pdf,directly_supported,"The excerpt explicitly supports rate limiting by limiting authentication attempts in a time interval, increasing time between attempts, and delaying additional authentication attempts after failures.",directly_supported,"ETSI EN 303 645 explicitly supports limiting authentication attempts and delaying further attempts after failures to address brute-force/credential-stuffing behavior, which directly supports rate limiting.",keep,The action has direct documentary support.
NOTIFY_OPERATOR,3,False,EG-O-0061,ieee-access-0027,True,"['ETSI.EN.303.645.V3.1.3-0060', 'ETSI.EN.303.645.V3.1.3-0034', 'NIST.SP.800-61r3-0062']",original,BruteForce,Operator review is warranted due to the high-confidence alert and the need to validate impact before stronger containment.,password brute force failed authentication attempt limiting account lockout incident notification response escalation operator IoT predicted family BruteForce proposed action NOTIFY_OPERATOR observed protocols TCP UDP ICMP HTTPS observed indicators traffic packet rate volume frequency average packet size traffic profile inter arrival time traffic timing TCP ACK responses TCP ACK flag responses,plan,ETSI.EN.303.645.V3.1.3.pdf; ETSI.EN.303.645.V3.1.3.pdf; NIST.SP.800-61r3.pdf,unsupported,"The evidence supports incident reporting/confirmation, but not notifying an operator because the alert is high confidence and device identity is unvalidated.",generally_supported,"NIST SP 800-61r3 supports automatic reporting of confirmed incidents, which generally supports notifying an operator, though not specifically to validate impact before stronger containment.",remove,The independent checker found no useful support for the action.
RATE_LIMIT,1,True,EG-O-0062,ieee-access-0028,True,"['ETSI.EN.303.645.V3.1.3-0035', 'RFC8576-0026', 'ETSI.EN.303.645.V3.1.3-0034']",original,BruteForce,Reduce the pace of repeated access attempts while preserving limited observability.,password brute force failed authentication attempt limiting account lockout rate limiting traffic filtering denial of service resource exhaustion IoT predicted family BruteForce proposed action RATE_LIMIT observed protocols TCP UDP HTTPS DNS observed indicators traffic packet rate volume frequency average packet size traffic profile inter arrival time traffic timing TCP ACK responses TCP ACK flag responses,plan,ETSI.EN.303.645.V3.1.3.pdf; RFC8576.txt; ETSI.EN.303.645.V3.1.3.pdf,directly_supported,"The cited provision explicitly describes limiting authentication attempts over time and delaying additional attempts after failed attempts, which directly supports rate limiting.",directly_supported,"ETSI EN 303 645 explicitly endorses limiting authentication attempts and increasing delays between attempts to make brute-force attacks impracticable, directly supporting rate limiting.",keep,The action has direct documentary support.
INCREASE_LOGGING,2,False,EG-O-0063,ieee-access-0028,True,"['ETSI.EN.303.645.V3.1.3-0034', 'NIST.SP.800-61r3-0065', 'ETSI.EN.303.645.V3.1.3-0060']",original,BruteForce,Collect additional evidence to confirm whether the pattern reflects brute-force authentication attempts.,password brute force failed authentication attempt limiting account lockout increase security event logging monitoring incident analysis IoT predicted family BruteForce proposed action INCREASE_LOGGING observed protocols TCP UDP HTTPS DNS observed indicators traffic packet rate volume frequency average packet size traffic profile inter arrival time traffic timing TCP ACK responses TCP ACK flag responses,plan,ETSI.EN.303.645.V3.1.3.pdf; NIST.SP.800-61r3.pdf; ETSI.EN.303.645.V3.1.3.pdf,generally_supported,"The excerpts support analyzing and documenting incidents and preserving evidence, which can justify more logging for verification, but they do not explicitly call for increased logging.",generally_supported,"NIST SP 800-61r3 supports investigation and analysis to establish what took place during an incident, which generally supports gathering more detail, but the excerpts do not explicitly recommend increasing logging.",keep,General support is sufficient for this non-disruptive action.
NOTIFY_OPERATOR,3,False,EG-O-0064,ieee-access-0028,True,"['ETSI.EN.303.645.V3.1.3-0034', 'NIST.SP.800-61r3-0062', 'ETSI.EN.303.645.V3.1.3-0060']",original,BruteForce,Human review is appropriate because the alert is high confidence but device identity is not validated.,password brute force failed authentication attempt limiting account lockout incident notification response escalation operator IoT predicted family BruteForce proposed action NOTIFY_OPERATOR observed protocols TCP UDP HTTPS DNS observed indicators traffic packet rate volume frequency average packet size traffic profile inter arrival time traffic timing TCP ACK responses TCP ACK flag responses,plan,ETSI.EN.303.645.V3.1.3.pdf; NIST.SP.800-61r3.pdf; ETSI.EN.303.645.V3.1.3.pdf,unsupported,The cited incident-response and authentication texts do not support notifying an operator because device identity is not validated.,generally_supported,"NIST SP 800-61r3 supports automatic reporting of confirmed incidents, which generally supports notifying an operator, but the evidence does not address the specific rationale about unvalidated device identity.",remove,The independent checker found no useful support for the action.
INCREASE_LOGGING,1,False,EG-O-0065,ieee-access-0029,True,"['ETSI.EN.303.645.V3.1.3-0034', 'NIST.SP.800-61r3-0065', 'ETSI.EN.303.645.V3.1.3-0060']",original,BruteForce,Improve evidence for repeated attempts and affected services while keeping response non-disruptive.,password brute force failed authentication attempt limiting account lockout increase security event logging monitoring incident analysis IoT predicted family BruteForce proposed action INCREASE_LOGGING observed protocols TCP UDP HTTPS observed indicators traffic packet rate volume frequency average packet size traffic profile inter arrival time traffic timing TCP ACK responses TCP ACK flag responses,plan,ETSI.EN.303.645.V3.1.3.pdf; NIST.SP.800-61r3.pdf; ETSI.EN.303.645.V3.1.3.pdf,generally_supported,"The evidence supports incident analysis, investigation, and preserving evidence, which is broadly consistent with increasing logging, but it is not direct support.",generally_supported,"NIST SP 800-61r3 supports incident analysis and investigation, which generally aligns with collecting more detail, but none of the excerpts explicitly support increasing logging.",keep,General support is sufficient for this non-disruptive action.
NOTIFY_OPERATOR,2,False,EG-O-0066,ieee-access-0029,True,"['ETSI.EN.303.645.V3.1.3-0034', 'NIST.SP.800-61r3-0062', 'NIST.SP.800-61r3-0068']",original,BruteForce,Prompt human review is appropriate given the high-confidence security alert and lack of validated device identity.,password brute force failed authentication attempt limiting account lockout incident notification response escalation operator IoT predicted family BruteForce proposed action NOTIFY_OPERATOR observed protocols TCP UDP HTTPS observed indicators traffic packet rate volume frequency average packet size traffic profile inter arrival time traffic timing TCP ACK responses TCP ACK flag responses,plan,ETSI.EN.303.645.V3.1.3.pdf; NIST.SP.800-61r3.pdf; NIST.SP.800-61r3.pdf,unsupported,"The cited excerpts discuss authentication changes and incident reporting, but not human review due to high-confidence alert and missing device identity.",generally_supported,"NIST SP 800-61r3 reporting and communication guidance generally supports notifying relevant stakeholders/operators about incidents, though it does not specifically address lack of validated device identity.",remove,The independent checker found no useful support for the action.
INCREASE_LOGGING,1,False,EG-O-0067,ieee-access-0030,True,"['RFC8520-0031', 'ETSI.EN.303.645.V3.1.3-0035', 'NIST.IR.8259A-0018']",original,BruteForce,Increase visibility to confirm whether repeated login or session-establishment failures are occurring.,password brute force failed authentication attempt limiting account lockout increase security event logging monitoring incident analysis IoT predicted family BruteForce proposed action INCREASE_LOGGING observed protocols TCP HTTP HTTPS ARP observed indicators traffic packet rate volume frequency average packet size traffic profile inter arrival time traffic timing TCP SYN connection attempts TCP SYN flag connection attempts,plan,RFC8520.txt; ETSI.EN.303.645.V3.1.3.pdf; NIST.IR.8259A.pdf,generally_supported,"The passages support detecting brute-force attacks and tracking failed authentication attempts, which is consistent with increasing visibility, but they do not explicitly mention logging.",unsupported,"The excerpts support brute-force detection and mitigation through throttling and access controls, but they do not support increasing logging as the recommended action.",keep,General support is sufficient for this non-disruptive action.
NOTIFY_OPERATOR,2,False,EG-O-0068,ieee-access-0030,True,"['RFC8520-0031', 'ETSI.EN.303.645.V3.1.3-0035', 'NIST.IR.8259A-0018']",original,BruteForce,Human review is warranted because the alert is above threshold and device attribution is unavailable.,password brute force failed authentication attempt limiting account lockout incident notification response escalation operator IoT predicted family BruteForce proposed action NOTIFY_OPERATOR observed protocols TCP HTTP HTTPS ARP observed indicators traffic packet rate volume frequency average packet size traffic profile inter arrival time traffic timing TCP SYN connection attempts TCP SYN flag connection attempts,plan,RFC8520.txt; ETSI.EN.303.645.V3.1.3.pdf; NIST.IR.8259A.pdf,unsupported,"The cited text covers brute-force defenses and interface restrictions, but not operator notification because device attribution is unavailable.",unsupported,"The cited excerpts concern TCP direction filtering and brute-force mitigation/detection capabilities, but provide no support for notifying an operator or for the rationale about unavailable device attribution.",remove,The independent checker found no useful support for the action.
CAPTURE_TRAFFIC,1,False,EG-O-0069,ieee-access-0031,True,"['ETSI.EN.303.645.V3.1.3-0078', 'ETSI.EN.303.645.V3.1.3-0079', 'NIST.SP.800-61r3-0067']",original,Web,Collect additional evidence before a disruptive decision.,SQL injection invalid data input application layer user interface prevent system manipulation collect network traffic evidence incident analysis monitoring IoT predicted family Web proposed action CAPTURE_TRAFFIC observed protocols TCP UDP HTTPS ARP observed indicators traffic packet rate volume frequency average packet size traffic profile inter arrival time traffic timing TCP ACK responses TCP ACK flag responses,escalate,ETSI.EN.303.645.V3.1.3.pdf; ETSI.EN.303.645.V3.1.3.pdf; NIST.SP.800-61r3.pdf,generally_supported,"The excerpts support collecting and retaining incident evidence and capturing telemetry for invalid input, which is directionally consistent with capture traffic, but they do not explicitly recommend traffic capture.",directly_supported,"NIST explicitly supports collecting and retaining incident evidence, which directly supports capturing traffic as additional evidence before disruptive action.",keep,General support is sufficient for this non-disruptive action.
NOTIFY_OPERATOR,2,False,EG-O-0070,ieee-access-0031,True,"['ETSI.EN.303.645.V3.1.3-0078', 'ETSI.EN.303.645.V3.1.3-0079', 'NIST.SP.800-61r3-0062']",original,Web,Detector confidence is below the validated threshold.,SQL injection invalid data input application layer user interface prevent system manipulation incident notification response escalation operator IoT predicted family Web proposed action NOTIFY_OPERATOR observed protocols TCP UDP HTTPS ARP observed indicators traffic packet rate volume frequency average packet size traffic profile inter arrival time traffic timing TCP ACK responses TCP ACK flag responses,escalate,ETSI.EN.303.645.V3.1.3.pdf; ETSI.EN.303.645.V3.1.3.pdf; NIST.SP.800-61r3.pdf,unsupported,"The cited evidence concerns validation and incident reporting, not notifying an operator because detector confidence is below threshold.",generally_supported,"NIST's statement that detection technologies should automatically report incidents generally supports notifying an operator, though not specifically due to low-confidence detection thresholds.",remove,The independent checker found no useful support for the action.
CAPTURE_TRAFFIC,1,False,EG-O-0071,ieee-access-0032,True,"['ETSI.EN.303.645.V3.1.3-0078', 'ETSI.EN.303.645.V3.1.3-0079', 'NIST.SP.800-61r3-0067']",original,Web,Collect additional evidence before a disruptive decision.,SQL injection invalid data input application layer user interface prevent system manipulation collect network traffic evidence incident analysis monitoring IoT predicted family Web proposed action CAPTURE_TRAFFIC observed protocols TCP UDP HTTP HTTPS DNS observed indicators traffic packet rate volume frequency average packet size traffic profile inter arrival time traffic timing TCP ACK responses TCP ACK flag responses,escalate,ETSI.EN.303.645.V3.1.3.pdf; ETSI.EN.303.645.V3.1.3.pdf; NIST.SP.800-61r3.pdf,generally_supported,"The evidence supports retaining incident data as evidence and capturing telemetry on invalid input, which generally aligns with collecting traffic for analysis, but does not explicitly call for traffic capture.",directly_supported,"The NIST excerpt explicitly supports evidence collection and retention during incidents, directly justifying traffic capture for further investigation.",keep,General support is sufficient for this non-disruptive action.
NOTIFY_OPERATOR,2,False,EG-O-0072,ieee-access-0032,True,"['ETSI.EN.303.645.V3.1.3-0078', 'ETSI.EN.303.645.V3.1.3-0079', 'NIST.SP.800-61r3-0062']",original,Web,Detector confidence is below the validated threshold.,SQL injection invalid data input application layer user interface prevent system manipulation incident notification response escalation operator IoT predicted family Web proposed action NOTIFY_OPERATOR observed protocols TCP UDP HTTP HTTPS DNS observed indicators traffic packet rate volume frequency average packet size traffic profile inter arrival time traffic timing TCP ACK responses TCP ACK flag responses,escalate,ETSI.EN.303.645.V3.1.3.pdf; ETSI.EN.303.645.V3.1.3.pdf; NIST.SP.800-61r3.pdf,unsupported,"The excerpts discuss incident status tracking and automated reporting, but not operator notification tied to low detector confidence.",generally_supported,"The NIST excerpt generally supports incident reporting and tracking, aligning with operator notification, but it does not specifically justify notification because confidence is below threshold.",remove,The independent checker found no useful support for the action.
CAPTURE_TRAFFIC,1,False,EG-O-0073,ieee-access-0033,True,"['ETSI.EN.303.645.V3.1.3-0078', 'ETSI.EN.303.645.V3.1.3-0079', 'NIST.SP.800-61r3-0067']",original,Web,Collect additional evidence before a disruptive decision.,SQL injection invalid data input application layer user interface prevent system manipulation collect network traffic evidence incident analysis monitoring IoT predicted family Web proposed action CAPTURE_TRAFFIC observed protocols TCP ICMP ARP observed indicators traffic packet rate volume frequency average packet size traffic profile inter arrival time traffic timing TCP ACK responses TCP ACK flag responses,escalate,ETSI.EN.303.645.V3.1.3.pdf; ETSI.EN.303.645.V3.1.3.pdf; NIST.SP.800-61r3.pdf,generally_supported,"The evidence supports evidence preservation and telemetry capture for invalid input, which generally aligns with capturing traffic, but traffic capture itself is not explicitly stated.",directly_supported,"NIST explicitly recommends collecting and retaining incident evidence, which directly supports capturing traffic to gather more evidence.",keep,General support is sufficient for this non-disruptive action.
NOTIFY_OPERATOR,2,False,EG-O-0074,ieee-access-0033,True,"['ETSI.EN.303.645.V3.1.3-0078', 'ETSI.EN.303.645.V3.1.3-0079', 'NIST.SP.800-61r3-0062']",original,Web,Detector confidence is below the validated threshold.,SQL injection invalid data input application layer user interface prevent system manipulation incident notification response escalation operator IoT predicted family Web proposed action NOTIFY_OPERATOR observed protocols TCP ICMP ARP observed indicators traffic packet rate volume frequency average packet size traffic profile inter arrival time traffic timing TCP ACK responses TCP ACK flag responses,escalate,ETSI.EN.303.645.V3.1.3.pdf; ETSI.EN.303.645.V3.1.3.pdf; NIST.SP.800-61r3.pdf,unsupported,"The cited material covers incident tracking/reporting, not notifying an operator due to threshold or confidence issues.",generally_supported,"The cited NIST incident-reporting text generally supports informing operators of incidents, but not the specific rationale tied to detector confidence thresholds.",remove,The independent checker found no useful support for the action.
CAPTURE_TRAFFIC,1,False,EG-O-0075,ieee-access-0034,True,"['ETSI.EN.303.645.V3.1.3-0078', 'ETSI.EN.303.645.V3.1.3-0079', 'NIST.SP.800-61r3-0067']",original,Web,Collect additional evidence before a disruptive decision.,SQL injection invalid data input application layer user interface prevent system manipulation collect network traffic evidence incident analysis monitoring IoT predicted family Web proposed action CAPTURE_TRAFFIC observed protocols TCP UDP HTTPS observed indicators traffic packet rate volume frequency average packet size traffic profile inter arrival time traffic timing TCP ACK responses TCP ACK flag responses,escalate,ETSI.EN.303.645.V3.1.3.pdf; ETSI.EN.303.645.V3.1.3.pdf; NIST.SP.800-61r3.pdf,generally_supported,"The excerpts support collecting and retaining evidence from incidents and capturing telemetry on invalid network input, which is consistent with capture traffic at a high level.",directly_supported,The NIST evidence-collection requirement directly supports capturing traffic to preserve incident evidence before taking disruptive action.,keep,General support is sufficient for this non-disruptive action.
NOTIFY_OPERATOR,2,False,EG-O-0076,ieee-access-0034,True,"['ETSI.EN.303.645.V3.1.3-0078', 'ETSI.EN.303.645.V3.1.3-0079', 'NIST.SP.800-61r3-0062']",original,Web,Detector confidence is below the validated threshold.,SQL injection invalid data input application layer user interface prevent system manipulation incident notification response escalation operator IoT predicted family Web proposed action NOTIFY_OPERATOR observed protocols TCP UDP HTTPS observed indicators traffic packet rate volume frequency average packet size traffic profile inter arrival time traffic timing TCP ACK responses TCP ACK flag responses,escalate,ETSI.EN.303.645.V3.1.3.pdf; ETSI.EN.303.645.V3.1.3.pdf; NIST.SP.800-61r3.pdf,unsupported,"The evidence concerns validation and incident reporting, not notifying an operator based on detector confidence.",generally_supported,"Automatic incident reporting in NIST generally supports notifying an operator, but the excerpts do not specifically justify it on the basis of low confidence.",remove,The independent checker found no useful support for the action.
CAPTURE_TRAFFIC,1,False,EG-O-0077,ieee-access-0035,True,"['NIST.SP.800-61r3-0055', 'NIST.SP.800-213A-0053', 'RFC8520-0031']",original,Benign,Collect additional evidence before a disruptive decision.,normal activity continuous monitoring avoid unnecessary disruption cybersecurity state logging collect network traffic evidence incident analysis monitoring IoT predicted family Benign proposed action CAPTURE_TRAFFIC observed protocols TCP HTTPS observed indicators traffic packet rate volume frequency average packet size traffic profile inter arrival time traffic timing TCP SYN connection attempts TCP SYN flag connection attempts,escalate,NIST.SP.800-61r3.pdf; NIST.SP.800-213A.pdf; RFC8520.txt,generally_supported,"The excerpts support monitoring, evidence retention, and state preservation, but not specifically capturing traffic.",generally_supported,"The NIST excerpts support monitoring generally, but the RFC excerpt concerns packet-dropping policy, not traffic capture. The evidence does not directly support the concrete action of capturing traffic.",keep,General support is sufficient for this non-disruptive action.
NOTIFY_OPERATOR,2,False,EG-O-0078,ieee-access-0035,True,"['NIST.SP.800-61r3-0055', 'RFC8520-0031', 'NIST.IR.8259A-0022']",original,Benign,Detector confidence is below the validated threshold.,normal activity continuous monitoring avoid unnecessary disruption cybersecurity state logging incident notification response escalation operator IoT predicted family Benign proposed action NOTIFY_OPERATOR observed protocols TCP HTTPS observed indicators traffic packet rate volume frequency average packet size traffic profile inter arrival time traffic timing TCP SYN connection attempts TCP SYN flag connection attempts,escalate,NIST.SP.800-61r3.pdf; RFC8520.txt; NIST.IR.8259A.pdf,unsupported,"The evidence supports monitoring and communication, but not operator notification from low confidence.",unsupported,"The evidence discusses monitoring, device state awareness, and packet-dropping behavior, but does not support notifying an operator, especially not as a fallback for low confidence.",remove,The independent checker found no useful support for the action.
NO_ACTION,1,False,EG-O-0079,ieee-access-0036,True,"['NIST.SP.800-61r3-0055', 'NIST.IR.8259A-0022', 'NIST.SP.800-213A-0053']",original,Benign,The detector classified the observation as benign.,normal activity continuous monitoring avoid unnecessary disruption cybersecurity state logging avoid unnecessary disruption continue observation IoT predicted family Benign proposed action NO_ACTION observed protocols TCP HTTPS observed indicators traffic packet rate volume frequency average packet size traffic profile inter arrival time traffic timing TCP ACK responses TCP ACK flag responses,monitor,NIST.SP.800-61r3.pdf; NIST.IR.8259A.pdf; NIST.SP.800-213A.pdf,unsupported,"The cited material supports state awareness and monitoring, but not a no-action decision.",unsupported,"The evidence supports monitoring and state awareness, not taking no action because an observation was classified benign.",remove,The independent checker found no useful support for the action.
MONITOR,2,False,EG-O-0080,ieee-access-0036,True,"['NIST.SP.800-61r3-0055', 'NIST.SP.800-213A-0053', 'NIST.SP.800-213A-0054']",original,Benign,Continue non-disruptive observation.,normal activity continuous monitoring avoid unnecessary disruption cybersecurity state logging continuous monitoring detect anomalous behavior security events IoT predicted family Benign proposed action MONITOR observed protocols TCP HTTPS observed indicators traffic packet rate volume frequency average packet size traffic profile inter arrival time traffic timing TCP ACK responses TCP ACK flag responses,monitor,NIST.SP.800-61r3.pdf; NIST.SP.800-213A.pdf; NIST.SP.800-213A.pdf,directly_supported,"The excerpts explicitly describe continuous monitoring and the need to identify organizationally-defined cybersecurity events, supporting monitor.",directly_supported,"The excerpts explicitly support ongoing monitoring and identifying cybersecurity events, which directly supports the MONITOR action.",keep,The action has direct documentary support.
INCREASE_LOGGING,1,False,EG-O-0081,ieee-access-0037,True,"['NIST.SP.800-61r3-0062', 'RFC8576-0026', 'ETSI.EN.303.645.V3.1.3-0060']",original,Spoofing,Increase telemetry to preserve packet/flow context for spoofing triage and to support later attribution without assuming a device identity.,spoofing impersonation authentication network access control identity increase security event logging monitoring incident analysis IoT predicted family Spoofing proposed action INCREASE_LOGGING observed protocols UDP ICMP ARP observed indicators traffic packet rate volume frequency average packet size traffic profile inter arrival time traffic timing,plan,NIST.SP.800-61r3.pdf; RFC8576.txt; ETSI.EN.303.645.V3.1.3.pdf,generally_supported,"The excerpts support tracking sessions and anti-spoofing, plus incident status reporting, but they do not explicitly support increasing logging.",unsupported,"The excerpts discuss incident tracking and authentication-related protections, but do not support increasing logging or telemetry preservation for spoofing triage or attribution.",keep,General support is sufficient for this non-disruptive action.
CAPTURE_TRAFFIC,2,False,EG-O-0082,ieee-access-0037,True,"['NIST.SP.800-61r3-0067', 'RFC8576-0026', 'RFC8576-0067']",original,Spoofing,Collect targeted traffic evidence because spoofing often requires header and adjacency inspection before containment decisions.,spoofing impersonation authentication network access control identity collect network traffic evidence incident analysis monitoring IoT predicted family Spoofing proposed action CAPTURE_TRAFFIC observed protocols UDP ICMP ARP observed indicators traffic packet rate volume frequency average packet size traffic profile inter arrival time traffic timing,plan,NIST.SP.800-61r3.pdf; RFC8576.txt; RFC8576.txt,generally_supported,"The evidence-preservation excerpt supports retaining incident data, but it does not specifically justify targeted traffic capture.",generally_supported,"The NIST evidence-preservation excerpt generally supports collecting incident evidence before action. It does not explicitly support targeted traffic capture, header inspection, or adjacency inspection.",keep,General support is sufficient for this non-disruptive action.
NOTIFY_OPERATOR,3,False,EG-O-0083,ieee-access-0037,True,"['NIST.SP.800-61r3-0062', 'NIST.SP.800-61r3-0068', 'ETSI.EN.303.645.V3.1.3-0060']",original,Spoofing,Human review is warranted given the spoofing prediction and the lack of a validated device identifier.,spoofing impersonation authentication network access control identity incident notification response escalation operator IoT predicted family Spoofing proposed action NOTIFY_OPERATOR observed protocols UDP ICMP ARP observed indicators traffic packet rate volume frequency average packet size traffic profile inter arrival time traffic timing,plan,NIST.SP.800-61r3.pdf; NIST.SP.800-61r3.pdf; ETSI.EN.303.645.V3.1.3.pdf,generally_supported,"The excerpts support incident notification and coordination, which is compatible with notifying an operator, but they do not explicitly support the stated uncertainty/validation rationale.",generally_supported,The NIST response communication excerpts generally support notifying appropriate stakeholders/operators during incident response. They do not specifically support notification because of a spoofing prediction and missing validated device identifier.,keep,General support is sufficient for this non-disruptive action.
NO_ACTION,1,False,EG-O-0084,ieee-access-0038,True,"['NIST.SP.800-61r3-0055', 'NIST.IR.8259A-0022', 'NIST.SP.800-213A-0053']",original,Benign,The detector classified the observation as benign.,normal activity continuous monitoring avoid unnecessary disruption cybersecurity state logging avoid unnecessary disruption continue observation IoT predicted family Benign proposed action NO_ACTION observed protocols TCP ICMP HTTPS observed indicators traffic packet rate volume frequency average packet size traffic profile inter arrival time traffic timing TCP ACK responses TCP ACK flag responses,monitor,NIST.SP.800-61r3.pdf; NIST.IR.8259A.pdf; NIST.SP.800-213A.pdf,unsupported,"The cited material supports monitoring and state awareness, but not a no-action decision.",unsupported,"The evidence supports monitoring and state awareness, not taking no action because an observation was classified benign.",remove,The independent checker found no useful support for the action.
MONITOR,2,False,EG-O-0085,ieee-access-0038,True,"['NIST.SP.800-61r3-0055', 'NIST.SP.800-213A-0053', 'NIST.SP.800-213A-0054']",original,Benign,Continue non-disruptive observation.,normal activity continuous monitoring avoid unnecessary disruption cybersecurity state logging continuous monitoring detect anomalous behavior security events IoT predicted family Benign proposed action MONITOR observed protocols TCP ICMP HTTPS observed indicators traffic packet rate volume frequency average packet size traffic profile inter arrival time traffic timing TCP ACK responses TCP ACK flag responses,monitor,NIST.SP.800-61r3.pdf; NIST.SP.800-213A.pdf; NIST.SP.800-213A.pdf,directly_supported,"The excerpts explicitly support continuous monitoring and detection of potentially adverse events, matching monitor.",directly_supported,"The excerpts explicitly support ongoing monitoring and identifying cybersecurity events, which directly supports the MONITOR action.",keep,The action has direct documentary support.
NO_ACTION,1,False,EG-O-0086,ieee-access-0039,True,"['NIST.SP.800-61r3-0055', 'NIST.IR.8259A-0022', 'NIST.SP.800-213A-0053']",original,Benign,The detector classified the observation as benign.,normal activity continuous monitoring avoid unnecessary disruption cybersecurity state logging avoid unnecessary disruption continue observation IoT predicted family Benign proposed action NO_ACTION observed protocols TCP UDP HTTPS DNS observed indicators traffic packet rate volume frequency average packet size traffic profile inter arrival time traffic timing TCP ACK responses TCP ACK flag responses,monitor,NIST.SP.800-61r3.pdf; NIST.IR.8259A.pdf; NIST.SP.800-213A.pdf,unsupported,"The evidence supports monitoring and reporting capabilities, but not a no-action decision.",unsupported,"The evidence supports monitoring and state awareness, not taking no action because an observation was classified benign.",remove,The independent checker found no useful support for the action.
MONITOR,2,False,EG-O-0087,ieee-access-0039,True,"['NIST.SP.800-61r3-0055', 'NIST.SP.800-213A-0053', 'NIST.SP.800-213A-0054']",original,Benign,Continue non-disruptive observation.,normal activity continuous monitoring avoid unnecessary disruption cybersecurity state logging continuous monitoring detect anomalous behavior security events IoT predicted family Benign proposed action MONITOR observed protocols TCP UDP HTTPS DNS observed indicators traffic packet rate volume frequency average packet size traffic profile inter arrival time traffic timing TCP ACK responses TCP ACK flag responses,monitor,NIST.SP.800-61r3.pdf; NIST.SP.800-213A.pdf; NIST.SP.800-213A.pdf,directly_supported,"The excerpts explicitly support continuous monitoring and event identification, matching the monitor action.",directly_supported,"The excerpts explicitly support ongoing monitoring and identifying cybersecurity events, which directly supports the MONITOR action.",keep,The action has direct documentary support.
INCREASE_LOGGING,1,False,EG-O-0088,ieee-access-0040,True,"['ETSI.EN.303.645.V3.1.3-0078', 'ETSI.EN.303.645.V3.1.3-0079', 'RFC8576-0041']",original,Web,Preserve more telemetry for the observed flow profile to improve attribution and confirm whether the web-family pattern is anomalous.,SQL injection invalid data input application layer user interface prevent system manipulation increase security event logging monitoring incident analysis IoT predicted family Web proposed action INCREASE_LOGGING observed protocols TCP UDP ICMP HTTPS observed indicators traffic packet rate volume frequency average packet size traffic profile inter arrival time traffic timing TCP ACK responses TCP ACK flag responses,plan,ETSI.EN.303.645.V3.1.3.pdf; ETSI.EN.303.645.V3.1.3.pdf; RFC8576.txt,unsupported,"The excerpts discuss fragmentation, state exhaustion, and input validation, but not increasing logging for attribution or anomaly confirmation.",generally_supported,"ETSI's example of capturing an event as telemetry generally supports preserving more telemetry/visibility, but there is no explicit support for increasing logging for this flow profile.",remove,The independent checker found no useful support for the action.
CAPTURE_TRAFFIC,2,False,EG-O-0089,ieee-access-0040,True,"['ETSI.EN.303.645.V3.1.3-0078', 'ETSI.EN.303.645.V3.1.3-0079', 'NIST.SP.800-61r3-0067']",original,Web,Collect additional packet-level evidence because the current CSV features are insufficient to validate device identity or payload intent.,SQL injection invalid data input application layer user interface prevent system manipulation collect network traffic evidence incident analysis monitoring IoT predicted family Web proposed action CAPTURE_TRAFFIC observed protocols TCP UDP ICMP HTTPS observed indicators traffic packet rate volume frequency average packet size traffic profile inter arrival time traffic timing TCP ACK responses TCP ACK flag responses,plan,ETSI.EN.303.645.V3.1.3.pdf; ETSI.EN.303.645.V3.1.3.pdf; NIST.SP.800-61r3.pdf,generally_supported,"The excerpts support preserving incident evidence and capturing telemetry on invalid input, which generally supports collecting packet-level evidence, though packet capture is not explicitly named.",directly_supported,"NIST explicitly calls for collecting and retaining incident evidence, directly supporting packet-level traffic capture when current features are insufficient.",keep,General support is sufficient for this non-disruptive action.
NOTIFY_OPERATOR,3,False,EG-O-0090,ieee-access-0040,True,"['ETSI.EN.303.645.V3.1.3-0078', 'ETSI.EN.303.645.V3.1.3-0079', 'NIST.SP.800-61r3-0062']",original,Web,Operator review is warranted due to threshold-exceeding confidence and limited contextual certainty.,SQL injection invalid data input application layer user interface prevent system manipulation incident notification response escalation operator IoT predicted family Web proposed action NOTIFY_OPERATOR observed protocols TCP UDP ICMP HTTPS observed indicators traffic packet rate volume frequency average packet size traffic profile inter arrival time traffic timing TCP ACK responses TCP ACK flag responses,plan,ETSI.EN.303.645.V3.1.3.pdf; ETSI.EN.303.645.V3.1.3.pdf; NIST.SP.800-61r3.pdf,unsupported,"The cited evidence supports input validation and incident status tracking, but not operator review due to limited contextual certainty.",generally_supported,"NIST generally supports automatic reporting of incidents, which aligns with notifying an operator, but not specifically for threshold/confidence-based review.",remove,The independent checker found no useful support for the action.
CAPTURE_TRAFFIC,1,False,EG-O-0091,ieee-access-0041,True,"['RFC8520-0031', 'ETSI.EN.303.645.V3.1.3-0035', 'RFC8576-0026']",original,DDoS,Collect additional evidence before a disruptive decision.,distributed denial of service flooding resource exhaustion availability filtering network traffic collect network traffic evidence incident analysis monitoring IoT predicted family DDoS proposed action CAPTURE_TRAFFIC observed protocols TCP observed indicators traffic packet rate volume frequency average packet size traffic profile inter arrival time traffic timing TCP SYN connection attempts TCP SYN flag connection attempts,escalate,RFC8520.txt; ETSI.EN.303.645.V3.1.3.pdf; RFC8576.txt,unsupported,"The excerpts discuss TCP direction-initiated dropping, authentication throttling, and RPL routing, but do not support capturing traffic for a DDoS investigation.",unsupported,"The excerpts discuss TCP direction-based filtering, authentication attempt limiting, and RPL routing support; none mention capturing traffic or preserving packet evidence for DDoS investigation.",remove,The independent checker found no useful support for the action.
NOTIFY_OPERATOR,2,False,EG-O-0092,ieee-access-0041,True,"['RFC8520-0031', 'ETSI.EN.303.645.V3.1.3-0035', 'RFC8576-0026']",original,DDoS,Detector confidence is below the validated threshold.,distributed denial of service flooding resource exhaustion availability filtering network traffic incident notification response escalation operator IoT predicted family DDoS proposed action NOTIFY_OPERATOR observed protocols TCP observed indicators traffic packet rate volume frequency average packet size traffic profile inter arrival time traffic timing TCP SYN connection attempts TCP SYN flag connection attempts,escalate,RFC8520.txt; ETSI.EN.303.645.V3.1.3.pdf; RFC8576.txt,unsupported,"The cited excerpts mention incident reporting and detection of authentication-abuse attacks, not operator notification because detector confidence is below a threshold.",unsupported,"The cited text does not support notifying an operator due to low detector confidence. It covers TCP filtering, credential-stuffing protections, and routing capabilities, not escalation or human review.",remove,The independent checker found no useful support for the action.
CAPTURE_TRAFFIC,1,False,EG-O-0093,ieee-access-0042,True,"['RFC8576-0026', 'RFC8576-0067', 'RFC8576-0019']",original,DDoS,Collect additional evidence before a disruptive decision.,distributed denial of service flooding resource exhaustion availability filtering network traffic collect network traffic evidence incident analysis monitoring IoT predicted family DDoS proposed action CAPTURE_TRAFFIC observed protocols UDP observed indicators traffic packet rate volume frequency average packet size traffic profile inter arrival time traffic timing,escalate,RFC8576.txt; RFC8576.txt; RFC8576.txt,unsupported,"The excerpts cover privacy, routing attacks, and routing protocols, but do not justify capturing traffic for DDoS evidence collection.",unsupported,"The excerpts mention routing support, privacy risks from observing packets, and traffic analysis/routing attacks, but do not recommend capturing traffic as a response action.",remove,The independent checker found no useful support for the action.
NOTIFY_OPERATOR,2,False,EG-O-0094,ieee-access-0042,True,"['RFC8576-0026', 'NIST.SP.800-61r3-0062', 'RFC8576-0041']",original,DDoS,Detector confidence is below the validated threshold.,distributed denial of service flooding resource exhaustion availability filtering network traffic incident notification response escalation operator IoT predicted family DDoS proposed action NOTIFY_OPERATOR observed protocols UDP observed indicators traffic packet rate volume frequency average packet size traffic profile inter arrival time traffic timing,escalate,RFC8576.txt; NIST.SP.800-61r3.pdf; RFC8576.txt,generally_supported,"NIST supports tracking incidents, assigning actions, and incident response coordination; this supports notifying an operator in an incident workflow, though not the specific low-confidence rationale.",directly_supported,"NIST SP 800-61r3 says detection technologies should automatically report incidents they have confirmed, which directly supports notifying an operator upon a high-confidence suspected DDoS incident.",keep,General support is sufficient for this non-disruptive action.
CAPTURE_TRAFFIC,1,False,EG-O-0095,ieee-access-0043,True,"['RFC8520-0031', 'ETSI.EN.303.645.V3.1.3-0035', 'RFC8576-0026']",original,DDoS,Collect additional evidence before a disruptive decision.,distributed denial of service flooding resource exhaustion availability filtering network traffic collect network traffic evidence incident analysis monitoring IoT predicted family DDoS proposed action CAPTURE_TRAFFIC observed protocols TCP observed indicators traffic packet rate volume frequency average packet size traffic profile inter arrival time traffic timing TCP SYN connection attempts TCP SYN flag connection attempts,escalate,RFC8520.txt; ETSI.EN.303.645.V3.1.3.pdf; RFC8576.txt,unsupported,"The evidence is about TCP direction-based packet dropping and authentication limits, not traffic capture for DDoS.",unsupported,"None of the excerpts support packet capture or evidence collection before mitigation; they cover TCP filtering, auth throttling, and routing support only.",remove,The independent checker found no useful support for the action.
NOTIFY_OPERATOR,2,False,EG-O-0096,ieee-access-0043,True,"['RFC8520-0031', 'ETSI.EN.303.645.V3.1.3-0035', 'RFC8576-0026']",original,DDoS,Detector confidence is below the validated threshold.,distributed denial of service flooding resource exhaustion availability filtering network traffic incident notification response escalation operator IoT predicted family DDoS proposed action NOTIFY_OPERATOR observed protocols TCP observed indicators traffic packet rate volume frequency average packet size traffic profile inter arrival time traffic timing TCP SYN connection attempts TCP SYN flag connection attempts,escalate,RFC8520.txt; ETSI.EN.303.645.V3.1.3.pdf; RFC8576.txt,unsupported,The cited material does not support notification based on detector confidence; it discusses unrelated security controls and routing/traffic concepts.,unsupported,"The cited evidence does not address notifying an operator or human review thresholds; it discusses filtering, authentication attempt limits, and routing.",remove,The independent checker found no useful support for the action.
CAPTURE_TRAFFIC,1,False,EG-O-0097,ieee-access-0044,True,"['RFC8520-0031', 'ETSI.EN.303.645.V3.1.3-0035', 'RFC8576-0026']",original,DDoS,Collect additional evidence before a disruptive decision.,distributed denial of service flooding resource exhaustion availability filtering network traffic collect network traffic evidence incident analysis monitoring IoT predicted family DDoS proposed action CAPTURE_TRAFFIC observed protocols TCP observed indicators traffic packet rate volume frequency average packet size traffic profile inter arrival time traffic timing TCP SYN connection attempts TCP SYN flag connection attempts,escalate,RFC8520.txt; ETSI.EN.303.645.V3.1.3.pdf; RFC8576.txt,unsupported,The excerpts do not support traffic capture as a DDoS response; they only mention packet dropping and unrelated IoT security topics.,unsupported,"The excerpts do not justify capturing traffic; they describe filtering semantics, login attempt limiting, and routing support rather than evidence collection.",remove,The independent checker found no useful support for the action.
NOTIFY_OPERATOR,2,False,EG-O-0098,ieee-access-0044,True,"['RFC8520-0031', 'ETSI.EN.303.645.V3.1.3-0035', 'RFC8576-0026']",original,DDoS,Detector confidence is below the validated threshold.,distributed denial of service flooding resource exhaustion availability filtering network traffic incident notification response escalation operator IoT predicted family DDoS proposed action NOTIFY_OPERATOR observed protocols TCP observed indicators traffic packet rate volume frequency average packet size traffic profile inter arrival time traffic timing TCP SYN connection attempts TCP SYN flag connection attempts,escalate,RFC8520.txt; ETSI.EN.303.645.V3.1.3.pdf; RFC8576.txt,unsupported,No excerpt supports notifying an operator due to threshold-based low confidence.,unsupported,"No excerpt supports operator notification or human review. The material is about traffic filtering, authentication limits, and RPL networking.",remove,The independent checker found no useful support for the action.
CAPTURE_TRAFFIC,1,False,EG-O-0099,ieee-access-0045,True,"['RFC8520-0031', 'ETSI.EN.303.645.V3.1.3-0035', 'RFC8576-0026']",original,DDoS,Collect additional evidence before a disruptive decision.,distributed denial of service flooding resource exhaustion availability filtering network traffic collect network traffic evidence incident analysis monitoring IoT predicted family DDoS proposed action CAPTURE_TRAFFIC observed protocols TCP observed indicators traffic packet rate volume frequency average packet size traffic profile inter arrival time traffic timing TCP SYN connection attempts TCP SYN flag connection attempts,escalate,RFC8520.txt; ETSI.EN.303.645.V3.1.3.pdf; RFC8576.txt,unsupported,"The evidence mentions DoS resistance and routing, but not a recommendation to capture traffic.",unsupported,The evidence does not support traffic capture for DDoS confirmation. It contains no guidance to record or preserve packet data.,remove,The independent checker found no useful support for the action.
NOTIFY_OPERATOR,2,False,EG-O-0100,ieee-access-0045,True,"['RFC8520-0031', 'ETSI.EN.303.645.V3.1.3-0035', 'RFC8576-0026']",original,DDoS,Detector confidence is below the validated threshold.,distributed denial of service flooding resource exhaustion availability filtering network traffic incident notification response escalation operator IoT predicted family DDoS proposed action NOTIFY_OPERATOR observed protocols TCP observed indicators traffic packet rate volume frequency average packet size traffic profile inter arrival time traffic timing TCP SYN connection attempts TCP SYN flag connection attempts,escalate,RFC8520.txt; ETSI.EN.303.645.V3.1.3.pdf; RFC8576.txt,unsupported,The cited excerpts do not justify notifying an operator based on low detector confidence.,unsupported,"The cited excerpts do not discuss notifying operators or escalation; they concern TCP direction rules, auth throttling, and routing support.",remove,The independent checker found no useful support for the action.
RATE_LIMIT,1,True,EG-O-0101,ieee-access-0046,True,"['RFC8576-0026', 'RFC8576-0044', 'RFC8576-0020']",original,DDoS,Reduce impact from an unusually high-rate flow profile while preserving visibility for validation.,distributed denial of service flooding resource exhaustion availability filtering network traffic rate limiting traffic filtering denial of service resource exhaustion IoT predicted family DDoS proposed action RATE_LIMIT observed protocols TCP observed indicators traffic packet rate volume frequency average packet size traffic profile inter arrival time traffic timing TCP reset events TCP reset flag events,plan,RFC8576.txt; RFC8576.txt; RFC8576.txt,generally_supported,"RFC 8576 supports DoS resistance and cookie-based mechanisms to delay state establishment, which aligns with rate limiting as a DoS mitigation objective, but not the exact action.",generally_supported,"RFC 8576 discusses DoS/resource-exhaustion threats and countermeasures that delay/respond to abusive request patterns, supporting the objective of reducing DoS impact, but it does not explicitly recommend rate limiting.",remove,General evidence is insufficient for a disruptive action without human approval.
CAPTURE_TRAFFIC,2,False,EG-O-0102,ieee-access-0046,True,"['RFC8576-0026', 'RFC8576-0067', 'RFC8576-0019']",original,DDoS,"Collect packet evidence to confirm whether the flow is flooding, spoofed, or part of coordinated abuse.",distributed denial of service flooding resource exhaustion availability filtering network traffic collect network traffic evidence incident analysis monitoring IoT predicted family DDoS proposed action CAPTURE_TRAFFIC observed protocols TCP observed indicators traffic packet rate volume frequency average packet size traffic profile inter arrival time traffic timing TCP reset events TCP reset flag events,plan,RFC8576.txt; RFC8576.txt; RFC8576.txt,unsupported,"The evidence discusses routing/privacy/routing attacks, not packet capture to confirm flooding or spoofing.",unsupported,"The excerpts discuss packet observability for privacy concerns and routing attacks, not capturing traffic as an incident-response step for DDoS confirmation.",remove,The independent checker found no useful support for the action.
NOTIFY_OPERATOR,3,False,EG-O-0103,ieee-access-0046,True,"['RFC8576-0026', 'NIST.SP.800-61r3-0062', 'RFC8576-0041']",original,DDoS,Escalate promptly because the alert is high confidence and availability impact is plausible.,distributed denial of service flooding resource exhaustion availability filtering network traffic incident notification response escalation operator IoT predicted family DDoS proposed action NOTIFY_OPERATOR observed protocols TCP observed indicators traffic packet rate volume frequency average packet size traffic profile inter arrival time traffic timing TCP reset events TCP reset flag events,plan,RFC8576.txt; NIST.SP.800-61r3.pdf; RFC8576.txt,generally_supported,"NIST incident-response guidance supports automatically reporting confirmed incidents and tracking actions, which generally supports operator notification, but not the specific rationale about high confidence and availability impact.",directly_supported,"NIST SP 800-61r3 states that detection technologies should automatically report incidents they have confirmed, directly supporting operator notification for a high-confidence suspected DDoS event.",keep,General support is sufficient for this non-disruptive action.
CAPTURE_TRAFFIC,1,False,EG-O-0104,ieee-access-0047,True,"['RFC8576-0026', 'RFC8576-0067', 'RFC8576-0019']",original,DDoS,"Collect packet evidence to confirm source patterns, volume, and any spoofing indicators.",distributed denial of service flooding resource exhaustion availability filtering network traffic collect network traffic evidence incident analysis monitoring IoT predicted family DDoS proposed action CAPTURE_TRAFFIC observed protocols ICMP observed indicators traffic packet rate volume frequency average packet size traffic profile inter arrival time traffic timing,plan,RFC8576.txt; RFC8576.txt; RFC8576.txt,unsupported,The excerpts do not support capturing traffic for source-pattern/spoofing confirmation.,unsupported,The cited material does not recommend packet capture; it only notes privacy implications of packet observation and routing attack possibilities.,remove,The independent checker found no useful support for the action.
NOTIFY_OPERATOR,2,False,EG-O-0105,ieee-access-0047,True,"['RFC8576-0026', 'NIST.SP.800-61r3-0062', 'RFC8576-0041']",original,DDoS,Human review is appropriate because mitigation is intent-only and the alert lacks a validated device identifier.,distributed denial of service flooding resource exhaustion availability filtering network traffic incident notification response escalation operator IoT predicted family DDoS proposed action NOTIFY_OPERATOR observed protocols ICMP observed indicators traffic packet rate volume frequency average packet size traffic profile inter arrival time traffic timing,plan,RFC8576.txt; NIST.SP.800-61r3.pdf; RFC8576.txt,generally_supported,"NIST supports incident reporting and coordination with third parties after an incident is declared, which generally supports notifying an operator, though not the stated device-identity rationale.",generally_supported,"NIST SP 800-61r3 supports reporting/coordination for incidents, which generally supports notifying an operator, but the excerpts do not support the specific rationale about missing validated device identifiers or intent-only mitigation.",keep,General support is sufficient for this non-disruptive action.
RATE_LIMIT,1,True,EG-O-0106,ieee-access-0048,True,"['ETSI.EN.303.645.V3.1.3-0035', 'RFC8576-0026', 'RFC8576-0044']",original,DDoS,Reduce flood intensity while limiting disruption to unrelated traffic.,distributed denial of service flooding resource exhaustion availability filtering network traffic rate limiting traffic filtering denial of service resource exhaustion IoT predicted family DDoS proposed action RATE_LIMIT observed protocols TCP ICMP ARP observed indicators traffic packet rate volume frequency average packet size traffic profile inter arrival time traffic timing TCP SYN connection attempts TCP SYN flag connection attempts,plan,ETSI.EN.303.645.V3.1.3.pdf; RFC8576.txt; RFC8576.txt,generally_supported,"The excerpts support DoS resistance and delaying state establishment via cookie mechanisms, which aligns with rate limiting as a mitigation objective, but they do not explicitly recommend rate limiting.",generally_supported,"The ETSI excerpt supports limiting attempts within a time interval, and RFC 8576 discusses DoS resistance, so the general idea of constraining abusive rates is supported, though not specifically network rate limiting for DDoS flows.",remove,General evidence is insufficient for a disruptive action without human approval.
CAPTURE_TRAFFIC,2,False,EG-O-0107,ieee-access-0048,True,"['RFC8520-0031', 'ETSI.EN.303.645.V3.1.3-0035', 'RFC8576-0026']",original,DDoS,Preserve evidence and confirm whether the pattern is sustained or distributed.,distributed denial of service flooding resource exhaustion availability filtering network traffic collect network traffic evidence incident analysis monitoring IoT predicted family DDoS proposed action CAPTURE_TRAFFIC observed protocols TCP ICMP ARP observed indicators traffic packet rate volume frequency average packet size traffic profile inter arrival time traffic timing TCP SYN connection attempts TCP SYN flag connection attempts,plan,RFC8520.txt; ETSI.EN.303.645.V3.1.3.pdf; RFC8576.txt,unsupported,The excerpts do not support capturing traffic to confirm whether a pattern is sustained or distributed.,unsupported,No excerpt supports capturing traffic to preserve evidence or determine whether activity is sustained or distributed.,remove,The independent checker found no useful support for the action.
NOTIFY_OPERATOR,3,False,EG-O-0108,ieee-access-0048,True,"['RFC8520-0031', 'ETSI.EN.303.645.V3.1.3-0035', 'RFC8576-0026']",original,DDoS,Human review is appropriate because the alert is strong but not tied to a validated device identity.,distributed denial of service flooding resource exhaustion availability filtering network traffic incident notification response escalation operator IoT predicted family DDoS proposed action NOTIFY_OPERATOR observed protocols TCP ICMP ARP observed indicators traffic packet rate volume frequency average packet size traffic profile inter arrival time traffic timing TCP SYN connection attempts TCP SYN flag connection attempts,plan,RFC8520.txt; ETSI.EN.303.645.V3.1.3.pdf; RFC8576.txt,generally_supported,"The cited incident-response guidance generally supports operator notification for a likely incident, but it does not specifically justify the device-identity reasoning.",unsupported,"The evidence does not address operator notification, identity validation, or human review; it covers filtering, auth attempt limits, and routing.",keep,General support is sufficient for this non-disruptive action.
RATE_LIMIT,1,True,EG-O-0109,ieee-access-0049,True,"['RFC8576-0026', 'RFC8576-0044', 'RFC8576-0020']",original,DDoS,Reduce flood intensity while preserving gateway stability.,distributed denial of service flooding resource exhaustion availability filtering network traffic rate limiting traffic filtering denial of service resource exhaustion IoT predicted family DDoS proposed action RATE_LIMIT observed protocols UDP DNS ARP observed indicators traffic packet rate volume frequency average packet size traffic profile inter arrival time traffic timing,plan,RFC8576.txt; RFC8576.txt; RFC8576.txt,generally_supported,"The DoS resistance excerpt supports limiting resource exhaustion and delaying state establishment, which is consistent with rate limiting as a mitigation goal, but not the exact action.",generally_supported,"RFC 8576 addresses DoS/resource exhaustion and discusses countermeasures, which generally supports limiting abusive traffic to preserve availability, but it does not explicitly call for rate limiting.",remove,General evidence is insufficient for a disruptive action without human approval.
INCREASE_LOGGING,2,False,EG-O-0110,ieee-access-0049,True,"['RFC8576-0026', 'RFC8576-0041', 'RFC8576-0067']",original,DDoS,Collect more detail on the attack shape and any related source clustering.,distributed denial of service flooding resource exhaustion availability filtering network traffic increase security event logging monitoring incident analysis IoT predicted family DDoS proposed action INCREASE_LOGGING observed protocols UDP DNS ARP observed indicators traffic packet rate volume frequency average packet size traffic profile inter arrival time traffic timing,plan,RFC8576.txt; RFC8576.txt; RFC8576.txt,unsupported,"The evidence mentions fragmentation and traffic-analysis/privacy issues, not increasing logging.",unsupported,"None of the excerpts mention increasing logging or collecting additional event detail; they discuss constraints, fragmentation-related attacks, and privacy from packet observation.",remove,The independent checker found no useful support for the action.
NOTIFY_OPERATOR,3,False,EG-O-0111,ieee-access-0049,True,"['RFC8576-0026', 'NIST.SP.800-61r3-0062', 'RFC8576-0041']",original,DDoS,Human review is appropriate for high-confidence availability-impacting activity.,distributed denial of service flooding resource exhaustion availability filtering network traffic incident notification response escalation operator IoT predicted family DDoS proposed action NOTIFY_OPERATOR observed protocols UDP DNS ARP observed indicators traffic packet rate volume frequency average packet size traffic profile inter arrival time traffic timing,plan,RFC8576.txt; NIST.SP.800-61r3.pdf; RFC8576.txt,generally_supported,"NIST incident-response guidance supports automatic reporting and coordination on declared incidents, which generally supports notifying an operator, though not the exact availability/device-identity rationale.",directly_supported,"NIST SP 800-61r3 explicitly says detection technologies should automatically report confirmed incidents, directly supporting notifying an operator for a high-confidence availability-impacting event.",keep,General support is sufficient for this non-disruptive action.
RATE_LIMIT,1,True,EG-O-0112,ieee-access-0050,True,"['ETSI.EN.303.645.V3.1.3-0035', 'RFC8576-0026', 'RFC8576-0044']",original,DDoS,Reduce flood intensity while preserving gateway stability during suspected volumetric abuse.,distributed denial of service flooding resource exhaustion availability filtering network traffic rate limiting traffic filtering denial of service resource exhaustion IoT predicted family DDoS proposed action RATE_LIMIT observed protocols TCP observed indicators traffic packet rate volume frequency average packet size traffic profile inter arrival time traffic timing TCP SYN connection attempts TCP SYN flag connection attempts,plan,ETSI.EN.303.645.V3.1.3.pdf; RFC8576.txt; RFC8576.txt,generally_supported,"The excerpts support DoS resistance and cookie-based delay of state establishment, which aligns with rate limiting, but do not explicitly prescribe it.",generally_supported,"The excerpts support the security goal of resisting DoS and include limiting attempts over time, but they do not explicitly justify applying rate limiting to suspected volumetric DDoS traffic.",remove,General evidence is insufficient for a disruptive action without human approval.
INCREASE_LOGGING,2,False,EG-O-0113,ieee-access-0050,True,"['RFC8520-0031', 'ETSI.EN.303.645.V3.1.3-0035', 'RFC8576-0026']",original,DDoS,Improve visibility into the attack pattern and support post-incident analysis.,distributed denial of service flooding resource exhaustion availability filtering network traffic increase security event logging monitoring incident analysis IoT predicted family DDoS proposed action INCREASE_LOGGING observed protocols TCP observed indicators traffic packet rate volume frequency average packet size traffic profile inter arrival time traffic timing TCP SYN connection attempts TCP SYN flag connection attempts,plan,RFC8520.txt; ETSI.EN.303.645.V3.1.3.pdf; RFC8576.txt,unsupported,"The cited material does not support increased logging; it covers TCP direction rules, authentication limits, and routing.",unsupported,"The cited excerpts do not discuss increasing logging or post-incident logging detail; they focus on filtering, auth throttling, and routing support.",remove,The independent checker found no useful support for the action.
NOTIFY_OPERATOR,3,False,EG-O-0114,ieee-access-0050,True,"['RFC8520-0031', 'ETSI.EN.303.645.V3.1.3-0035', 'RFC8576-0026']",original,DDoS,Human review is warranted due to the high-confidence denial-of-service indication and lack of device identity.,distributed denial of service flooding resource exhaustion availability filtering network traffic incident notification response escalation operator IoT predicted family DDoS proposed action NOTIFY_OPERATOR observed protocols TCP observed indicators traffic packet rate volume frequency average packet size traffic profile inter arrival time traffic timing TCP SYN connection attempts TCP SYN flag connection attempts,plan,RFC8520.txt; ETSI.EN.303.645.V3.1.3.pdf; RFC8576.txt,generally_supported,"Incident-response coordination and automated reporting generally support operator notification for a serious alert, but the device-identity rationale is not supported.",unsupported,No cited excerpt supports notifying an operator because of high-confidence DoS or lack of device identity; the evidence is unrelated to escalation.,keep,General support is sufficient for this non-disruptive action.
CAPTURE_TRAFFIC,1,False,EG-O-0115,ieee-access-0051,True,"['RFC8576-0026', 'NIST.SP.800-61r3-0067', 'RFC8576-0067']",original,DoS,Collect additional evidence before a disruptive decision.,denial of service resource exhaustion availability traffic filtering collect network traffic evidence incident analysis monitoring IoT predicted family DoS proposed action CAPTURE_TRAFFIC observed protocols TCP UDP HTTPS observed indicators traffic packet rate volume frequency average packet size traffic profile inter arrival time traffic timing TCP ACK responses TCP ACK flag responses,escalate,RFC8576.txt; NIST.SP.800-61r3.pdf; RFC8576.txt,generally_supported,"The evidence supports collecting and retaining incident evidence generally, but not specifically traffic capture or the stated DoS context.",generally_supported,"NIST explicitly supports collecting and retaining incident evidence, which generally supports gathering traffic evidence before action, but it does not specifically call for packet/traffic capture.",keep,General support is sufficient for this non-disruptive action.
NOTIFY_OPERATOR,2,False,EG-O-0116,ieee-access-0051,True,"['RFC8576-0026', 'NIST.SP.800-61r3-0062', 'RFC8576-0041']",original,DoS,Detector confidence is below the validated threshold.,denial of service resource exhaustion availability traffic filtering incident notification response escalation operator IoT predicted family DoS proposed action NOTIFY_OPERATOR observed protocols TCP UDP HTTPS observed indicators traffic packet rate volume frequency average packet size traffic profile inter arrival time traffic timing TCP ACK responses TCP ACK flag responses,escalate,RFC8576.txt; NIST.SP.800-61r3.pdf; RFC8576.txt,unsupported,"The excerpts discuss detection/reporting and incident tracking, not notifying an operator because confidence is below threshold.",generally_supported,"NIST says confirmed incidents should be automatically reported, which generally supports notifying an operator, but it does not specifically support notification because confidence is below threshold or for unconfirmed detections.",remove,The independent checker found no useful support for the action.
CAPTURE_TRAFFIC,1,False,EG-O-0117,ieee-access-0052,True,"['RFC8520-0031', 'ETSI.EN.303.645.V3.1.3-0035', 'RFC8576-0026']",original,DoS,Collect additional evidence before a disruptive decision.,denial of service resource exhaustion availability traffic filtering collect network traffic evidence incident analysis monitoring IoT predicted family DoS proposed action CAPTURE_TRAFFIC observed protocols TCP observed indicators traffic packet rate volume frequency average packet size traffic profile inter arrival time traffic timing TCP SYN connection attempts TCP SYN flag connection attempts,escalate,RFC8520.txt; ETSI.EN.303.645.V3.1.3.pdf; RFC8576.txt,unsupported,The cited text about packet dropping/stateful TCP handling and credential stuffing does not support traffic capture for evidence collection.,unsupported,"The excerpts discuss TCP directionality controls, credential-stuffing detection, and IoT routing, but do not support capturing traffic as evidence.",remove,The independent checker found no useful support for the action.
NOTIFY_OPERATOR,2,False,EG-O-0118,ieee-access-0052,True,"['RFC8520-0031', 'ETSI.EN.303.645.V3.1.3-0035', 'RFC8576-0026']",original,DoS,Detector confidence is below the validated threshold.,denial of service resource exhaustion availability traffic filtering incident notification response escalation operator IoT predicted family DoS proposed action NOTIFY_OPERATOR observed protocols TCP observed indicators traffic packet rate volume frequency average packet size traffic profile inter arrival time traffic timing TCP SYN connection attempts TCP SYN flag connection attempts,escalate,RFC8520.txt; ETSI.EN.303.645.V3.1.3.pdf; RFC8576.txt,unsupported,The evidence does not justify operator notification due to low detector confidence.,unsupported,"The cited excerpts concern TCP initiation policy, authentication-attempt limiting/detection, and routing; none support notifying an operator for this DoS case.",remove,The independent checker found no useful support for the action.
CAPTURE_TRAFFIC,1,False,EG-O-0119,ieee-access-0053,True,"['RFC8520-0031', 'ETSI.EN.303.645.V3.1.3-0035', 'RFC8576-0026']",original,DoS,Collect additional evidence before a disruptive decision.,denial of service resource exhaustion availability traffic filtering collect network traffic evidence incident analysis monitoring IoT predicted family DoS proposed action CAPTURE_TRAFFIC observed protocols TCP HTTPS ARP observed indicators traffic packet rate volume frequency average packet size traffic profile inter arrival time traffic timing TCP SYN connection attempts TCP SYN flag connection attempts,escalate,RFC8520.txt; ETSI.EN.303.645.V3.1.3.pdf; RFC8576.txt,unsupported,The excerpts do not support traffic capture as a response action; they are unrelated or only discuss access-control behavior.,unsupported,"None of the excerpts address evidence collection or traffic capture; they focus on access-control behavior, authentication throttling/detection, and routing.",remove,The independent checker found no useful support for the action.
NOTIFY_OPERATOR,2,False,EG-O-0120,ieee-access-0053,True,"['RFC8520-0031', 'ETSI.EN.303.645.V3.1.3-0035', 'RFC8576-0026']",original,DoS,Detector confidence is below the validated threshold.,denial of service resource exhaustion availability traffic filtering incident notification response escalation operator IoT predicted family DoS proposed action NOTIFY_OPERATOR observed protocols TCP HTTPS ARP observed indicators traffic packet rate volume frequency average packet size traffic profile inter arrival time traffic timing TCP SYN connection attempts TCP SYN flag connection attempts,escalate,RFC8520.txt; ETSI.EN.303.645.V3.1.3.pdf; RFC8576.txt,unsupported,The cited material does not support notifying an operator because detector confidence is below threshold.,unsupported,"The excerpts do not discuss operator notification or escalation; they concern TCP policy, credential-stuffing defenses, and routing.",remove,The independent checker found no useful support for the action.
CAPTURE_TRAFFIC,1,False,EG-O-0121,ieee-access-0054,True,"['RFC8520-0031', 'ETSI.EN.303.645.V3.1.3-0035', 'RFC8576-0026']",original,DoS,Collect additional evidence before a disruptive decision.,denial of service resource exhaustion availability traffic filtering collect network traffic evidence incident analysis monitoring IoT predicted family DoS proposed action CAPTURE_TRAFFIC observed protocols TCP UDP HTTP HTTPS ARP observed indicators traffic packet rate volume frequency average packet size traffic profile inter arrival time traffic timing TCP SYN connection attempts TCP SYN flag connection attempts,escalate,RFC8520.txt; ETSI.EN.303.645.V3.1.3.pdf; RFC8576.txt,unsupported,The excerpts do not support traffic capture for evidence gathering in this DoS case.,unsupported,The evidence does not mention collecting packet evidence or traffic capture.,remove,The independent checker found no useful support for the action.
NOTIFY_OPERATOR,2,False,EG-O-0122,ieee-access-0054,True,"['RFC8520-0031', 'ETSI.EN.303.645.V3.1.3-0035', 'RFC8576-0026']",original,DoS,Detector confidence is below the validated threshold.,denial of service resource exhaustion availability traffic filtering incident notification response escalation operator IoT predicted family DoS proposed action NOTIFY_OPERATOR observed protocols TCP UDP HTTP HTTPS ARP observed indicators traffic packet rate volume frequency average packet size traffic profile inter arrival time traffic timing TCP SYN connection attempts TCP SYN flag connection attempts,escalate,RFC8520.txt; ETSI.EN.303.645.V3.1.3.pdf; RFC8576.txt,unsupported,No excerpt supports operator notification due to low confidence.,unsupported,"No excerpt supports notifying an operator; the material is about TCP connection direction, authentication attempt handling, and routing.",remove,The independent checker found no useful support for the action.
CAPTURE_TRAFFIC,1,False,EG-O-0123,ieee-access-0055,True,"['RFC8576-0026', 'NIST.SP.800-61r3-0067', 'RFC8576-0067']",original,DoS,Collect additional evidence before a disruptive decision.,denial of service resource exhaustion availability traffic filtering collect network traffic evidence incident analysis monitoring IoT predicted family DoS proposed action CAPTURE_TRAFFIC observed protocols TCP observed indicators traffic packet rate volume frequency average packet size traffic profile inter arrival time traffic timing,escalate,RFC8576.txt; NIST.SP.800-61r3.pdf; RFC8576.txt,generally_supported,"The evidence supports preserving incident data as evidence, but not the specific action of capturing traffic.",generally_supported,"NIST supports collecting and retaining incident evidence, which generally supports capturing traffic for evidence, though not specifically packet capture.",keep,General support is sufficient for this non-disruptive action.
NOTIFY_OPERATOR,2,False,EG-O-0124,ieee-access-0055,True,"['RFC8576-0026', 'NIST.SP.800-61r3-0062', 'RFC8576-0041']",original,DoS,Detector confidence is below the validated threshold.,denial of service resource exhaustion availability traffic filtering incident notification response escalation operator IoT predicted family DoS proposed action NOTIFY_OPERATOR observed protocols TCP observed indicators traffic packet rate volume frequency average packet size traffic profile inter arrival time traffic timing,escalate,RFC8576.txt; NIST.SP.800-61r3.pdf; RFC8576.txt,unsupported,The cited excerpts do not support notifying an operator on the stated grounds.,generally_supported,"NIST supports automatic reporting of confirmed incidents, which generally supports notifying an operator, though not the specific rationale about low confidence.",remove,The independent checker found no useful support for the action.
CAPTURE_TRAFFIC,1,False,EG-O-0125,ieee-access-0056,True,"['RFC8576-0026', 'NIST.SP.800-61r3-0067', 'RFC8576-0067']",original,DoS,Preserve packet evidence for validation and attribution of the suspected resource-exhaustion pattern.,denial of service resource exhaustion availability traffic filtering collect network traffic evidence incident analysis monitoring IoT predicted family DoS proposed action CAPTURE_TRAFFIC observed protocols UDP ICMP observed indicators traffic packet rate volume frequency average packet size traffic profile inter arrival time traffic timing,plan,RFC8576.txt; NIST.SP.800-61r3.pdf; RFC8576.txt,generally_supported,"The evidence supports collecting and retaining incident evidence generally, but not specifically packet capture or attribution of a DoS pattern.",generally_supported,"NIST supports collecting and retaining incident evidence, generally supporting preservation of packet evidence, but not specifically traffic capture for attribution/validation.",keep,General support is sufficient for this non-disruptive action.
RATE_LIMIT,2,True,EG-O-0126,ieee-access-0056,True,"['RFC8576-0026', 'RFC8576-0044', 'RFC8576-0020']",original,DoS,Reduce impact from the observed high-rate traffic while limiting disruption to unrelated flows.,denial of service resource exhaustion availability traffic filtering rate limiting traffic filtering denial of service resource exhaustion IoT predicted family DoS proposed action RATE_LIMIT observed protocols UDP ICMP observed indicators traffic packet rate volume frequency average packet size traffic profile inter arrival time traffic timing,plan,RFC8576.txt; RFC8576.txt; RFC8576.txt,generally_supported,"The excerpts support DoS resistance and reducing resource exhaustion, but they do not specifically justify rate limiting.",generally_supported,"RFC8576 discusses DoS/resource-exhaustion threats and countermeasures to reduce responder state/resource impact, which generally supports mitigating load, but it does not explicitly support rate limiting as the action.",remove,General evidence is insufficient for a disruptive action without human approval.
NOTIFY_OPERATOR,3,False,EG-O-0127,ieee-access-0056,True,"['RFC8576-0026', 'NIST.SP.800-61r3-0062', 'RFC8576-0041']",original,DoS,Human review is appropriate because device identity is unvalidated and mitigation should be bounded to the observed flow profile.,denial of service resource exhaustion availability traffic filtering incident notification response escalation operator IoT predicted family DoS proposed action NOTIFY_OPERATOR observed protocols UDP ICMP observed indicators traffic packet rate volume frequency average packet size traffic profile inter arrival time traffic timing,plan,RFC8576.txt; NIST.SP.800-61r3.pdf; RFC8576.txt,unsupported,The evidence does not support operator notification based on unvalidated device identity.,generally_supported,"NIST generally supports reporting confirmed incidents, which can support operator notification, but the cited text does not support the specific rationale about unvalidated identity or bounded mitigation.",remove,The independent checker found no useful support for the action.
RATE_LIMIT,1,True,EG-O-0128,ieee-access-0057,True,"['ETSI.EN.303.645.V3.1.3-0035', 'RFC8576-0044', 'RFC8576-0026']",original,DoS,"Reduce the impact of the high-rate, SYN-heavy traffic while preserving some service continuity.",denial of service resource exhaustion availability traffic filtering rate limiting traffic filtering denial of service resource exhaustion IoT predicted family DoS proposed action RATE_LIMIT observed protocols TCP UDP HTTP HTTPS DNS observed indicators traffic packet rate volume frequency average packet size traffic profile inter arrival time traffic timing TCP SYN connection attempts TCP SYN flag connection attempts,plan,ETSI.EN.303.645.V3.1.3.pdf; RFC8576.txt; RFC8576.txt,generally_supported,"The excerpts support limiting repeated attempts and DoS resistance, which aligns with rate limiting at a high level, but they do not explicitly recommend rate limiting network traffic.",generally_supported,"The excerpts support the objective of resisting resource-exhaustion/DoS and limiting abusive attempts, but they do not explicitly support applying rate limiting to SYN-heavy traffic.",remove,General evidence is insufficient for a disruptive action without human approval.
CAPTURE_TRAFFIC,2,False,EG-O-0129,ieee-access-0057,True,"['RFC8520-0031', 'ETSI.EN.303.645.V3.1.3-0035', 'RFC8576-0026']",original,DoS,"Collect packet/flow evidence to validate whether the pattern is a flood, scan, or false positive.",denial of service resource exhaustion availability traffic filtering collect network traffic evidence incident analysis monitoring IoT predicted family DoS proposed action CAPTURE_TRAFFIC observed protocols TCP UDP HTTP HTTPS DNS observed indicators traffic packet rate volume frequency average packet size traffic profile inter arrival time traffic timing TCP SYN connection attempts TCP SYN flag connection attempts,plan,RFC8520.txt; ETSI.EN.303.645.V3.1.3.pdf; RFC8576.txt,unsupported,The evidence does not specifically support traffic capture to validate flood/scan/false-positive hypotheses.,unsupported,"These excerpts discuss TCP direction controls, detection of credential-stuffing/key-space exhaustion, and routing; they do not support traffic capture for validation.",remove,The independent checker found no useful support for the action.
NOTIFY_OPERATOR,3,False,EG-O-0130,ieee-access-0057,True,"['RFC8520-0031', 'ETSI.EN.303.645.V3.1.3-0035', 'RFC8576-0026']",original,DoS,Human review is warranted because the alert is high-confidence but device identity is not validated.,denial of service resource exhaustion availability traffic filtering incident notification response escalation operator IoT predicted family DoS proposed action NOTIFY_OPERATOR observed protocols TCP UDP HTTP HTTPS DNS observed indicators traffic packet rate volume frequency average packet size traffic profile inter arrival time traffic timing TCP SYN connection attempts TCP SYN flag connection attempts,plan,RFC8520.txt; ETSI.EN.303.645.V3.1.3.pdf; RFC8576.txt,unsupported,No cited excerpt supports notifying an operator because device identity is not validated.,unsupported,No cited excerpt supports notifying an operator or human review for this situation.,remove,The independent checker found no useful support for the action.
RATE_LIMIT,1,True,EG-O-0131,ieee-access-0058,True,"['RFC8576-0026', 'RFC8576-0044', 'RFC8576-0020']",original,DoS,Reduce load from high-rate UDP traffic consistent with DoS behavior.,denial of service resource exhaustion availability traffic filtering rate limiting traffic filtering denial of service resource exhaustion IoT predicted family DoS proposed action RATE_LIMIT observed protocols TCP UDP observed indicators traffic packet rate volume frequency average packet size traffic profile inter arrival time traffic timing TCP ACK responses TCP ACK flag responses,plan,RFC8576.txt; RFC8576.txt; RFC8576.txt,generally_supported,"The excerpts discuss DoS countermeasures and resource exhaustion, which broadly align with throttling, but they do not explicitly authorize rate limiting.",generally_supported,"RFC8576 supports the objective of mitigating DoS/resource exhaustion, but the excerpts do not explicitly support rate limiting high-rate UDP traffic.",remove,General evidence is insufficient for a disruptive action without human approval.
CAPTURE_TRAFFIC,2,False,EG-O-0132,ieee-access-0058,True,"['RFC8576-0026', 'NIST.SP.800-61r3-0067', 'RFC8576-0067']",original,DoS,Collect evidence to confirm attack pattern and support triage without assuming device identity.,denial of service resource exhaustion availability traffic filtering collect network traffic evidence incident analysis monitoring IoT predicted family DoS proposed action CAPTURE_TRAFFIC observed protocols TCP UDP observed indicators traffic packet rate volume frequency average packet size traffic profile inter arrival time traffic timing TCP ACK responses TCP ACK flag responses,plan,RFC8576.txt; NIST.SP.800-61r3.pdf; RFC8576.txt,generally_supported,"The evidence supports collecting and retaining incident evidence, but not specifically capturing traffic.",generally_supported,"NIST supports collecting and retaining incident evidence, which generally supports capturing traffic to confirm the pattern, though not specifically packet capture.",keep,General support is sufficient for this non-disruptive action.
NOTIFY_OPERATOR,3,False,EG-O-0133,ieee-access-0058,True,"['RFC8576-0026', 'NIST.SP.800-61r3-0062', 'RFC8576-0041']",original,DoS,Human review is appropriate because the output is mitigation intent only and the gateway scope lacks a validated device identifier.,denial of service resource exhaustion availability traffic filtering incident notification response escalation operator IoT predicted family DoS proposed action NOTIFY_OPERATOR observed protocols TCP UDP observed indicators traffic packet rate volume frequency average packet size traffic profile inter arrival time traffic timing TCP ACK responses TCP ACK flag responses,plan,RFC8576.txt; NIST.SP.800-61r3.pdf; RFC8576.txt,unsupported,The excerpts do not support operator notification for the stated reason.,generally_supported,"NIST generally supports automatic reporting of confirmed incidents, so operator notification is generally supported, but not for the specific rationale about mitigation-intent output or missing validated identifier.",remove,The independent checker found no useful support for the action.
RATE_LIMIT,1,True,EG-O-0134,ieee-access-0059,True,"['ETSI.EN.303.645.V3.1.3-0035', 'RFC8576-0044', 'RFC8576-0026']",original,DoS,Throttle the high-rate SYN-dominant flow to reduce resource exhaustion while preserving some visibility.,denial of service resource exhaustion availability traffic filtering rate limiting traffic filtering denial of service resource exhaustion IoT predicted family DoS proposed action RATE_LIMIT observed protocols TCP HTTPS observed indicators traffic packet rate volume frequency average packet size traffic profile inter arrival time traffic timing TCP SYN connection attempts TCP SYN flag connection attempts,plan,ETSI.EN.303.645.V3.1.3.pdf; RFC8576.txt; RFC8576.txt,generally_supported,"The cited material supports delaying or limiting repeated attempts and DoS countermeasures, but not specifically SYN traffic throttling.",generally_supported,"The excerpts support defending against resource-exhaustion and limiting abusive request patterns, but do not explicitly endorse rate limiting SYN-dominant flows.",remove,General evidence is insufficient for a disruptive action without human approval.
INCREASE_LOGGING,2,False,EG-O-0135,ieee-access-0059,True,"['RFC8520-0031', 'ETSI.EN.303.645.V3.1.3-0035', 'RFC8576-0026']",original,DoS,Collect more detail on the bursty SYN pattern and any upstream/downstream impact.,denial of service resource exhaustion availability traffic filtering increase security event logging monitoring incident analysis IoT predicted family DoS proposed action INCREASE_LOGGING observed protocols TCP HTTPS observed indicators traffic packet rate volume frequency average packet size traffic profile inter arrival time traffic timing TCP SYN connection attempts TCP SYN flag connection attempts,plan,RFC8520.txt; ETSI.EN.303.645.V3.1.3.pdf; RFC8576.txt,unsupported,The excerpts do not support increasing logging.,unsupported,"None of the excerpts explicitly or generally support increasing logging; they discuss TCP directionality, authentication throttling/detection, and routing.",remove,The independent checker found no useful support for the action.
NOTIFY_OPERATOR,3,False,EG-O-0136,ieee-access-0059,True,"['RFC8520-0031', 'ETSI.EN.303.645.V3.1.3-0035', 'RFC8576-0026']",original,DoS,Human review is appropriate because the alert is flow-based and no validated device identity is available.,denial of service resource exhaustion availability traffic filtering incident notification response escalation operator IoT predicted family DoS proposed action NOTIFY_OPERATOR observed protocols TCP HTTPS observed indicators traffic packet rate volume frequency average packet size traffic profile inter arrival time traffic timing TCP SYN connection attempts TCP SYN flag connection attempts,plan,RFC8520.txt; ETSI.EN.303.645.V3.1.3.pdf; RFC8576.txt,unsupported,The evidence does not justify notifying an operator due to missing device identity.,unsupported,The cited material does not address notifying operators or human review.,remove,The independent checker found no useful support for the action.
RATE_LIMIT,1,True,EG-O-0137,ieee-access-0060,True,"['RFC8576-0026', 'RFC8576-0044', 'RFC8576-0020']",original,DoS,Best bounded containment for a likely flood pattern while avoiding immediate full isolation when device identity is unvalidated.,denial of service resource exhaustion availability traffic filtering rate limiting traffic filtering denial of service resource exhaustion IoT predicted family DoS proposed action RATE_LIMIT observed protocols TCP UDP ICMP HTTP DNS observed indicators traffic packet rate volume frequency average packet size traffic profile inter arrival time traffic timing TCP ACK responses TCP ACK flag responses,plan,RFC8576.txt; RFC8576.txt; RFC8576.txt,generally_supported,"The excerpts support DoS countermeasures that delay state establishment and address resource exhaustion, which is directionally consistent with rate limiting, but not explicit.",generally_supported,"RFC8576 supports DoS resistance/resource-exhaustion mitigation generally, but not the specific mechanism of rate limiting as bounded containment.",remove,General evidence is insufficient for a disruptive action without human approval.
INCREASE_LOGGING,2,False,EG-O-0138,ieee-access-0060,True,"['RFC8576-0026', 'RFC8576-0041', 'RFC8520-0022']",original,DoS,"Collect additional evidence to confirm whether the pattern is persistent, distributed, or false positive.",denial of service resource exhaustion availability traffic filtering increase security event logging monitoring incident analysis IoT predicted family DoS proposed action INCREASE_LOGGING observed protocols TCP UDP ICMP HTTP DNS observed indicators traffic packet rate volume frequency average packet size traffic profile inter arrival time traffic timing TCP ACK responses TCP ACK flag responses,plan,RFC8576.txt; RFC8576.txt; RFC8520.txt,unsupported,The cited text about ACL/MUD features and fragmentation does not support increasing logging.,unsupported,"The excerpts mention state-exhaustion risks and ACL capabilities, but do not support increasing logging or collecting additional telemetry.",remove,The independent checker found no useful support for the action.
NOTIFY_OPERATOR,3,False,EG-O-0139,ieee-access-0060,True,"['RFC8576-0026', 'NIST.SP.800-61r3-0062', 'RFC8576-0041']",original,DoS,Human review is appropriate because the alert is moderately confident and mitigation intent cannot execute actions.,denial of service resource exhaustion availability traffic filtering incident notification response escalation operator IoT predicted family DoS proposed action NOTIFY_OPERATOR observed protocols TCP UDP ICMP HTTP DNS observed indicators traffic packet rate volume frequency average packet size traffic profile inter arrival time traffic timing TCP ACK responses TCP ACK flag responses,plan,RFC8576.txt; NIST.SP.800-61r3.pdf; RFC8576.txt,unsupported,"The evidence supports incident tracking and reporting, not the specific act of notifying an operator for this reason.",generally_supported,"NIST generally supports automatic reporting of confirmed incidents, which can support operator notification, but not the specific rationale about moderate confidence or inability to execute actions.",remove,The independent checker found no useful support for the action.
CAPTURE_TRAFFIC,1,False,EG-O-0140,ieee-access-0061,True,"['RFC8520-0031', 'ETSI.EN.303.645.V3.1.3-0035', 'RFC8576-0026']",original,DoS,Collect additional evidence before a disruptive decision.,denial of service resource exhaustion availability traffic filtering collect network traffic evidence incident analysis monitoring IoT predicted family DoS proposed action CAPTURE_TRAFFIC observed protocols TCP observed indicators traffic packet rate volume frequency average packet size traffic profile inter arrival time traffic timing TCP SYN connection attempts TCP SYN flag connection attempts,escalate,RFC8520.txt; ETSI.EN.303.645.V3.1.3.pdf; RFC8576.txt,unsupported,The excerpts do not specifically support traffic capture as the recommended action.,unsupported,The evidence does not address evidence capture or packet collection.,remove,The independent checker found no useful support for the action.
NOTIFY_OPERATOR,2,False,EG-O-0141,ieee-access-0061,True,"['RFC8520-0031', 'ETSI.EN.303.645.V3.1.3-0035', 'RFC8576-0026']",original,DoS,Detector confidence is below the validated threshold.,denial of service resource exhaustion availability traffic filtering incident notification response escalation operator IoT predicted family DoS proposed action NOTIFY_OPERATOR observed protocols TCP observed indicators traffic packet rate volume frequency average packet size traffic profile inter arrival time traffic timing TCP SYN connection attempts TCP SYN flag connection attempts,escalate,RFC8520.txt; ETSI.EN.303.645.V3.1.3.pdf; RFC8576.txt,unsupported,No excerpt supports notifying an operator because detector confidence is below threshold.,unsupported,"The cited excerpts do not support operator notification; they address TCP policy, authentication attempt handling, and routing.",remove,The independent checker found no useful support for the action.
CAPTURE_TRAFFIC,1,False,EG-O-0142,ieee-access-0062,True,"['RFC8576-0026', 'NIST.SP.800-61r3-0067', 'RFC8576-0067']",original,DoS,Collect additional evidence before a disruptive decision.,denial of service resource exhaustion availability traffic filtering collect network traffic evidence incident analysis monitoring IoT predicted family DoS proposed action CAPTURE_TRAFFIC observed protocols TCP UDP ICMP HTTP observed indicators traffic packet rate volume frequency average packet size traffic profile inter arrival time traffic timing TCP ACK responses TCP ACK flag responses,escalate,RFC8576.txt; NIST.SP.800-61r3.pdf; RFC8576.txt,generally_supported,"The evidence supports preserving incident data as evidence, but not specifically capturing traffic.",generally_supported,"NIST supports collecting and retaining incident evidence, which generally supports traffic capture before disruptive action, though not specifically packet capture.",keep,General support is sufficient for this non-disruptive action.
NOTIFY_OPERATOR,2,False,EG-O-0143,ieee-access-0062,True,"['RFC8576-0026', 'NIST.SP.800-61r3-0062', 'RFC8576-0041']",original,DoS,Detector confidence is below the validated threshold.,denial of service resource exhaustion availability traffic filtering incident notification response escalation operator IoT predicted family DoS proposed action NOTIFY_OPERATOR observed protocols TCP UDP ICMP HTTP observed indicators traffic packet rate volume frequency average packet size traffic profile inter arrival time traffic timing TCP ACK responses TCP ACK flag responses,escalate,RFC8576.txt; NIST.SP.800-61r3.pdf; RFC8576.txt,unsupported,The excerpts do not support operator notification on the stated basis.,generally_supported,"NIST supports automatic reporting of confirmed incidents, generally supporting operator notification, but not specifically because confidence is below threshold.",remove,The independent checker found no useful support for the action.
CAPTURE_TRAFFIC,1,False,EG-O-0144,ieee-access-0063,True,"['RFC8576-0026', 'NIST.SP.800-61r3-0067', 'RFC8576-0067']",original,DoS,Collect additional evidence before a disruptive decision.,denial of service resource exhaustion availability traffic filtering collect network traffic evidence incident analysis monitoring IoT predicted family DoS proposed action CAPTURE_TRAFFIC observed protocols UDP ICMP observed indicators traffic packet rate volume frequency average packet size traffic profile inter arrival time traffic timing,escalate,RFC8576.txt; NIST.SP.800-61r3.pdf; RFC8576.txt,generally_supported,"The evidence supports collecting incident evidence and retaining it, but not specifically packet capture.",generally_supported,"NIST generally supports collecting and retaining incident evidence, which supports evidence gathering, but not specifically traffic capture.",keep,General support is sufficient for this non-disruptive action.
NOTIFY_OPERATOR,2,False,EG-O-0145,ieee-access-0063,True,"['RFC8576-0026', 'NIST.SP.800-61r3-0062', 'RFC8576-0041']",original,DoS,Detector confidence is below the validated threshold.,denial of service resource exhaustion availability traffic filtering incident notification response escalation operator IoT predicted family DoS proposed action NOTIFY_OPERATOR observed protocols UDP ICMP observed indicators traffic packet rate volume frequency average packet size traffic profile inter arrival time traffic timing,escalate,RFC8576.txt; NIST.SP.800-61r3.pdf; RFC8576.txt,unsupported,No excerpt supports notifying an operator for the stated confidence/identity rationale.,generally_supported,"NIST generally supports reporting confirmed incidents, so notifying an operator is generally supported, but the specific low-confidence rationale is not.",remove,The independent checker found no useful support for the action.
CAPTURE_TRAFFIC,1,False,EG-O-0146,ieee-access-0064,True,"['RFC8576-0026', 'NIST.SP.800-61r3-0067', 'RFC8576-0067']",original,DoS,Collect additional evidence before a disruptive decision.,denial of service resource exhaustion availability traffic filtering collect network traffic evidence incident analysis monitoring IoT predicted family DoS proposed action CAPTURE_TRAFFIC observed protocols UDP observed indicators traffic packet rate volume frequency average packet size traffic profile inter arrival time traffic timing,escalate,RFC8576.txt; NIST.SP.800-61r3.pdf; RFC8576.txt,generally_supported,"The evidence supports collecting and retaining incident evidence, but not specifically capture traffic.",generally_supported,"NIST supports collecting and retaining incident evidence, generally supporting capture of traffic as evidence, though not specifically packet capture.",keep,General support is sufficient for this non-disruptive action.
NOTIFY_OPERATOR,2,False,EG-O-0147,ieee-access-0064,True,"['RFC8576-0026', 'NIST.SP.800-61r3-0062', 'RFC8576-0041']",original,DoS,Detector confidence is below the validated threshold.,denial of service resource exhaustion availability traffic filtering incident notification response escalation operator IoT predicted family DoS proposed action NOTIFY_OPERATOR observed protocols UDP observed indicators traffic packet rate volume frequency average packet size traffic profile inter arrival time traffic timing,escalate,RFC8576.txt; NIST.SP.800-61r3.pdf; RFC8576.txt,unsupported,The excerpts do not support operator notification for low confidence or unknown identity.,generally_supported,"NIST generally supports automatic reporting of confirmed incidents, which supports operator notification in general, but not the stated below-threshold rationale.",remove,The independent checker found no useful support for the action.
CAPTURE_TRAFFIC,1,False,EG-O-0148,ieee-access-0065,True,"['RFC8520-0031', 'ETSI.EN.303.645.V3.1.3-0035', 'RFC8576-0026']",original,DoS,Collect additional evidence before a disruptive decision.,denial of service resource exhaustion availability traffic filtering collect network traffic evidence incident analysis monitoring IoT predicted family DoS proposed action CAPTURE_TRAFFIC observed protocols TCP observed indicators traffic packet rate volume frequency average packet size traffic profile inter arrival time traffic timing TCP SYN connection attempts TCP SYN flag connection attempts,escalate,RFC8520.txt; ETSI.EN.303.645.V3.1.3.pdf; RFC8576.txt,unsupported,The cited ACL/MUD and authentication-limiting text does not support traffic capture.,unsupported,"The excerpts do not support traffic capture or evidence collection; they concern TCP direction rules, credential-stuffing defenses, and routing.",remove,The independent checker found no useful support for the action.
NOTIFY_OPERATOR,2,False,EG-O-0149,ieee-access-0065,True,"['RFC8520-0031', 'ETSI.EN.303.645.V3.1.3-0035', 'RFC8576-0026']",original,DoS,Detector confidence is below the validated threshold.,denial of service resource exhaustion availability traffic filtering incident notification response escalation operator IoT predicted family DoS proposed action NOTIFY_OPERATOR observed protocols TCP observed indicators traffic packet rate volume frequency average packet size traffic profile inter arrival time traffic timing TCP SYN connection attempts TCP SYN flag connection attempts,escalate,RFC8520.txt; ETSI.EN.303.645.V3.1.3.pdf; RFC8576.txt,unsupported,No excerpt supports notifying an operator because the alert is high-confidence but device identity is unvalidated.,unsupported,"No cited text supports notifying an operator; the excerpts are about TCP directionality, authentication attempt limits, and routing.",remove,The independent checker found no useful support for the action.
RATE_LIMIT,1,True,EG-O-0150,ieee-access-0066,True,"['RFC8576-0026', 'RFC8576-0044', 'RFC8576-0020']",original,DoS,Reduce the impact of the apparent UDP flood while limiting disruption to unrelated traffic.,denial of service resource exhaustion availability traffic filtering rate limiting traffic filtering denial of service resource exhaustion IoT predicted family DoS proposed action RATE_LIMIT observed protocols UDP observed indicators traffic packet rate volume frequency average packet size traffic profile inter arrival time traffic timing,plan,RFC8576.txt; RFC8576.txt; RFC8576.txt,generally_supported,"The evidence supports DoS resistance and limiting repeated attempts, which is broadly aligned with rate limiting, but not explicit.",generally_supported,"RFC8576 supports the need to mitigate DoS/resource-exhaustion attacks generally, but does not explicitly support rate limiting UDP floods.",remove,General evidence is insufficient for a disruptive action without human approval.
CAPTURE_TRAFFIC,2,False,EG-O-0151,ieee-access-0066,True,"['RFC8576-0026', 'NIST.SP.800-61r3-0067', 'RFC8576-0067']",original,DoS,"Preserve evidence and improve certainty about source patterns, amplification signs, or spoofing characteristics.",denial of service resource exhaustion availability traffic filtering collect network traffic evidence incident analysis monitoring IoT predicted family DoS proposed action CAPTURE_TRAFFIC observed protocols UDP observed indicators traffic packet rate volume frequency average packet size traffic profile inter arrival time traffic timing,plan,RFC8576.txt; NIST.SP.800-61r3.pdf; RFC8576.txt,generally_supported,"The evidence supports preserving incident data as evidence, but not specifically traffic capture for source-pattern analysis.",generally_supported,"NIST supports collecting and retaining incident evidence, which generally supports capturing traffic to preserve evidence, but not specifically packet capture for spoofing/amplification analysis.",keep,General support is sufficient for this non-disruptive action.
NOTIFY_OPERATOR,3,False,EG-O-0152,ieee-access-0066,True,"['RFC8576-0026', 'NIST.SP.800-61r3-0062', 'RFC8576-0041']",original,DoS,Escalate promptly because the alert has maximal model confidence and may require coordinated containment.,denial of service resource exhaustion availability traffic filtering incident notification response escalation operator IoT predicted family DoS proposed action NOTIFY_OPERATOR observed protocols UDP observed indicators traffic packet rate volume frequency average packet size traffic profile inter arrival time traffic timing,plan,RFC8576.txt; NIST.SP.800-61r3.pdf; RFC8576.txt,unsupported,The excerpts do not support notifying an operator due to confidence or coordination needs.,generally_supported,"NIST supports automatic reporting of confirmed incidents, which generally supports operator notification/escalation, though not the specific rationale about maximal model confidence or coordinated containment.",remove,The independent checker found no useful support for the action.
INCREASE_LOGGING,1,False,EG-O-0153,ieee-access-0067,True,"['RFC8576-0026', 'RFC8576-0041', 'NIST.SP.800-61r3-0062']",original,DoS,Collect additional evidence for a high-confidence DoS alert while preserving the intent-only constraint and avoiding device assumptions.,denial of service resource exhaustion availability traffic filtering increase security event logging monitoring incident analysis IoT predicted family DoS proposed action INCREASE_LOGGING observed protocols UDP DNS observed indicators traffic packet rate volume frequency average packet size traffic profile inter arrival time traffic timing,plan,RFC8576.txt; RFC8576.txt; NIST.SP.800-61r3.pdf,unsupported,"The cited material supports incident tracking and reporting, not increasing logging.",unsupported,The excerpts do not support increasing logging; NIST's reporting/tracking language is not about enabling more detailed logging.,remove,The independent checker found no useful support for the action.
NOTIFY_OPERATOR,2,False,EG-O-0154,ieee-access-0067,True,"['RFC8576-0026', 'NIST.SP.800-61r3-0062', 'RFC8576-0041']",original,DoS,Operator awareness is appropriate given the strong detector confidence and the absence of a validated device identifier.,denial of service resource exhaustion availability traffic filtering incident notification response escalation operator IoT predicted family DoS proposed action NOTIFY_OPERATOR observed protocols UDP DNS observed indicators traffic packet rate volume frequency average packet size traffic profile inter arrival time traffic timing,plan,RFC8576.txt; NIST.SP.800-61r3.pdf; RFC8576.txt,unsupported,No excerpt supports notifying an operator because device identity is not validated.,generally_supported,"NIST generally supports reporting confirmed incidents, which supports notifying an operator, but not the specific rationale about strong confidence and missing validated identifier.",remove,The independent checker found no useful support for the action.
RATE_LIMIT,3,True,EG-O-0155,ieee-access-0067,True,"['RFC8576-0026', 'RFC8576-0044', 'RFC8576-0020']",original,DoS,High-rate UDP traffic is consistent with DoS behavior; conservative rate limiting can reduce exhaustion impact without overcommitting to a device-specific intervention.,denial of service resource exhaustion availability traffic filtering rate limiting traffic filtering denial of service resource exhaustion IoT predicted family DoS proposed action RATE_LIMIT observed protocols UDP DNS observed indicators traffic packet rate volume frequency average packet size traffic profile inter arrival time traffic timing,plan,RFC8576.txt; RFC8576.txt; RFC8576.txt,generally_supported,"The evidence supports DoS vulnerability from resource exhaustion and related countermeasures, but not explicit rate limiting.",generally_supported,"RFC8576 generally supports defending against DoS/resource exhaustion, but it does not explicitly support rate limiting as the chosen mechanism.",remove,General evidence is insufficient for a disruptive action without human approval.
RATE_LIMIT,1,True,EG-O-0156,ieee-access-0068,True,"['RFC8576-0026', 'RFC8576-0044', 'RFC8576-0020']",original,DoS,High-volume UDP traffic with negligible IAT suggests flood behavior; rate limiting can reduce resource exhaustion while preserving broader gateway operation.,denial of service resource exhaustion availability traffic filtering rate limiting traffic filtering denial of service resource exhaustion IoT predicted family DoS proposed action RATE_LIMIT observed protocols UDP observed indicators traffic packet rate volume frequency average packet size traffic profile inter arrival time traffic timing,plan,RFC8576.txt; RFC8576.txt; RFC8576.txt,generally_supported,"The evidence supports DoS resource-exhaustion risk and countermeasures, but not explicit rate limiting.",generally_supported,"The RFC excerpts support the objective of countering DoS/resource exhaustion, but not specifically rate limiting high-volume UDP traffic.",remove,General evidence is insufficient for a disruptive action without human approval.
INCREASE_LOGGING,2,False,EG-O-0157,ieee-access-0068,True,"['RFC8576-0026', 'RFC8576-0041', 'NIST.SP.800-61r3-0062']",original,DoS,"Additional telemetry is useful to confirm whether the pattern persists, identify impacted flows, and support later containment decisions.",denial of service resource exhaustion availability traffic filtering increase security event logging monitoring incident analysis IoT predicted family DoS proposed action INCREASE_LOGGING observed protocols UDP observed indicators traffic packet rate volume frequency average packet size traffic profile inter arrival time traffic timing,plan,RFC8576.txt; RFC8576.txt; NIST.SP.800-61r3.pdf,unsupported,The excerpts do not support increasing logging.,unsupported,None of the excerpts support increasing logging or additional telemetry collection as an action.,remove,The independent checker found no useful support for the action.
NOTIFY_OPERATOR,3,False,EG-O-0158,ieee-access-0068,True,"['RFC8576-0026', 'NIST.SP.800-61r3-0062', 'RFC8576-0041']",original,DoS,The alert is high-confidence and operationally significant; human review is warranted because the alert lacks a validated device identifier.,denial of service resource exhaustion availability traffic filtering incident notification response escalation operator IoT predicted family DoS proposed action NOTIFY_OPERATOR observed protocols UDP observed indicators traffic packet rate volume frequency average packet size traffic profile inter arrival time traffic timing,plan,RFC8576.txt; NIST.SP.800-61r3.pdf; RFC8576.txt,unsupported,The evidence does not support operator notification for missing device identity.,generally_supported,"NIST generally supports automatic reporting of confirmed incidents, which supports operator notification in general, but not the specific rationale about high confidence and missing device identifier.",remove,The independent checker found no useful support for the action.
RATE_LIMIT,1,True,EG-O-0159,ieee-access-0069,True,"['ETSI.EN.303.645.V3.1.3-0035', 'RFC8576-0044', 'RFC8576-0026']",original,DoS,Throttle the unusually high-rate traffic to reduce immediate resource exhaustion risk while preserving broader gateway operations.,denial of service resource exhaustion availability traffic filtering rate limiting traffic filtering denial of service resource exhaustion IoT predicted family DoS proposed action RATE_LIMIT observed protocols TCP UDP ICMP HTTPS observed indicators traffic packet rate volume frequency average packet size traffic profile inter arrival time traffic timing TCP SYN connection attempts TCP SYN flag connection attempts,plan,ETSI.EN.303.645.V3.1.3.pdf; RFC8576.txt; RFC8576.txt,generally_supported,"The excerpts support limiting repeated attempts and DoS resistance, which is broadly consistent with rate limiting, but not explicit.",generally_supported,"The excerpts generally support mitigating resource-exhaustion/DoS and limiting abusive request rates, but they do not explicitly endorse rate limiting unusually high-rate traffic.",remove,General evidence is insufficient for a disruptive action without human approval.
INCREASE_LOGGING,2,False,EG-O-0160,ieee-access-0069,True,"['RFC8520-0031', 'ETSI.EN.303.645.V3.1.3-0035', 'RFC8576-0026']",original,DoS,Collect more detail on the anomalous profile to support validation and downstream investigation.,denial of service resource exhaustion availability traffic filtering increase security event logging monitoring incident analysis IoT predicted family DoS proposed action INCREASE_LOGGING observed protocols TCP UDP ICMP HTTPS observed indicators traffic packet rate volume frequency average packet size traffic profile inter arrival time traffic timing TCP SYN connection attempts TCP SYN flag connection attempts,plan,RFC8520.txt; ETSI.EN.303.645.V3.1.3.pdf; RFC8576.txt,unsupported,The cited text does not support increasing logging.,unsupported,The cited excerpts do not support increasing logging or collecting more detailed telemetry.,remove,The independent checker found no useful support for the action.
NOTIFY_OPERATOR,3,False,EG-O-0161,ieee-access-0069,True,"['RFC8520-0031', 'ETSI.EN.303.645.V3.1.3-0035', 'RFC8576-0026']",original,DoS,Operator review is warranted because the alert is confident but still lacks a validated device identifier.,denial of service resource exhaustion availability traffic filtering incident notification response escalation operator IoT predicted family DoS proposed action NOTIFY_OPERATOR observed protocols TCP UDP ICMP HTTPS observed indicators traffic packet rate volume frequency average packet size traffic profile inter arrival time traffic timing TCP SYN connection attempts TCP SYN flag connection attempts,plan,RFC8520.txt; ETSI.EN.303.645.V3.1.3.pdf; RFC8576.txt,unsupported,No excerpt supports notifying an operator for the stated reason.,unsupported,The excerpts do not address operator notification or human review for this condition.,remove,The independent checker found no useful support for the action.
RATE_LIMIT,1,True,EG-O-0162,ieee-access-0070,True,"['ETSI.EN.303.645.V3.1.3-0035', 'RFC8576-0044', 'RFC8576-0026']",original,DoS,Reduce the chance of resource exhaustion while preserving some telemetry for confirmation.,denial of service resource exhaustion availability traffic filtering rate limiting traffic filtering denial of service resource exhaustion IoT predicted family DoS proposed action RATE_LIMIT observed protocols TCP observed indicators traffic packet rate volume frequency average packet size traffic profile inter arrival time traffic timing TCP SYN connection attempts TCP SYN flag connection attempts,plan,ETSI.EN.303.645.V3.1.3.pdf; RFC8576.txt; RFC8576.txt,generally_supported,"The evidence supports DoS resistance and delaying state establishment, which is directionally consistent with rate limiting, but not explicit.",generally_supported,"RFC8576 and ETSI generally support limiting resource-exhaustion effects and abusive request patterns, but not specifically rate limiting while preserving telemetry.",remove,General evidence is insufficient for a disruptive action without human approval.
CAPTURE_TRAFFIC,2,False,EG-O-0163,ieee-access-0070,True,"['RFC8520-0031', 'ETSI.EN.303.645.V3.1.3-0035', 'RFC8576-0026']",original,DoS,Collect evidence to confirm whether the pattern is a flooding attack and to support later containment decisions.,denial of service resource exhaustion availability traffic filtering collect network traffic evidence incident analysis monitoring IoT predicted family DoS proposed action CAPTURE_TRAFFIC observed protocols TCP observed indicators traffic packet rate volume frequency average packet size traffic profile inter arrival time traffic timing TCP SYN connection attempts TCP SYN flag connection attempts,plan,RFC8520.txt; ETSI.EN.303.645.V3.1.3.pdf; RFC8576.txt,unsupported,The excerpts do not specifically support traffic capture for confirming a flooding attack.,unsupported,The excerpts do not support capturing traffic or preserving packet evidence.,remove,The independent checker found no useful support for the action.
NOTIFY_OPERATOR,3,False,EG-O-0164,ieee-access-0070,True,"['RFC8520-0031', 'ETSI.EN.303.645.V3.1.3-0035', 'RFC8576-0026']",original,DoS,Human review is appropriate because the alert is credible but identity is not validated and the response should remain bounded.,denial of service resource exhaustion availability traffic filtering incident notification response escalation operator IoT predicted family DoS proposed action NOTIFY_OPERATOR observed protocols TCP observed indicators traffic packet rate volume frequency average packet size traffic profile inter arrival time traffic timing TCP SYN connection attempts TCP SYN flag connection attempts,plan,RFC8520.txt; ETSI.EN.303.645.V3.1.3.pdf; RFC8576.txt,unsupported,The evidence does not support notifying an operator on the stated grounds.,unsupported,No excerpt supports notifying an operator or bounded human-reviewed response in this case.,remove,The independent checker found no useful support for the action.
CAPTURE_TRAFFIC,1,False,EG-O-0165,ieee-access-0071,True,"['RFC8520-0031', 'ETSI.EN.303.645.V3.1.3-0035', 'RFC8576-0026']",original,DDoS,Collect additional evidence before a disruptive decision.,distributed denial of service flooding resource exhaustion availability filtering network traffic collect network traffic evidence incident analysis monitoring IoT predicted family DDoS proposed action CAPTURE_TRAFFIC observed protocols TCP observed indicators traffic packet rate volume frequency average packet size traffic profile inter arrival time traffic timing TCP SYN connection attempts TCP SYN flag connection attempts,escalate,RFC8520.txt; ETSI.EN.303.645.V3.1.3.pdf; RFC8576.txt,unsupported,The excerpts do not provide evidence for traffic capture before a disruptive decision.,unsupported,"The excerpts do not support capturing traffic as a response measure; they concern TCP initiation filtering, auth throttling, and routing support.",remove,The independent checker found no useful support for the action.
NOTIFY_OPERATOR,2,False,EG-O-0166,ieee-access-0071,True,"['RFC8520-0031', 'ETSI.EN.303.645.V3.1.3-0035', 'RFC8576-0026']",original,DDoS,Detector confidence is below the validated threshold.,distributed denial of service flooding resource exhaustion availability filtering network traffic incident notification response escalation operator IoT predicted family DDoS proposed action NOTIFY_OPERATOR observed protocols TCP observed indicators traffic packet rate volume frequency average packet size traffic profile inter arrival time traffic timing TCP SYN connection attempts TCP SYN flag connection attempts,escalate,RFC8520.txt; ETSI.EN.303.645.V3.1.3.pdf; RFC8576.txt,unsupported,No cited excerpt supports notifying an operator due to threshold-related detector confidence.,unsupported,The evidence does not justify notifying an operator due to low confidence; it does not discuss confidence-based escalation.,remove,The independent checker found no useful support for the action.
CAPTURE_TRAFFIC,1,False,EG-O-0167,ieee-access-0072,True,"['RFC8520-0031', 'ETSI.EN.303.645.V3.1.3-0035', 'RFC8576-0026']",original,DDoS,Collect additional evidence before a disruptive decision.,distributed denial of service flooding resource exhaustion availability filtering network traffic collect network traffic evidence incident analysis monitoring IoT predicted family DDoS proposed action CAPTURE_TRAFFIC observed protocols TCP UDP ICMP observed indicators traffic packet rate volume frequency average packet size traffic profile inter arrival time traffic timing TCP SYN connection attempts TCP SYN flag connection attempts,escalate,RFC8520.txt; ETSI.EN.303.645.V3.1.3.pdf; RFC8576.txt,unsupported,"The excerpts do not support capturing traffic; they only discuss TCP direction, authentication throttling, and routing.",unsupported,No excerpt recommends traffic capture or evidence preservation for DDoS analysis.,remove,The independent checker found no useful support for the action.
NOTIFY_OPERATOR,2,False,EG-O-0168,ieee-access-0072,True,"['RFC8520-0031', 'ETSI.EN.303.645.V3.1.3-0035', 'RFC8576-0026']",original,DDoS,Detector confidence is below the validated threshold.,distributed denial of service flooding resource exhaustion availability filtering network traffic incident notification response escalation operator IoT predicted family DDoS proposed action NOTIFY_OPERATOR observed protocols TCP UDP ICMP observed indicators traffic packet rate volume frequency average packet size traffic profile inter arrival time traffic timing TCP SYN connection attempts TCP SYN flag connection attempts,escalate,RFC8520.txt; ETSI.EN.303.645.V3.1.3.pdf; RFC8576.txt,unsupported,The cited evidence does not justify low-confidence operator notification.,unsupported,The cited text does not address operator notification or human review; it is unrelated to the proposed action.,remove,The independent checker found no useful support for the action.
CAPTURE_TRAFFIC,1,False,EG-O-0169,ieee-access-0073,True,"['RFC8576-0026', 'RFC8576-0067', 'RFC8576-0019']",original,DDoS,Collect additional evidence before a disruptive decision.,distributed denial of service flooding resource exhaustion availability filtering network traffic collect network traffic evidence incident analysis monitoring IoT predicted family DDoS proposed action CAPTURE_TRAFFIC observed protocols UDP ARP observed indicators traffic packet rate volume frequency average packet size traffic profile inter arrival time traffic timing,escalate,RFC8576.txt; RFC8576.txt; RFC8576.txt,unsupported,"The excerpts mention privacy and routing attacks, but not traffic capture for DDoS confirmation.",unsupported,"The excerpts mention packet observation and routing attacks, but not capturing traffic as an endorsed response action.",remove,The independent checker found no useful support for the action.
NOTIFY_OPERATOR,2,False,EG-O-0170,ieee-access-0073,True,"['RFC8576-0026', 'NIST.SP.800-61r3-0062', 'RFC8576-0041']",original,DDoS,Detector confidence is below the validated threshold.,distributed denial of service flooding resource exhaustion availability filtering network traffic incident notification response escalation operator IoT predicted family DDoS proposed action NOTIFY_OPERATOR observed protocols UDP ARP observed indicators traffic packet rate volume frequency average packet size traffic profile inter arrival time traffic timing,escalate,RFC8576.txt; NIST.SP.800-61r3.pdf; RFC8576.txt,generally_supported,"The incident-response guidance supports reporting confirmed incidents and coordinating response, which generally supports notifying an operator, but not the threshold-based rationale.",generally_supported,"NIST SP 800-61r3 supports reporting confirmed incidents, which generally supports notifying an operator, but it does not support notifying specifically because confidence is below threshold.",keep,General support is sufficient for this non-disruptive action.
CAPTURE_TRAFFIC,1,False,EG-O-0171,ieee-access-0074,True,"['RFC8576-0026', 'RFC8576-0067', 'RFC8576-0019']",original,DDoS,Collect additional evidence before a disruptive decision.,distributed denial of service flooding resource exhaustion availability filtering network traffic collect network traffic evidence incident analysis monitoring IoT predicted family DDoS proposed action CAPTURE_TRAFFIC observed protocols UDP observed indicators traffic packet rate volume frequency average packet size traffic profile inter arrival time traffic timing,escalate,RFC8576.txt; RFC8576.txt; RFC8576.txt,unsupported,The cited excerpts do not support traffic capture to confirm attack characteristics.,unsupported,The evidence does not recommend packet capture or evidence collection before disruptive action.,remove,The independent checker found no useful support for the action.
NOTIFY_OPERATOR,2,False,EG-O-0172,ieee-access-0074,True,"['RFC8576-0026', 'NIST.SP.800-61r3-0062', 'RFC8576-0041']",original,DDoS,Detector confidence is below the validated threshold.,distributed denial of service flooding resource exhaustion availability filtering network traffic incident notification response escalation operator IoT predicted family DDoS proposed action NOTIFY_OPERATOR observed protocols UDP observed indicators traffic packet rate volume frequency average packet size traffic profile inter arrival time traffic timing,escalate,RFC8576.txt; NIST.SP.800-61r3.pdf; RFC8576.txt,unsupported,The evidence does not support threshold-based operator notification.,generally_supported,"NIST SP 800-61r3 generally supports incident reporting/coordination, but the specific rationale of low-confidence notification is not present in the excerpts.",remove,The independent checker found no useful support for the action.
CAPTURE_TRAFFIC,1,False,EG-O-0173,ieee-access-0075,True,"['RFC8576-0026', 'RFC8576-0067', 'RFC8576-0019']",original,DDoS,Collect additional evidence before a disruptive decision.,distributed denial of service flooding resource exhaustion availability filtering network traffic collect network traffic evidence incident analysis monitoring IoT predicted family DDoS proposed action CAPTURE_TRAFFIC observed protocols TCP ARP observed indicators traffic packet rate volume frequency average packet size traffic profile inter arrival time traffic timing,escalate,RFC8576.txt; RFC8576.txt; RFC8576.txt,unsupported,The excerpts do not support traffic capture for flooding confirmation; they concern privacy and routing attacks.,unsupported,"The excerpts do not support traffic capture; they discuss routing support, privacy risks, and routing attacks.",remove,The independent checker found no useful support for the action.
NOTIFY_OPERATOR,2,False,EG-O-0174,ieee-access-0075,True,"['RFC8576-0026', 'NIST.SP.800-61r3-0062', 'RFC8576-0041']",original,DDoS,Detector confidence is below the validated threshold.,distributed denial of service flooding resource exhaustion availability filtering network traffic incident notification response escalation operator IoT predicted family DDoS proposed action NOTIFY_OPERATOR observed protocols TCP ARP observed indicators traffic packet rate volume frequency average packet size traffic profile inter arrival time traffic timing,escalate,RFC8576.txt; NIST.SP.800-61r3.pdf; RFC8576.txt,unsupported,The cited material does not justify low-confidence notification.,generally_supported,"NIST SP 800-61r3 generally supports reporting confirmed incidents, but not the specific action rationale of below-threshold detector confidence.",remove,The independent checker found no useful support for the action.
INCREASE_LOGGING,1,False,EG-O-0175,ieee-access-0076,True,"['RFC8576-0026', 'RFC8576-0041', 'RFC8576-0067']",original,DDoS,Collect additional evidence for triage and confirm whether the pattern is sustained or distributed.,distributed denial of service flooding resource exhaustion availability filtering network traffic increase security event logging monitoring incident analysis IoT predicted family DDoS proposed action INCREASE_LOGGING observed protocols UDP ICMP observed indicators traffic packet rate volume frequency average packet size traffic profile inter arrival time traffic timing,plan,RFC8576.txt; RFC8576.txt; RFC8576.txt,unsupported,"The evidence discusses fragmentation and privacy, not logging for DDoS triage.",unsupported,"None of the cited excerpts support increasing logging for triage or analysis; they discuss constraints, fragmentation, and privacy concerns.",remove,The independent checker found no useful support for the action.
NOTIFY_OPERATOR,2,False,EG-O-0176,ieee-access-0076,True,"['RFC8576-0026', 'NIST.SP.800-61r3-0062', 'RFC8576-0041']",original,DDoS,Human review is appropriate because the alert is high impact and execution is forbidden in this intent-only proposal.,distributed denial of service flooding resource exhaustion availability filtering network traffic incident notification response escalation operator IoT predicted family DDoS proposed action NOTIFY_OPERATOR observed protocols UDP ICMP observed indicators traffic packet rate volume frequency average packet size traffic profile inter arrival time traffic timing,plan,RFC8576.txt; NIST.SP.800-61r3.pdf; RFC8576.txt,generally_supported,"NIST incident-response guidance supports automatic reporting and coordination once an incident is declared, which generally supports notifying an operator, though not the specific intent-only rationale.",generally_supported,"NIST SP 800-61r3 supports incident reporting and coordination, which generally supports notifying an operator, but not the specific rationale about intent-only execution being forbidden.",keep,General support is sufficient for this non-disruptive action.
RATE_LIMIT,1,True,EG-O-0177,ieee-access-0077,True,"['ETSI.EN.303.645.V3.1.3-0035', 'RFC8576-0026', 'RFC8576-0044']",original,DDoS,Reduce flood intensity while preserving some visibility for analysis.,distributed denial of service flooding resource exhaustion availability filtering network traffic rate limiting traffic filtering denial of service resource exhaustion IoT predicted family DDoS proposed action RATE_LIMIT observed protocols TCP observed indicators traffic packet rate volume frequency average packet size traffic profile inter arrival time traffic timing TCP SYN connection attempts TCP SYN flag connection attempts,plan,ETSI.EN.303.645.V3.1.3.pdf; RFC8576.txt; RFC8576.txt,generally_supported,"The DoS resistance excerpt supports reducing resource exhaustion and delaying state establishment, which is directionally consistent with rate limiting, but it does not explicitly recommend it.",generally_supported,"The excerpts support limiting abusive activity and resisting DoS/resource exhaustion, but they do not explicitly support rate limiting as the chosen mechanism.",remove,General evidence is insufficient for a disruptive action without human approval.
CAPTURE_TRAFFIC,2,False,EG-O-0178,ieee-access-0077,True,"['RFC8520-0031', 'ETSI.EN.303.645.V3.1.3-0035', 'RFC8576-0026']",original,DDoS,Collect evidence to confirm attack characteristics and refine containment without assuming device identity.,distributed denial of service flooding resource exhaustion availability filtering network traffic collect network traffic evidence incident analysis monitoring IoT predicted family DDoS proposed action CAPTURE_TRAFFIC observed protocols TCP observed indicators traffic packet rate volume frequency average packet size traffic profile inter arrival time traffic timing TCP SYN connection attempts TCP SYN flag connection attempts,plan,RFC8520.txt; ETSI.EN.303.645.V3.1.3.pdf; RFC8576.txt,unsupported,The excerpts do not support capturing traffic to confirm attack characteristics or refine containment.,unsupported,The cited evidence does not recommend capturing traffic to confirm attack characteristics or compensate for missing identity validation.,remove,The independent checker found no useful support for the action.
NOTIFY_OPERATOR,3,False,EG-O-0179,ieee-access-0077,True,"['RFC8520-0031', 'ETSI.EN.303.645.V3.1.3-0035', 'RFC8576-0026']",original,DDoS,Human review is warranted because the alert is high confidence but device identity is unavailable and action is mitigation-intent only.,distributed denial of service flooding resource exhaustion availability filtering network traffic incident notification response escalation operator IoT predicted family DDoS proposed action NOTIFY_OPERATOR observed protocols TCP observed indicators traffic packet rate volume frequency average packet size traffic profile inter arrival time traffic timing TCP SYN connection attempts TCP SYN flag connection attempts,plan,RFC8520.txt; ETSI.EN.303.645.V3.1.3.pdf; RFC8576.txt,generally_supported,"Incident-response guidance generally supports notifying an operator for a high-confidence incident, but the device-identity/mitigation-intent rationale is not supported.",unsupported,"The excerpts do not address notifying operators, mitigation-intent-only situations, or unavailable device identity.",keep,General support is sufficient for this non-disruptive action.
CAPTURE_TRAFFIC,1,False,EG-O-0180,ieee-access-0078,True,"['RFC8576-0026', 'RFC8576-0067', 'RFC8576-0019']",original,DDoS,"Collect evidence for confirmation, attribution, and downstream analysis because the alert is flow-based and device identity is unvalidated.",distributed denial of service flooding resource exhaustion availability filtering network traffic collect network traffic evidence incident analysis monitoring IoT predicted family DDoS proposed action CAPTURE_TRAFFIC observed protocols UDP observed indicators traffic packet rate volume frequency average packet size traffic profile inter arrival time traffic timing,plan,RFC8576.txt; RFC8576.txt; RFC8576.txt,unsupported,"The evidence mentions privacy and routing attacks, not packet capture for attribution or downstream analysis.",unsupported,"The evidence discusses routing support, privacy, and routing attacks; it does not support packet capture for confirmation or attribution.",remove,The independent checker found no useful support for the action.
NOTIFY_OPERATOR,2,False,EG-O-0181,ieee-access-0078,True,"['RFC8576-0026', 'NIST.SP.800-61r3-0062', 'RFC8576-0041']",original,DDoS,Human review is appropriate for intent-only mitigation affecting availability and to decide whether broader containment is needed.,distributed denial of service flooding resource exhaustion availability filtering network traffic incident notification response escalation operator IoT predicted family DDoS proposed action NOTIFY_OPERATOR observed protocols UDP observed indicators traffic packet rate volume frequency average packet size traffic profile inter arrival time traffic timing,plan,RFC8576.txt; NIST.SP.800-61r3.pdf; RFC8576.txt,generally_supported,"The incident-response excerpts support reporting and coordination for a declared incident, which generally supports operator notification, but not the specific intent-only containment rationale.",generally_supported,"NIST SP 800-61r3 generally supports reporting/coordinating on incidents, which supports notifying an operator in broad terms, but not the specific reasoning about intent-only mitigation affecting availability.",keep,General support is sufficient for this non-disruptive action.
RATE_LIMIT,1,True,EG-O-0182,ieee-access-0079,True,"['RFC8576-0026', 'RFC8576-0044', 'RFC8576-0020']",original,DDoS,Reduce impact from the high-rate UDP flow while preserving some traffic for observation.,distributed denial of service flooding resource exhaustion availability filtering network traffic rate limiting traffic filtering denial of service resource exhaustion IoT predicted family DDoS proposed action RATE_LIMIT observed protocols UDP ARP observed indicators traffic packet rate volume frequency average packet size traffic profile inter arrival time traffic timing,plan,RFC8576.txt; RFC8576.txt; RFC8576.txt,generally_supported,"The DoS-resistance excerpts support limiting or delaying resource-exhausting traffic as a mitigation objective, but they do not explicitly endorse rate limiting.",generally_supported,"RFC 8576 supports the objective of mitigating DoS/resource exhaustion, but it does not explicitly endorse rate limiting a high-rate UDP flow as the response.",remove,General evidence is insufficient for a disruptive action without human approval.
CAPTURE_TRAFFIC,2,False,EG-O-0183,ieee-access-0079,True,"['RFC8576-0026', 'RFC8576-0067', 'RFC8576-0019']",original,DDoS,Collect evidence to confirm flooding characteristics and support downstream analysis.,distributed denial of service flooding resource exhaustion availability filtering network traffic collect network traffic evidence incident analysis monitoring IoT predicted family DDoS proposed action CAPTURE_TRAFFIC observed protocols UDP ARP observed indicators traffic packet rate volume frequency average packet size traffic profile inter arrival time traffic timing,plan,RFC8576.txt; RFC8576.txt; RFC8576.txt,unsupported,The excerpts do not support capturing traffic to confirm flooding characteristics.,unsupported,No cited excerpt supports capturing traffic to confirm flooding characteristics or for downstream analysis.,remove,The independent checker found no useful support for the action.
NOTIFY_OPERATOR,3,False,EG-O-0184,ieee-access-0079,True,"['RFC8576-0026', 'NIST.SP.800-61r3-0062', 'RFC8576-0041']",original,DDoS,Escalate a likely availability attack for human review since device identity is unvalidated.,distributed denial of service flooding resource exhaustion availability filtering network traffic incident notification response escalation operator IoT predicted family DDoS proposed action NOTIFY_OPERATOR observed protocols UDP ARP observed indicators traffic packet rate volume frequency average packet size traffic profile inter arrival time traffic timing,plan,RFC8576.txt; NIST.SP.800-61r3.pdf; RFC8576.txt,generally_supported,"NIST incident-response guidance generally supports notifying an operator about a likely availability incident, but not the device-identity rationale.",directly_supported,"NIST SP 800-61r3 explicitly says detection technologies should automatically report confirmed incidents, directly supporting operator notification for a likely availability attack.",keep,General support is sufficient for this non-disruptive action.
CAPTURE_TRAFFIC,1,False,EG-O-0185,ieee-access-0080,True,"['RFC8576-0026', 'RFC8576-0067', 'RFC8576-0019']",original,DDoS,Preserve packet evidence to confirm whether the observed flow is malicious or a false positive.,distributed denial of service flooding resource exhaustion availability filtering network traffic collect network traffic evidence incident analysis monitoring IoT predicted family DDoS proposed action CAPTURE_TRAFFIC observed protocols UDP observed indicators traffic packet rate volume frequency average packet size traffic profile inter arrival time traffic timing,plan,RFC8576.txt; RFC8576.txt; RFC8576.txt,unsupported,The cited evidence does not support preserving packet evidence or capturing traffic to validate a false positive.,unsupported,The excerpts do not recommend preserving packet evidence or capturing traffic to distinguish malicious from benign activity.,remove,The independent checker found no useful support for the action.
NOTIFY_OPERATOR,2,False,EG-O-0186,ieee-access-0080,True,"['RFC8576-0026', 'NIST.SP.800-61r3-0062', 'RFC8576-0041']",original,DDoS,Human review is appropriate because the alert is high confidence but device identity is not validated.,distributed denial of service flooding resource exhaustion availability filtering network traffic incident notification response escalation operator IoT predicted family DDoS proposed action NOTIFY_OPERATOR observed protocols UDP observed indicators traffic packet rate volume frequency average packet size traffic profile inter arrival time traffic timing,plan,RFC8576.txt; NIST.SP.800-61r3.pdf; RFC8576.txt,generally_supported,"The incident-response excerpts support automated reporting and coordinated response, which generally supports operator notification, but not the device-identity rationale.",directly_supported,"NIST SP 800-61r3 directly supports notifying/reporting confirmed incidents, which supports operator notification for a high-confidence suspected DDoS event.",keep,General support is sufficient for this non-disruptive action.
CAPTURE_TRAFFIC,1,False,EG-O-0187,ieee-access-0081,True,"['NIST.IR.8259A-0018', 'NIST.SP.800-213A-0129', 'RFC8520-0031']",original,Mirai,Collect additional evidence before a disruptive decision.,botnet compromised malware malicious code logically disable network interfaces restrict access authorized communication collect network traffic evidence incident analysis monitoring IoT predicted family Mirai proposed action CAPTURE_TRAFFIC observed protocols TCP UDP DNS ARP observed indicators traffic packet rate volume frequency average packet size traffic profile inter arrival time traffic timing TCP SYN connection attempts TCP SYN flag connection attempts,escalate,NIST.IR.8259A.pdf; NIST.SP.800-213A.pdf; RFC8520.txt,unsupported,"The excerpts discuss access control, anti-malware guidance, and dropping packets for TCP from-device traffic, but none explicitly support capturing traffic as an evidence-collection step before a disruptive decision.",unsupported,"The excerpts discuss restricting interfaces/access, malware protection education, and TCP direction-based filtering. None support capturing traffic or collecting packet evidence.",remove,The independent checker found no useful support for the action.
NOTIFY_OPERATOR,2,False,EG-O-0188,ieee-access-0081,True,"['NIST.IR.8259A-0018', 'NIST.SP.800-213A-0129', 'RFC8520-0031']",original,Mirai,Detector confidence is below the validated threshold.,botnet compromised malware malicious code logically disable network interfaces restrict access authorized communication incident notification response escalation operator IoT predicted family Mirai proposed action NOTIFY_OPERATOR observed protocols TCP UDP DNS ARP observed indicators traffic packet rate volume frequency average packet size traffic profile inter arrival time traffic timing TCP SYN connection attempts TCP SYN flag connection attempts,escalate,NIST.IR.8259A.pdf; NIST.SP.800-213A.pdf; RFC8520.txt,unsupported,"The evidence mentions anti-malware education and response options, but does not support notifying an operator because detector confidence is below a threshold.",generally_supported,"The SP 800-213A excerpt mentions recommended responses to malicious code identification, which generally supports taking some response action such as informing an operator, but it does not explicitly support operator notification or the rationale about low detector confidence.",remove,The independent checker found no useful support for the action.
CAPTURE_TRAFFIC,1,False,EG-O-0189,ieee-access-0082,True,"['NIST.IR.8259A-0018', 'NIST.SP.800-213A-0129', 'RFC8520-0031']",original,Mirai,Collect additional evidence before a disruptive decision.,botnet compromised malware malicious code logically disable network interfaces restrict access authorized communication collect network traffic evidence incident analysis monitoring IoT predicted family Mirai proposed action CAPTURE_TRAFFIC observed protocols TCP UDP ICMP HTTPS DNS ARP observed indicators traffic packet rate volume frequency average packet size traffic profile inter arrival time traffic timing TCP SYN connection attempts TCP SYN flag connection attempts,escalate,NIST.IR.8259A.pdf; NIST.SP.800-213A.pdf; RFC8520.txt,generally_supported,"The excerpts support collecting and retaining incident evidence, which is consistent with preserving traffic for analysis, but they do not explicitly endorse traffic capture as the specific action.",unsupported,"The cited text covers access restriction and malware protection guidance, not traffic capture or evidence collection.",keep,General support is sufficient for this non-disruptive action.
NOTIFY_OPERATOR,2,False,EG-O-0190,ieee-access-0082,True,"['NIST.IR.8259A-0018', 'NIST.SP.800-213A-0129', 'RFC8520-0031']",original,Mirai,Detector confidence is below the validated threshold.,botnet compromised malware malicious code logically disable network interfaces restrict access authorized communication incident notification response escalation operator IoT predicted family Mirai proposed action NOTIFY_OPERATOR observed protocols TCP UDP ICMP HTTPS DNS ARP observed indicators traffic packet rate volume frequency average packet size traffic profile inter arrival time traffic timing TCP SYN connection attempts TCP SYN flag connection attempts,escalate,NIST.IR.8259A.pdf; NIST.SP.800-213A.pdf; RFC8520.txt,unsupported,"The cited excerpts are about anti-malware education and interface access restrictions, not operator notification for low detector confidence.",generally_supported,"Guidance on recommended responses to malicious code identification generally supports human response actions, but none of the excerpts explicitly call for notifying an operator or review due to low confidence.",remove,The independent checker found no useful support for the action.
CAPTURE_TRAFFIC,1,False,EG-O-0191,ieee-access-0083,True,"['NIST.IR.8259A-0018', 'NIST.SP.800-213A-0129', 'RFC8520-0031']",original,Mirai,Collect additional evidence before a disruptive decision.,botnet compromised malware malicious code logically disable network interfaces restrict access authorized communication collect network traffic evidence incident analysis monitoring IoT predicted family Mirai proposed action CAPTURE_TRAFFIC observed protocols TCP UDP ICMP HTTP HTTPS ARP observed indicators traffic packet rate volume frequency average packet size traffic profile inter arrival time traffic timing TCP SYN connection attempts TCP SYN flag connection attempts,escalate,NIST.IR.8259A.pdf; NIST.SP.800-213A.pdf; RFC8520.txt,generally_supported,"The evidence supports collecting and retaining incident evidence, which aligns with packet capture, but it does not explicitly mention traffic capture.",unsupported,"The excerpts are about restricting interfaces and anti-malware guidance, not capturing traffic or preserving packet evidence.",keep,General support is sufficient for this non-disruptive action.
NOTIFY_OPERATOR,2,False,EG-O-0192,ieee-access-0083,True,"['NIST.IR.8259A-0018', 'NIST.SP.800-213A-0129', 'RFC8520-0031']",original,Mirai,Detector confidence is below the validated threshold.,botnet compromised malware malicious code logically disable network interfaces restrict access authorized communication incident notification response escalation operator IoT predicted family Mirai proposed action NOTIFY_OPERATOR observed protocols TCP UDP ICMP HTTP HTTPS ARP observed indicators traffic packet rate volume frequency average packet size traffic profile inter arrival time traffic timing TCP SYN connection attempts TCP SYN flag connection attempts,escalate,NIST.IR.8259A.pdf; NIST.SP.800-213A.pdf; RFC8520.txt,unsupported,"The excerpts provide general anti-malware and interface-control guidance, but nothing about notifying an operator due to low confidence.",generally_supported,"The anti-malware guidance references recommended responses to malicious code identification, which generally supports involving a human responder, but not specifically operator notification for low-confidence detection.",remove,The independent checker found no useful support for the action.
CAPTURE_TRAFFIC,1,False,EG-O-0193,ieee-access-0084,True,"['NIST.IR.8259A-0018', 'NIST.SP.800-213A-0129', 'NIST.SP.800-61r3-0067']",original,Mirai,Collect additional evidence before a disruptive decision.,botnet compromised malware malicious code logically disable network interfaces restrict access authorized communication collect network traffic evidence incident analysis monitoring IoT predicted family Mirai proposed action CAPTURE_TRAFFIC observed protocols TCP UDP HTTPS DNS ARP observed indicators traffic packet rate volume frequency average packet size traffic profile inter arrival time traffic timing TCP ACK responses TCP ACK flag responses,escalate,NIST.IR.8259A.pdf; NIST.SP.800-213A.pdf; NIST.SP.800-61r3.pdf,generally_supported,"The evidence supports collecting and retaining incident evidence, which is compatible with capture-traffic intent, but it does not explicitly justify that specific action.",directly_supported,"SP 800-61r3 explicitly says to collect and retain evidence from an incident. That directly supports capturing traffic as evidence, even if it does not specifically say 'packet capture'.",keep,General support is sufficient for this non-disruptive action.
NOTIFY_OPERATOR,2,False,EG-O-0194,ieee-access-0084,True,"['NIST.SP.800-213A-0129', 'NIST.IR.8259A-0018', 'NIST.SP.800-213A-0048']",original,Mirai,Detector confidence is below the validated threshold.,botnet compromised malware malicious code logically disable network interfaces restrict access authorized communication incident notification response escalation operator IoT predicted family Mirai proposed action NOTIFY_OPERATOR observed protocols TCP UDP HTTPS DNS ARP observed indicators traffic packet rate volume frequency average packet size traffic profile inter arrival time traffic timing TCP ACK responses TCP ACK flag responses,escalate,NIST.SP.800-213A.pdf; NIST.IR.8259A.pdf; NIST.SP.800-213A.pdf,unsupported,"The cited material discusses device access-control capabilities and anti-malware education, not notifying an operator for low-confidence detection.",unsupported,"The excerpts address anti-malware response options and interface/access restriction, but do not support notifying an operator as the recommended action.",remove,The independent checker found no useful support for the action.
CAPTURE_TRAFFIC,1,False,EG-O-0195,ieee-access-0085,True,"['NIST.IR.8259A-0018', 'NIST.SP.800-213A-0129', 'NIST.SP.800-61r3-0067']",original,Mirai,Collect additional evidence before a disruptive decision.,botnet compromised malware malicious code logically disable network interfaces restrict access authorized communication collect network traffic evidence incident analysis monitoring IoT predicted family Mirai proposed action CAPTURE_TRAFFIC observed protocols TCP UDP ICMP HTTPS ARP observed indicators traffic packet rate volume frequency average packet size traffic profile inter arrival time traffic timing TCP ACK responses TCP ACK flag responses,escalate,NIST.IR.8259A.pdf; NIST.SP.800-213A.pdf; NIST.SP.800-61r3.pdf,generally_supported,"The incident-response excerpt supports collecting and retaining evidence, which broadly supports traffic capture, but the specific action is not explicit.",directly_supported,"SP 800-61r3 explicitly supports collecting and retaining incident evidence, which directly supports capturing traffic to preserve evidence.",keep,General support is sufficient for this non-disruptive action.
NOTIFY_OPERATOR,2,False,EG-O-0196,ieee-access-0085,True,"['NIST.SP.800-213A-0129', 'NIST.IR.8259A-0018', 'NIST.SP.800-213A-0048']",original,Mirai,Detector confidence is below the validated threshold.,botnet compromised malware malicious code logically disable network interfaces restrict access authorized communication incident notification response escalation operator IoT predicted family Mirai proposed action NOTIFY_OPERATOR observed protocols TCP UDP ICMP HTTPS ARP observed indicators traffic packet rate volume frequency average packet size traffic profile inter arrival time traffic timing TCP ACK responses TCP ACK flag responses,escalate,NIST.SP.800-213A.pdf; NIST.IR.8259A.pdf; NIST.SP.800-213A.pdf,unsupported,"The excerpts concern anti-malware guidance and device interface restrictions, which do not support notifying an operator for low confidence.",unsupported,"None of the excerpts explicitly or concretely support notifying an operator; they discuss access restrictions and response options, not incident notification.",remove,The independent checker found no useful support for the action.
CAPTURE_TRAFFIC,1,False,EG-O-0197,ieee-access-0086,True,"['NIST.IR.8259A-0018', 'NIST.SP.800-213A-0129', 'RFC8520-0031']",original,Mirai,Preserve packet evidence for validation and scope assessment without assuming a device identity.,botnet compromised malware malicious code logically disable network interfaces restrict access authorized communication collect network traffic evidence incident analysis monitoring IoT predicted family Mirai proposed action CAPTURE_TRAFFIC observed protocols TCP UDP HTTPS observed indicators traffic packet rate volume frequency average packet size traffic profile inter arrival time traffic timing TCP SYN connection attempts TCP SYN flag connection attempts,plan,NIST.IR.8259A.pdf; NIST.SP.800-213A.pdf; RFC8520.txt,generally_supported,"The evidence supports collecting and retaining incident evidence, but not the concrete action of preserving packet traffic for validation and scope assessment.",unsupported,"The evidence cited here does not include any excerpt about evidence collection; the remaining excerpts concern access restriction, malware protection education, and TCP filtering, not traffic capture.",keep,General support is sufficient for this non-disruptive action.
INCREASE_LOGGING,2,False,EG-O-0198,ieee-access-0086,True,"['NIST.IR.8259A-0018', 'NIST.SP.800-213A-0129', 'RFC8520-0031']",original,Mirai,Collect additional telemetry to confirm behavior and support incident triage.,botnet compromised malware malicious code logically disable network interfaces restrict access authorized communication increase security event logging monitoring incident analysis IoT predicted family Mirai proposed action INCREASE_LOGGING observed protocols TCP UDP HTTPS observed indicators traffic packet rate volume frequency average packet size traffic profile inter arrival time traffic timing TCP SYN connection attempts TCP SYN flag connection attempts,plan,NIST.IR.8259A.pdf; NIST.SP.800-213A.pdf; RFC8520.txt,unsupported,"The cited documents address access control, malicious-code education, and incident evidence retention, but do not support increasing logging.",unsupported,"The excerpts do not address increasing logging or collecting additional telemetry; they focus on access restriction, anti-malware education, and TCP filtering.",remove,The independent checker found no useful support for the action.
NOTIFY_OPERATOR,3,False,EG-O-0199,ieee-access-0086,True,"['NIST.IR.8259A-0018', 'NIST.SP.800-213A-0129', 'RFC8520-0031']",original,Mirai,Human review is warranted because the alert is high confidence but lacks a validated device identifier.,botnet compromised malware malicious code logically disable network interfaces restrict access authorized communication incident notification response escalation operator IoT predicted family Mirai proposed action NOTIFY_OPERATOR observed protocols TCP UDP HTTPS observed indicators traffic packet rate volume frequency average packet size traffic profile inter arrival time traffic timing TCP SYN connection attempts TCP SYN flag connection attempts,plan,NIST.IR.8259A.pdf; NIST.SP.800-213A.pdf; RFC8520.txt,unsupported,"The excerpts do not mention human review, device identification, or operator notification; they only provide generic access-control and response guidance.",generally_supported,"The anti-malware excerpt mentions recommended responses to malicious code identification, which generally supports some human-handled response such as notifying an operator, but not specifically operator notification due to missing device identity.",remove,The independent checker found no useful support for the action.
RESTRICT_EGRESS,1,True,EG-O-0200,ieee-access-0087,True,"['NIST.IR.8259A-0018', 'NIST.SP.800-213A-0129', 'NIST.SP.800-213A-0048']",original,Mirai,"Limit outbound reachability to contain potential bot activity and reduce command, scan, or propagation capability.",botnet compromised malware malicious code logically disable network interfaces restrict access authorized communication restrict outbound communication approved destinations network access policy MUD IoT predicted family Mirai proposed action RESTRICT_EGRESS observed protocols unspecified observed indicators traffic packet rate volume frequency average packet size traffic profile inter arrival time traffic timing,plan,NIST.IR.8259A.pdf; NIST.SP.800-213A.pdf; NIST.SP.800-213A.pdf,generally_supported,"The excerpts support disabling or restricting local/network interfaces and preventing external access, which is consistent with limiting outbound communication, but they do not explicitly recommend egress restriction.",generally_supported,"The NIST excerpts explicitly support restricting logical access to network interfaces and restricting use of device services. That generally supports limiting outbound communications, though not specifically an egress-restriction containment action.",remove,General evidence is insufficient for a disruptive action without human approval.
CAPTURE_TRAFFIC,2,False,EG-O-0201,ieee-access-0087,True,"['NIST.IR.8259A-0018', 'NIST.SP.800-213A-0129', 'NIST.SP.800-61r3-0067']",original,Mirai,"Collect evidence to confirm behavior, support triage, and identify any associated destinations or lateral patterns.",botnet compromised malware malicious code logically disable network interfaces restrict access authorized communication collect network traffic evidence incident analysis monitoring IoT predicted family Mirai proposed action CAPTURE_TRAFFIC observed protocols unspecified observed indicators traffic packet rate volume frequency average packet size traffic profile inter arrival time traffic timing,plan,NIST.IR.8259A.pdf; NIST.SP.800-213A.pdf; NIST.SP.800-61r3.pdf,generally_supported,"The evidence supports collecting and retaining incident evidence, which is compatible with traffic capture, but the excerpts do not explicitly direct packet capture.",directly_supported,"SP 800-61r3 explicitly supports collecting and retaining incident evidence, which directly supports traffic capture for confirmation and triage.",keep,General support is sufficient for this non-disruptive action.
NOTIFY_OPERATOR,3,False,EG-O-0202,ieee-access-0087,True,"['NIST.IR.8259A-0018', 'NIST.SP.800-213A-0129', 'NIST.SP.800-61r3-0068']",original,Mirai,High-confidence malicious classification with no validated device identity requires human review and coordinated containment.,botnet compromised malware malicious code logically disable network interfaces restrict access authorized communication incident notification response escalation operator IoT predicted family Mirai proposed action NOTIFY_OPERATOR observed protocols unspecified observed indicators traffic packet rate volume frequency average packet size traffic profile inter arrival time traffic timing,plan,NIST.IR.8259A.pdf; NIST.SP.800-213A.pdf; NIST.SP.800-61r3.pdf,unsupported,"The cited excerpts discuss access control and incident notification in general, but not notifying an operator because of high-confidence malicious classification and missing device identity.",directly_supported,"SP 800-61r3 RS.CO explicitly addresses incident reporting/communication and incident notification, which directly supports notifying an operator for coordinated response.",remove,The independent checker found no useful support for the action.
RESTRICT_EGRESS,1,True,EG-O-0203,ieee-access-0088,True,"['NIST.IR.8259A-0018', 'NIST.SP.800-213A-0129', 'NIST.SP.800-213A-0048']",original,Mirai,Reduce the chance of command-and-control or propagation traffic while preserving local evidence.,botnet compromised malware malicious code logically disable network interfaces restrict access authorized communication restrict outbound communication approved destinations network access policy MUD IoT predicted family Mirai proposed action RESTRICT_EGRESS observed protocols UDP DNS observed indicators traffic packet rate volume frequency average packet size traffic profile inter arrival time traffic timing,plan,NIST.IR.8259A.pdf; NIST.SP.800-213A.pdf; NIST.SP.800-213A.pdf,generally_supported,"The evidence supports restricting interfaces and preventing external access, which aligns with outbound containment, but it does not explicitly justify egress restriction.",generally_supported,"The cited NIST excerpts support restricting logical access to interfaces and device services, which generally supports restricting egress, though they do not explicitly specify outbound containment while preserving evidence.",remove,General evidence is insufficient for a disruptive action without human approval.
CAPTURE_TRAFFIC,2,False,EG-O-0204,ieee-access-0088,True,"['NIST.IR.8259A-0018', 'NIST.SP.800-213A-0129', 'NIST.SP.800-61r3-0067']",original,Mirai,Collect packet evidence to confirm behavior and support incident triage without assuming a specific device.,botnet compromised malware malicious code logically disable network interfaces restrict access authorized communication collect network traffic evidence incident analysis monitoring IoT predicted family Mirai proposed action CAPTURE_TRAFFIC observed protocols UDP DNS observed indicators traffic packet rate volume frequency average packet size traffic profile inter arrival time traffic timing,plan,NIST.IR.8259A.pdf; NIST.SP.800-213A.pdf; NIST.SP.800-61r3.pdf,generally_supported,"The evidence supports collecting and retaining incident evidence, but it does not explicitly state that packet capture should be performed.",directly_supported,"SP 800-61r3 explicitly calls for collecting and retaining evidence from an incident, directly supporting packet/traffic capture for confirmation and triage.",keep,General support is sufficient for this non-disruptive action.
NOTIFY_OPERATOR,3,False,EG-O-0205,ieee-access-0088,True,"['NIST.IR.8259A-0018', 'NIST.SP.800-213A-0129', 'NIST.SP.800-61r3-0068']",original,Mirai,Human review is needed because mitigation is intent-only and device identity is not established.,botnet compromised malware malicious code logically disable network interfaces restrict access authorized communication incident notification response escalation operator IoT predicted family Mirai proposed action NOTIFY_OPERATOR observed protocols UDP DNS observed indicators traffic packet rate volume frequency average packet size traffic profile inter arrival time traffic timing,plan,NIST.IR.8259A.pdf; NIST.SP.800-213A.pdf; NIST.SP.800-61r3.pdf,unsupported,"The excerpts mention malicious-code response education and incident reporting in general, but they do not support notifying an operator for intent-only mitigation.",directly_supported,"SP 800-61r3 RS.CO explicitly supports incident reporting, coordination, and notification, which directly supports notifying an operator.",remove,The independent checker found no useful support for the action.
RATE_LIMIT,1,True,EG-O-0206,ieee-access-0089,True,"['NIST.IR.8259A-0018', 'NIST.SP.800-213A-0129', 'RFC8576-0026']",original,Mirai,"The profile shows unusually high UDP rate with no corresponding session-control signals, so limiting throughput can reduce impact while preserving observability.",botnet compromised malware malicious code logically disable network interfaces restrict access authorized communication rate limiting traffic filtering denial of service resource exhaustion IoT predicted family Mirai proposed action RATE_LIMIT observed protocols UDP observed indicators traffic packet rate volume frequency average packet size traffic profile inter arrival time traffic timing,plan,NIST.IR.8259A.pdf; NIST.SP.800-213A.pdf; RFC8576.txt,unsupported,"RFC8576 discusses routing in constrained networks, not throughput rate limiting, so it does not support the recommended action.",unsupported,The excerpts do not mention rate limiting or throughput reduction. Access restriction and routing descriptions do not justify the specific action of rate limiting.,remove,The independent checker found no useful support for the action.
CAPTURE_TRAFFIC,2,False,EG-O-0207,ieee-access-0089,True,"['NIST.IR.8259A-0018', 'NIST.SP.800-213A-0129', 'NIST.SP.800-61r3-0067']",original,Mirai,"Traffic capture can confirm whether the flow is consistent with Mirai-like scanning, flooding, or command-and-control behavior before stronger containment.",botnet compromised malware malicious code logically disable network interfaces restrict access authorized communication collect network traffic evidence incident analysis monitoring IoT predicted family Mirai proposed action CAPTURE_TRAFFIC observed protocols UDP observed indicators traffic packet rate volume frequency average packet size traffic profile inter arrival time traffic timing,plan,NIST.IR.8259A.pdf; NIST.SP.800-213A.pdf; NIST.SP.800-61r3.pdf,generally_supported,"The excerpts support collecting and retaining incident evidence, which broadly fits traffic capture before stronger containment, but do not explicitly prescribe it.",directly_supported,"SP 800-61r3 explicitly supports collecting and retaining evidence from incidents, directly supporting traffic capture before stronger containment.",keep,General support is sufficient for this non-disruptive action.
NOTIFY_OPERATOR,3,False,EG-O-0208,ieee-access-0089,True,"['NIST.IR.8259A-0018', 'NIST.SP.800-213A-0129', 'NIST.SP.800-61r3-0068']",original,Mirai,"Human review is warranted because the alert is high confidence but lacks a validated device identifier, so operator confirmation is needed for any device-specific response.",botnet compromised malware malicious code logically disable network interfaces restrict access authorized communication incident notification response escalation operator IoT predicted family Mirai proposed action NOTIFY_OPERATOR observed protocols UDP observed indicators traffic packet rate volume frequency average packet size traffic profile inter arrival time traffic timing,plan,NIST.IR.8259A.pdf; NIST.SP.800-213A.pdf; NIST.SP.800-61r3.pdf,unsupported,"The cited material includes general response coordination/notification concepts, but not operator notification for a high-confidence alert lacking a validated device identifier.",directly_supported,"SP 800-61r3 RS.CO explicitly supports incident reporting/communication and notification, which directly supports notifying an operator for review and coordination.",remove,The independent checker found no useful support for the action.
CAPTURE_TRAFFIC,1,False,EG-O-0209,ieee-access-0090,True,"['NIST.IR.8259A-0018', 'NIST.SP.800-213A-0129', 'NIST.SP.800-61r3-0067']",original,Mirai,"Preserve packet evidence to confirm whether the traffic is scanning, flooding, or control-channel activity.",botnet compromised malware malicious code logically disable network interfaces restrict access authorized communication collect network traffic evidence incident analysis monitoring IoT predicted family Mirai proposed action CAPTURE_TRAFFIC observed protocols unspecified observed indicators traffic packet rate volume frequency average packet size traffic profile inter arrival time traffic timing,plan,NIST.IR.8259A.pdf; NIST.SP.800-213A.pdf; NIST.SP.800-61r3.pdf,generally_supported,"The evidence supports retaining incident evidence, which is compatible with capturing traffic, but it does not explicitly endorse that action.",directly_supported,"SP 800-61r3 explicitly supports collecting and retaining incident evidence, which directly supports capturing traffic as packet evidence.",keep,General support is sufficient for this non-disruptive action.
RESTRICT_EGRESS,2,True,EG-O-0210,ieee-access-0090,True,"['NIST.IR.8259A-0018', 'NIST.SP.800-213A-0129', 'NIST.SP.800-213A-0048']",original,Mirai,Limit outbound propagation and command-and-control style communications while preserving core gateway monitoring.,botnet compromised malware malicious code logically disable network interfaces restrict access authorized communication restrict outbound communication approved destinations network access policy MUD IoT predicted family Mirai proposed action RESTRICT_EGRESS observed protocols unspecified observed indicators traffic packet rate volume frequency average packet size traffic profile inter arrival time traffic timing,plan,NIST.IR.8259A.pdf; NIST.SP.800-213A.pdf; NIST.SP.800-213A.pdf,generally_supported,"The excerpts support disabling or restricting interfaces and preventing external access, which is directionally consistent with egress restriction, but not a direct recommendation.",generally_supported,"The NIST excerpts support restricting access to interfaces and controlling logical interfaces/services, which generally supports restricting outbound traffic, though not specifically an egress-control containment measure.",remove,General evidence is insufficient for a disruptive action without human approval.
NOTIFY_OPERATOR,3,False,EG-O-0211,ieee-access-0090,True,"['NIST.IR.8259A-0018', 'NIST.SP.800-213A-0129', 'NIST.SP.800-61r3-0068']",original,Mirai,Human review is needed before stronger containment because the alert is flow-profile based only.,botnet compromised malware malicious code logically disable network interfaces restrict access authorized communication incident notification response escalation operator IoT predicted family Mirai proposed action NOTIFY_OPERATOR observed protocols unspecified observed indicators traffic packet rate volume frequency average packet size traffic profile inter arrival time traffic timing,plan,NIST.IR.8259A.pdf; NIST.SP.800-213A.pdf; NIST.SP.800-61r3.pdf,unsupported,The citations are general access-control and incident-communication guidance and do not support notifying the operator before stronger containment.,directly_supported,"SP 800-61r3 RS.CO explicitly supports incident communication and notification among stakeholders, directly supporting notifying an operator before stronger containment.",remove,The independent checker found no useful support for the action.
RATE_LIMIT,1,True,EG-O-0212,ieee-access-0091,True,"['NIST.IR.8259A-0018', 'NIST.SP.800-213A-0129', 'RFC8576-0026']",original,Mirai,Reduce bursty UDP activity associated with the alert while limiting broader service impact.,botnet compromised malware malicious code logically disable network interfaces restrict access authorized communication rate limiting traffic filtering denial of service resource exhaustion IoT predicted family Mirai proposed action RATE_LIMIT observed protocols UDP observed indicators traffic packet rate volume frequency average packet size traffic profile inter arrival time traffic timing,plan,NIST.IR.8259A.pdf; NIST.SP.800-213A.pdf; RFC8576.txt,unsupported,"RFC8576 describes routing support in low-power networks, not rate limiting bursty UDP activity.",unsupported,"No excerpt supports rate limiting specifically. The cited texts discuss access restriction, malware handling education, and routing, not limiting traffic rates.",remove,The independent checker found no useful support for the action.
RESTRICT_EGRESS,2,True,EG-O-0213,ieee-access-0091,True,"['NIST.IR.8259A-0018', 'NIST.SP.800-213A-0129', 'NIST.SP.800-213A-0048']",original,Mirai,"Constrain outbound reach to curb possible Mirai-style scanning, propagation, or command-and-control traffic.",botnet compromised malware malicious code logically disable network interfaces restrict access authorized communication restrict outbound communication approved destinations network access policy MUD IoT predicted family Mirai proposed action RESTRICT_EGRESS observed protocols UDP observed indicators traffic packet rate volume frequency average packet size traffic profile inter arrival time traffic timing,plan,NIST.IR.8259A.pdf; NIST.SP.800-213A.pdf; NIST.SP.800-213A.pdf,generally_supported,"The excerpts support restricting or disabling interfaces and preventing external access, which is consistent with constraining outbound reach, but they do not explicitly recommend egress restriction.",generally_supported,"The excerpts on restricting logical/network interface access and use of services generally support constraining outbound reachability, but do not explicitly prescribe egress restriction.",remove,General evidence is insufficient for a disruptive action without human approval.
INCREASE_LOGGING,3,False,EG-O-0214,ieee-access-0091,True,"['NIST.IR.8259A-0018', 'NIST.SP.800-213A-0129', 'NIST.SP.800-213A-0048']",original,Mirai,Collect additional evidence because device identity is not validated and mitigation is intent-only.,botnet compromised malware malicious code logically disable network interfaces restrict access authorized communication increase security event logging monitoring incident analysis IoT predicted family Mirai proposed action INCREASE_LOGGING observed protocols UDP observed indicators traffic packet rate volume frequency average packet size traffic profile inter arrival time traffic timing,plan,NIST.IR.8259A.pdf; NIST.SP.800-213A.pdf; NIST.SP.800-213A.pdf,unsupported,"The cited excerpts discuss access control and interface restrictions, not increasing logging for uncertainty or identity validation.",unsupported,None of the excerpts discuss increasing logging or telemetry. Access-control capabilities and anti-malware response options do not justify the specific logging action.,remove,The independent checker found no useful support for the action.
BLOCK_TRAFFIC_PROFILE,1,True,EG-O-0215,ieee-access-0092,True,"['NIST.SP.800-213A-0129', 'NIST.IR.8259A-0018', 'NIST.SP.800-213A-0048']",original,Mirai,Contain the suspicious UDP-heavy flow profile associated with the alert while avoiding device-specific assumptions.,botnet compromised malware malicious code logically disable network interfaces restrict access authorized communication block filter validated malicious network traffic profile access control IoT predicted family Mirai proposed action BLOCK_TRAFFIC_PROFILE observed protocols TCP UDP observed indicators traffic packet rate volume frequency average packet size traffic profile inter arrival time traffic timing TCP ACK responses TCP ACK flag responses,plan,NIST.SP.800-213A.pdf; NIST.IR.8259A.pdf; NIST.SP.800-213A.pdf,unsupported,The excerpts do not mention blocking traffic profiles or any profile-based containment action.,generally_supported,"The NIST excerpts support restricting network interfaces, services, and enforcing access requirements, which generally supports blocking suspicious traffic profiles, though not explicitly profile-based blocking.",remove,The independent checker found no useful support for the action.
CAPTURE_TRAFFIC,2,False,EG-O-0216,ieee-access-0092,True,"['NIST.IR.8259A-0018', 'NIST.SP.800-213A-0129', 'NIST.SP.800-61r3-0067']",original,Mirai,Preserve packet-level evidence to confirm attack characteristics and support follow-up analysis.,botnet compromised malware malicious code logically disable network interfaces restrict access authorized communication collect network traffic evidence incident analysis monitoring IoT predicted family Mirai proposed action CAPTURE_TRAFFIC observed protocols TCP UDP observed indicators traffic packet rate volume frequency average packet size traffic profile inter arrival time traffic timing TCP ACK responses TCP ACK flag responses,plan,NIST.IR.8259A.pdf; NIST.SP.800-213A.pdf; NIST.SP.800-61r3.pdf,generally_supported,"The evidence supports collecting and retaining incident evidence, which is broadly compatible with packet capture, but it does not explicitly say to capture traffic.",directly_supported,"SP 800-61r3 explicitly supports collecting and retaining incident evidence, directly supporting capture of packet-level traffic evidence.",keep,General support is sufficient for this non-disruptive action.
NOTIFY_OPERATOR,3,False,EG-O-0217,ieee-access-0092,True,"['NIST.SP.800-213A-0129', 'NIST.IR.8259A-0018', 'NIST.SP.800-213A-0048']",original,Mirai,Human review is appropriate because the alert is high-confidence but lacks a validated device identifier and remains mitigation intent only.,botnet compromised malware malicious code logically disable network interfaces restrict access authorized communication incident notification response escalation operator IoT predicted family Mirai proposed action NOTIFY_OPERATOR observed protocols TCP UDP observed indicators traffic packet rate volume frequency average packet size traffic profile inter arrival time traffic timing TCP ACK responses TCP ACK flag responses,plan,NIST.SP.800-213A.pdf; NIST.IR.8259A.pdf; NIST.SP.800-213A.pdf,unsupported,"The excerpts provide anti-malware education and interface controls, but nothing about notifying an operator due to missing device identity.",generally_supported,"The anti-malware excerpt mentions recommended responses to malicious code identification, which generally supports human response such as notifying an operator, but not explicitly operator notification.",remove,The independent checker found no useful support for the action.
RESTRICT_EGRESS,1,True,EG-O-0218,ieee-access-0093,True,"['NIST.IR.8259A-0018', 'NIST.SP.800-213A-0129', 'RFC8520-0031']",original,Mirai,Limit potential botnet propagation and command-and-control communication while preserving essential traffic.,botnet compromised malware malicious code logically disable network interfaces restrict access authorized communication restrict outbound communication approved destinations network access policy MUD IoT predicted family Mirai proposed action RESTRICT_EGRESS observed protocols TCP UDP HTTPS ARP observed indicators traffic packet rate volume frequency average packet size traffic profile inter arrival time traffic timing TCP SYN connection attempts TCP SYN flag connection attempts,plan,NIST.IR.8259A.pdf; NIST.SP.800-213A.pdf; RFC8520.txt,generally_supported,"The evidence supports restricting interfaces and preventing external access, which broadly aligns with egress restriction, but not as an explicit recommended action.",generally_supported,"NIST IR 8259A and RFC 8520 support restricting access to network interfaces and dropping certain inbound packets based on connection direction. This generally supports limiting communications, including egress-oriented containment, but not explicitly the precise egress restriction action.",remove,General evidence is insufficient for a disruptive action without human approval.
CAPTURE_TRAFFIC,2,False,EG-O-0219,ieee-access-0093,True,"['NIST.IR.8259A-0018', 'NIST.SP.800-213A-0129', 'RFC8520-0031']",original,Mirai,Collect packet evidence to confirm malicious behavior and support operator triage.,botnet compromised malware malicious code logically disable network interfaces restrict access authorized communication collect network traffic evidence incident analysis monitoring IoT predicted family Mirai proposed action CAPTURE_TRAFFIC observed protocols TCP UDP HTTPS ARP observed indicators traffic packet rate volume frequency average packet size traffic profile inter arrival time traffic timing TCP SYN connection attempts TCP SYN flag connection attempts,plan,NIST.IR.8259A.pdf; NIST.SP.800-213A.pdf; RFC8520.txt,generally_supported,"The incident-response excerpt supports collecting and retaining evidence, which is consistent with traffic capture, but it does not explicitly recommend it.",unsupported,"The cited excerpts do not include evidence-collection language here; they discuss access restriction, anti-malware guidance, and TCP filtering, not traffic capture.",keep,General support is sufficient for this non-disruptive action.
NOTIFY_OPERATOR,3,False,EG-O-0220,ieee-access-0093,True,"['NIST.IR.8259A-0018', 'NIST.SP.800-213A-0129', 'RFC8520-0031']",original,Mirai,Human review is needed because the alert lacks a validated device identity and containment may affect legitimate traffic.,botnet compromised malware malicious code logically disable network interfaces restrict access authorized communication incident notification response escalation operator IoT predicted family Mirai proposed action NOTIFY_OPERATOR observed protocols TCP UDP HTTPS ARP observed indicators traffic packet rate volume frequency average packet size traffic profile inter arrival time traffic timing TCP SYN connection attempts TCP SYN flag connection attempts,plan,NIST.IR.8259A.pdf; NIST.SP.800-213A.pdf; RFC8520.txt,unsupported,The excerpts do not support notifying an operator because of missing device identity or concern about collateral impact; they are generic guidance only.,generally_supported,"The anti-malware guidance discusses response options to malicious code identification, which generally supports operator involvement, but none of the excerpts explicitly support notifying an operator for identity uncertainty or collateral-impact concerns.",remove,The independent checker found no useful support for the action.
RESTRICT_EGRESS,1,True,EG-O-0221,ieee-access-0094,True,"['NIST.IR.8259A-0018', 'NIST.SP.800-213A-0129', 'NIST.SP.800-213A-0048']",original,Mirai,"Limits possible command-and-control, scanning, or flood traffic while preserving broader gateway operation.",botnet compromised malware malicious code logically disable network interfaces restrict access authorized communication restrict outbound communication approved destinations network access policy MUD IoT predicted family Mirai proposed action RESTRICT_EGRESS observed protocols UDP observed indicators traffic packet rate volume frequency average packet size traffic profile inter arrival time traffic timing,plan,NIST.IR.8259A.pdf; NIST.SP.800-213A.pdf; NIST.SP.800-213A.pdf,generally_supported,"The evidence supports disabling or restricting interfaces and preventing external access, which is directionally consistent with egress control, but not explicit.",generally_supported,"The excerpts support restricting interfaces, services, and access requirements, which generally supports restricting egress, though not explicitly this exact containment action.",remove,General evidence is insufficient for a disruptive action without human approval.
CAPTURE_TRAFFIC,2,False,EG-O-0222,ieee-access-0094,True,"['NIST.IR.8259A-0018', 'NIST.SP.800-213A-0129', 'NIST.SP.800-61r3-0067']",original,Mirai,Collects evidence to validate whether the traffic is botnet-related and to support incident triage.,botnet compromised malware malicious code logically disable network interfaces restrict access authorized communication collect network traffic evidence incident analysis monitoring IoT predicted family Mirai proposed action CAPTURE_TRAFFIC observed protocols UDP observed indicators traffic packet rate volume frequency average packet size traffic profile inter arrival time traffic timing,plan,NIST.IR.8259A.pdf; NIST.SP.800-213A.pdf; NIST.SP.800-61r3.pdf,generally_supported,"The evidence supports collecting and retaining incident evidence, which aligns with capturing traffic for triage, but it does not explicitly state that action.",directly_supported,"SP 800-61r3 explicitly calls for collecting and retaining evidence from an incident, directly supporting traffic capture for validation and triage.",keep,General support is sufficient for this non-disruptive action.
NOTIFY_OPERATOR,3,False,EG-O-0223,ieee-access-0094,True,"['NIST.IR.8259A-0018', 'NIST.SP.800-213A-0129', 'NIST.SP.800-61r3-0068']",original,Mirai,Human oversight is needed because the alert is high confidence but device attribution is unavailable.,botnet compromised malware malicious code logically disable network interfaces restrict access authorized communication incident notification response escalation operator IoT predicted family Mirai proposed action NOTIFY_OPERATOR observed protocols UDP observed indicators traffic packet rate volume frequency average packet size traffic profile inter arrival time traffic timing,plan,NIST.IR.8259A.pdf; NIST.SP.800-213A.pdf; NIST.SP.800-61r3.pdf,unsupported,The citations do not support operator notification for high confidence with unavailable device attribution; they only give general access-control and communication guidance.,directly_supported,"SP 800-61r3 RS.CO explicitly addresses incident reporting, coordination, and notification, directly supporting notifying an operator.",remove,The independent checker found no useful support for the action.
RESTRICT_EGRESS,1,True,EG-O-0224,ieee-access-0095,True,"['NIST.IR.8259A-0018', 'NIST.SP.800-213A-0129', 'NIST.SP.800-213A-0048']",original,Mirai,Reduce outbound reachability for a likely bot-like flow while limiting collateral impact.,botnet compromised malware malicious code logically disable network interfaces restrict access authorized communication restrict outbound communication approved destinations network access policy MUD IoT predicted family Mirai proposed action RESTRICT_EGRESS observed protocols UDP DNS observed indicators traffic packet rate volume frequency average packet size traffic profile inter arrival time traffic timing,plan,NIST.IR.8259A.pdf; NIST.SP.800-213A.pdf; NIST.SP.800-213A.pdf,generally_supported,"The excerpts support restricting interfaces and preventing external access, which is compatible with outbound containment, but they do not directly justify egress restriction.",generally_supported,"The NIST excerpts support restricting logical/network interface access and use of services, which generally supports reducing outbound reachability, though not specifically the egress-restriction action described.",remove,General evidence is insufficient for a disruptive action without human approval.
CAPTURE_TRAFFIC,2,False,EG-O-0225,ieee-access-0095,True,"['NIST.IR.8259A-0018', 'NIST.SP.800-213A-0129', 'NIST.SP.800-61r3-0067']",original,Mirai,Collect packet evidence to confirm scan/bot behavior and support follow-up analysis.,botnet compromised malware malicious code logically disable network interfaces restrict access authorized communication collect network traffic evidence incident analysis monitoring IoT predicted family Mirai proposed action CAPTURE_TRAFFIC observed protocols UDP DNS observed indicators traffic packet rate volume frequency average packet size traffic profile inter arrival time traffic timing,plan,NIST.IR.8259A.pdf; NIST.SP.800-213A.pdf; NIST.SP.800-61r3.pdf,generally_supported,"The evidence supports collecting and retaining incident evidence, which is broadly consistent with traffic capture, but the specific packet-capture action is not explicit.",directly_supported,"SP 800-61r3 explicitly supports collecting and retaining incident evidence, directly supporting capture of traffic for analysis.",keep,General support is sufficient for this non-disruptive action.
NOTIFY_OPERATOR,3,False,EG-O-0226,ieee-access-0095,True,"['NIST.IR.8259A-0018', 'NIST.SP.800-213A-0129', 'NIST.SP.800-61r3-0068']",original,Mirai,Escalate promptly because containment is recommended and device identity is not validated.,botnet compromised malware malicious code logically disable network interfaces restrict access authorized communication incident notification response escalation operator IoT predicted family Mirai proposed action NOTIFY_OPERATOR observed protocols UDP DNS observed indicators traffic packet rate volume frequency average packet size traffic profile inter arrival time traffic timing,plan,NIST.IR.8259A.pdf; NIST.SP.800-213A.pdf; NIST.SP.800-61r3.pdf,unsupported,"The cited excerpts discuss access controls, anti-malware education, and incident communication, but do not support escalating to notify an operator as recommended.",directly_supported,"SP 800-61r3 RS.CO explicitly supports incident notification and coordination among stakeholders, directly supporting notifying an operator.",remove,The independent checker found no useful support for the action.
CAPTURE_TRAFFIC,1,False,EG-O-0227,ieee-access-0096,True,"['RFC8520-0031', 'ETSI.EN.303.645.V3.1.3-0035', 'RFC8576-0026']",original,DoS,Collect additional evidence before a disruptive decision.,denial of service resource exhaustion availability traffic filtering collect network traffic evidence incident analysis monitoring IoT predicted family DoS proposed action CAPTURE_TRAFFIC observed protocols TCP UDP HTTPS ARP observed indicators traffic packet rate volume frequency average packet size traffic profile inter arrival time traffic timing TCP SYN connection attempts TCP SYN flag connection attempts,escalate,RFC8520.txt; ETSI.EN.303.645.V3.1.3.pdf; RFC8576.txt,unsupported,The excerpts do not support traffic capture; they discuss authentication attempt limits and DoS resistance more generally.,unsupported,The evidence does not discuss traffic capture or evidence preservation.,remove,The independent checker found no useful support for the action.
NOTIFY_OPERATOR,2,False,EG-O-0228,ieee-access-0096,True,"['RFC8520-0031', 'ETSI.EN.303.645.V3.1.3-0035', 'RFC8576-0026']",original,DoS,Detector confidence is below the validated threshold.,denial of service resource exhaustion availability traffic filtering incident notification response escalation operator IoT predicted family DoS proposed action NOTIFY_OPERATOR observed protocols TCP UDP HTTPS ARP observed indicators traffic packet rate volume frequency average packet size traffic profile inter arrival time traffic timing TCP SYN connection attempts TCP SYN flag connection attempts,escalate,RFC8520.txt; ETSI.EN.303.645.V3.1.3.pdf; RFC8576.txt,unsupported,No excerpt supports notifying an operator due to low confidence.,unsupported,The cited excerpts do not support notifying an operator for low-confidence DoS detection.,remove,The independent checker found no useful support for the action.
CAPTURE_TRAFFIC,1,False,EG-O-0229,ieee-access-0097,True,"['RFC8576-0026', 'RFC8576-0067', 'RFC8576-0019']",original,DDoS,Collect additional evidence before a disruptive decision.,distributed denial of service flooding resource exhaustion availability filtering network traffic collect network traffic evidence incident analysis monitoring IoT predicted family DDoS proposed action CAPTURE_TRAFFIC observed protocols TCP UDP ICMP HTTP HTTPS DNS ARP observed indicators traffic packet rate volume frequency average packet size traffic profile inter arrival time traffic timing TCP ACK responses TCP ACK flag responses,escalate,RFC8576.txt; RFC8576.txt; RFC8576.txt,unsupported,The excerpts do not support capturing traffic for confirming attack characteristics or attribution.,unsupported,"The cited material discusses routing support, privacy from observing packets, and routing attacks, but not capturing traffic as a recommended action.",remove,The independent checker found no useful support for the action.
NOTIFY_OPERATOR,2,False,EG-O-0230,ieee-access-0097,True,"['RFC8576-0026', 'ETSI.EN.303.645.V3.1.3-0026', 'NIST.SP.800-61r3-0062']",original,DDoS,Detector confidence is below the validated threshold.,distributed denial of service flooding resource exhaustion availability filtering network traffic incident notification response escalation operator IoT predicted family DDoS proposed action NOTIFY_OPERATOR observed protocols TCP UDP ICMP HTTP HTTPS DNS ARP observed indicators traffic packet rate volume frequency average packet size traffic profile inter arrival time traffic timing TCP ACK responses TCP ACK flag responses,escalate,RFC8576.txt; ETSI.EN.303.645.V3.1.3.pdf; NIST.SP.800-61r3.pdf,unsupported,"The cited material mentions DDoS as an abbreviation and incident response, but does not support low-confidence operator notification.",generally_supported,"NIST SP 800-61r3 generally supports incident reporting, but none of the excerpts support notifying an operator specifically because detector confidence is below threshold.",remove,The independent checker found no useful support for the action.
CAPTURE_TRAFFIC,1,False,EG-O-0231,ieee-access-0098,True,"['RFC8520-0031', 'ETSI.EN.303.645.V3.1.3-0035', 'RFC8576-0026']",original,DDoS,Collect additional evidence before a disruptive decision.,distributed denial of service flooding resource exhaustion availability filtering network traffic collect network traffic evidence incident analysis monitoring IoT predicted family DDoS proposed action CAPTURE_TRAFFIC observed protocols TCP UDP HTTPS DNS observed indicators traffic packet rate volume frequency average packet size traffic profile inter arrival time traffic timing TCP SYN connection attempts TCP SYN flag connection attempts,escalate,RFC8520.txt; ETSI.EN.303.645.V3.1.3.pdf; RFC8576.txt,unsupported,The excerpts do not support capturing traffic before a disruptive decision.,unsupported,The excerpts do not justify traffic capture or packet evidence preservation.,remove,The independent checker found no useful support for the action.
NOTIFY_OPERATOR,2,False,EG-O-0232,ieee-access-0098,True,"['RFC8520-0031', 'ETSI.EN.303.645.V3.1.3-0035', 'RFC8576-0026']",original,DDoS,Detector confidence is below the validated threshold.,distributed denial of service flooding resource exhaustion availability filtering network traffic incident notification response escalation operator IoT predicted family DDoS proposed action NOTIFY_OPERATOR observed protocols TCP UDP HTTPS DNS observed indicators traffic packet rate volume frequency average packet size traffic profile inter arrival time traffic timing TCP SYN connection attempts TCP SYN flag connection attempts,escalate,RFC8520.txt; ETSI.EN.303.645.V3.1.3.pdf; RFC8576.txt,unsupported,No cited excerpt supports notifying an operator due to detector confidence thresholding.,unsupported,No cited excerpt supports operator notification based on low-confidence detection; the evidence is unrelated to that rationale.,remove,The independent checker found no useful support for the action.
CAPTURE_TRAFFIC,1,False,EG-O-0233,ieee-access-0099,True,"['RFC8520-0031', 'ETSI.EN.303.645.V3.1.3-0035', 'RFC8576-0026']",original,DoS,Collect additional evidence before a disruptive decision.,denial of service resource exhaustion availability traffic filtering collect network traffic evidence incident analysis monitoring IoT predicted family DoS proposed action CAPTURE_TRAFFIC observed protocols TCP UDP ICMP HTTPS DNS ARP observed indicators traffic packet rate volume frequency average packet size traffic profile inter arrival time traffic timing TCP SYN connection attempts TCP SYN flag connection attempts,escalate,RFC8520.txt; ETSI.EN.303.645.V3.1.3.pdf; RFC8576.txt,unsupported,The cited text does not support traffic capture as a response.,unsupported,The excerpts do not mention collecting traffic evidence or capture.,remove,The independent checker found no useful support for the action.
NOTIFY_OPERATOR,2,False,EG-O-0234,ieee-access-0099,True,"['RFC8520-0031', 'ETSI.EN.303.645.V3.1.3-0035', 'RFC8576-0026']",original,DoS,Detector confidence is below the validated threshold.,denial of service resource exhaustion availability traffic filtering incident notification response escalation operator IoT predicted family DoS proposed action NOTIFY_OPERATOR observed protocols TCP UDP ICMP HTTPS DNS ARP observed indicators traffic packet rate volume frequency average packet size traffic profile inter arrival time traffic timing TCP SYN connection attempts TCP SYN flag connection attempts,escalate,RFC8520.txt; ETSI.EN.303.645.V3.1.3.pdf; RFC8576.txt,unsupported,No excerpt supports notifying an operator because detector confidence is below threshold.,unsupported,No excerpt supports operator notification; the evidence is unrelated to escalation/reporting.,remove,The independent checker found no useful support for the action.
CAPTURE_TRAFFIC,1,False,EG-O-0235,ieee-access-0100,True,"['RFC8576-0026', 'RFC8576-0067', 'RFC8576-0019']",original,DDoS,Collect additional evidence before a disruptive decision.,distributed denial of service flooding resource exhaustion availability filtering network traffic collect network traffic evidence incident analysis monitoring IoT predicted family DDoS proposed action CAPTURE_TRAFFIC observed protocols TCP UDP HTTPS DNS observed indicators traffic packet rate volume frequency average packet size traffic profile inter arrival time traffic timing TCP ACK responses TCP ACK flag responses,escalate,RFC8576.txt; RFC8576.txt; RFC8576.txt,unsupported,"The excerpts discuss privacy and routing attacks, not traffic capture for DDoS confirmation.",unsupported,"The excerpts do not recommend capturing traffic; they only mention routing, privacy, and routing attacks.",remove,The independent checker found no useful support for the action.
NOTIFY_OPERATOR,2,False,EG-O-0236,ieee-access-0100,True,"['RFC8576-0026', 'NIST.SP.800-61r3-0062', 'RFC8576-0041']",original,DDoS,Detector confidence is below the validated threshold.,distributed denial of service flooding resource exhaustion availability filtering network traffic incident notification response escalation operator IoT predicted family DDoS proposed action NOTIFY_OPERATOR observed protocols TCP UDP HTTPS DNS observed indicators traffic packet rate volume frequency average packet size traffic profile inter arrival time traffic timing TCP ACK responses TCP ACK flag responses,escalate,RFC8576.txt; NIST.SP.800-61r3.pdf; RFC8576.txt,unsupported,The cited incident-response and protocol excerpts do not justify threshold-based operator notification.,generally_supported,"NIST SP 800-61r3 generally supports reporting incidents, but the evidence does not support notifying specifically due to low detector confidence.",remove,The independent checker found no useful support for the action.
CAPTURE_TRAFFIC,1,False,EG-O-0237,ieee-access-0101,True,"['NIST.SP.800-61r3-0055', 'RFC8520-0031', 'NIST.SP.800-61r3-0067']",original,Recon,Collect additional evidence before a disruptive decision.,reconnaissance scanning probing unauthorized activity continuous monitoring logging collect network traffic evidence incident analysis monitoring IoT predicted family Recon proposed action CAPTURE_TRAFFIC observed protocols TCP HTTP HTTPS observed indicators traffic packet rate volume frequency average packet size traffic profile inter arrival time traffic timing TCP SYN connection attempts TCP SYN flag connection attempts,escalate,NIST.SP.800-61r3.pdf; RFC8520.txt; NIST.SP.800-61r3.pdf,generally_supported,"The excerpts support monitoring and evidence collection, but not the specific action of capturing traffic before a disruptive decision.",generally_supported,"The excerpts support monitoring and collection/retention of incident evidence, but they do not explicitly support traffic capture as the chosen evidence-collection method.",keep,General support is sufficient for this non-disruptive action.
NOTIFY_OPERATOR,2,False,EG-O-0238,ieee-access-0101,True,"['NIST.SP.800-61r3-0055', 'RFC8520-0031', 'NIST.SP.800-61r3-0068']",original,Recon,Detector confidence is below the validated threshold.,reconnaissance scanning probing unauthorized activity continuous monitoring logging incident notification response escalation operator IoT predicted family Recon proposed action NOTIFY_OPERATOR observed protocols TCP HTTP HTTPS observed indicators traffic packet rate volume frequency average packet size traffic profile inter arrival time traffic timing TCP SYN connection attempts TCP SYN flag connection attempts,escalate,NIST.SP.800-61r3.pdf; RFC8520.txt; NIST.SP.800-61r3.pdf,generally_supported,"The excerpts support continuous monitoring and incident communication, but they do not directly support notifying an operator because confidence is below threshold.",generally_supported,"The cited text generally supports incident reporting and notification, but not specifically notifying an operator because detector confidence is below threshold.",keep,General support is sufficient for this non-disruptive action.
CAPTURE_TRAFFIC,1,False,EG-O-0239,ieee-access-0102,True,"['NIST.SP.800-61r3-0055', 'RFC8520-0031', 'NIST.SP.800-61r3-0067']",original,Recon,Collect additional evidence before a disruptive decision.,reconnaissance scanning probing unauthorized activity continuous monitoring logging collect network traffic evidence incident analysis monitoring IoT predicted family Recon proposed action CAPTURE_TRAFFIC observed protocols TCP UDP HTTP HTTPS DNS observed indicators traffic packet rate volume frequency average packet size traffic profile inter arrival time traffic timing TCP SYN connection attempts TCP SYN flag connection attempts,escalate,NIST.SP.800-61r3.pdf; RFC8520.txt; NIST.SP.800-61r3.pdf,generally_supported,"The excerpts support monitoring and evidence preservation, but not the specific traffic-capture action.",generally_supported,"The evidence supports evidence collection and monitoring broadly, but not explicit packet capture as the concrete mechanism.",keep,General support is sufficient for this non-disruptive action.
NOTIFY_OPERATOR,2,False,EG-O-0240,ieee-access-0102,True,"['NIST.SP.800-61r3-0055', 'RFC8520-0031', 'NIST.SP.800-61r3-0068']",original,Recon,Detector confidence is below the validated threshold.,reconnaissance scanning probing unauthorized activity continuous monitoring logging incident notification response escalation operator IoT predicted family Recon proposed action NOTIFY_OPERATOR observed protocols TCP UDP HTTP HTTPS DNS observed indicators traffic packet rate volume frequency average packet size traffic profile inter arrival time traffic timing TCP SYN connection attempts TCP SYN flag connection attempts,escalate,NIST.SP.800-61r3.pdf; RFC8520.txt; NIST.SP.800-61r3.pdf,generally_supported,"The excerpts support monitoring and incident communication, but not notifying an operator based on confidence thresholding.",generally_supported,"The excerpts generally support reporting and communication around incidents, but not the specific rationale of low-confidence alerts requiring operator notification.",keep,General support is sufficient for this non-disruptive action.
CAPTURE_TRAFFIC,1,False,EG-O-0241,ieee-access-0103,True,"['NIST.SP.800-61r3-0055', 'RFC8520-0031', 'NIST.SP.800-61r3-0067']",original,Recon,Collect additional evidence before a disruptive decision.,reconnaissance scanning probing unauthorized activity continuous monitoring logging collect network traffic evidence incident analysis monitoring IoT predicted family Recon proposed action CAPTURE_TRAFFIC observed protocols TCP UDP HTTP HTTPS observed indicators traffic packet rate volume frequency average packet size traffic profile inter arrival time traffic timing TCP SYN connection attempts TCP SYN flag connection attempts,escalate,NIST.SP.800-61r3.pdf; RFC8520.txt; NIST.SP.800-61r3.pdf,generally_supported,"The excerpts support monitoring and evidence preservation, but not the concrete packet-capture action.",generally_supported,"Continuous monitoring and evidence retention are supported, but there is no explicit support for capturing traffic specifically before a disruptive decision.",keep,General support is sufficient for this non-disruptive action.
NOTIFY_OPERATOR,2,False,EG-O-0242,ieee-access-0103,True,"['NIST.SP.800-61r3-0055', 'RFC8520-0031', 'NIST.SP.800-61r3-0068']",original,Recon,Detector confidence is below the validated threshold.,reconnaissance scanning probing unauthorized activity continuous monitoring logging incident notification response escalation operator IoT predicted family Recon proposed action NOTIFY_OPERATOR observed protocols TCP UDP HTTP HTTPS observed indicators traffic packet rate volume frequency average packet size traffic profile inter arrival time traffic timing TCP SYN connection attempts TCP SYN flag connection attempts,escalate,NIST.SP.800-61r3.pdf; RFC8520.txt; NIST.SP.800-61r3.pdf,generally_supported,"The excerpts support monitoring and incident reporting/communication, but not the specific operator-notification rationale.",generally_supported,"The evidence supports incident communication and notification generally, but does not specifically justify this operator-notification criterion tied to low confidence.",keep,General support is sufficient for this non-disruptive action.
CAPTURE_TRAFFIC,1,False,EG-O-0243,ieee-access-0104,True,"['NIST.SP.800-61r3-0055', 'RFC8520-0031', 'NIST.SP.800-61r3-0067']",original,Recon,Collect additional evidence before a disruptive decision.,reconnaissance scanning probing unauthorized activity continuous monitoring logging collect network traffic evidence incident analysis monitoring IoT predicted family Recon proposed action CAPTURE_TRAFFIC observed protocols TCP UDP ICMP HTTP HTTPS DNS observed indicators traffic packet rate volume frequency average packet size traffic profile inter arrival time traffic timing TCP SYN connection attempts TCP SYN flag connection attempts,escalate,NIST.SP.800-61r3.pdf; RFC8520.txt; NIST.SP.800-61r3.pdf,generally_supported,"The excerpts support continuous monitoring and evidence preservation, but not the specific action of capturing traffic.",generally_supported,"The excerpts support monitoring and evidence collection in general, but do not explicitly support traffic capture as the specific action.",keep,General support is sufficient for this non-disruptive action.
NOTIFY_OPERATOR,2,False,EG-O-0244,ieee-access-0104,True,"['NIST.SP.800-61r3-0055', 'RFC8520-0031', 'NIST.SP.800-61r3-0068']",original,Recon,Detector confidence is below the validated threshold.,reconnaissance scanning probing unauthorized activity continuous monitoring logging incident notification response escalation operator IoT predicted family Recon proposed action NOTIFY_OPERATOR observed protocols TCP UDP ICMP HTTP HTTPS DNS observed indicators traffic packet rate volume frequency average packet size traffic profile inter arrival time traffic timing TCP SYN connection attempts TCP SYN flag connection attempts,escalate,NIST.SP.800-61r3.pdf; RFC8520.txt; NIST.SP.800-61r3.pdf,generally_supported,"The excerpts support monitoring and incident communication, but do not directly justify notifying an operator due to confidence being below threshold.",generally_supported,"The cited reporting/communication guidance broadly supports notifying stakeholders/operators, but not specifically because detector confidence is below a validated threshold.",keep,General support is sufficient for this non-disruptive action.
CAPTURE_TRAFFIC,1,False,EG-O-0245,ieee-access-0105,True,"['NIST.SP.800-61r3-0055', 'RFC8520-0031', 'NIST.SP.800-61r3-0067']",original,Recon,Collect additional evidence before a disruptive decision.,reconnaissance scanning probing unauthorized activity continuous monitoring logging collect network traffic evidence incident analysis monitoring IoT predicted family Recon proposed action CAPTURE_TRAFFIC observed protocols TCP UDP HTTP HTTPS observed indicators traffic packet rate volume frequency average packet size traffic profile inter arrival time traffic timing TCP SYN connection attempts TCP SYN flag connection attempts,escalate,NIST.SP.800-61r3.pdf; RFC8520.txt; NIST.SP.800-61r3.pdf,generally_supported,"The excerpts support continuous monitoring and evidence collection, but not packet capture as the specific implementation.",generally_supported,"The excerpts generally support monitoring and evidence collection, but do not specifically direct packet capture as the evidence-gathering step.",keep,General support is sufficient for this non-disruptive action.
NOTIFY_OPERATOR,2,False,EG-O-0246,ieee-access-0105,True,"['NIST.SP.800-61r3-0055', 'RFC8520-0031', 'NIST.SP.800-61r3-0068']",original,Recon,Detector confidence is below the validated threshold.,reconnaissance scanning probing unauthorized activity continuous monitoring logging incident notification response escalation operator IoT predicted family Recon proposed action NOTIFY_OPERATOR observed protocols TCP UDP HTTP HTTPS observed indicators traffic packet rate volume frequency average packet size traffic profile inter arrival time traffic timing TCP SYN connection attempts TCP SYN flag connection attempts,escalate,NIST.SP.800-61r3.pdf; RFC8520.txt; NIST.SP.800-61r3.pdf,generally_supported,"The excerpts support monitoring and incident communication, but not the specific operator-notification action.",generally_supported,"Incident reporting/communication is generally supported, but the evidence does not specifically justify operator notification due to low detector confidence.",keep,General support is sufficient for this non-disruptive action.
CAPTURE_TRAFFIC,1,False,EG-O-0247,ieee-access-0106,True,"['NIST.SP.800-61r3-0055', 'NIST.SP.800-61r3-0067', 'RFC8576-0067']",original,Recon,Collect packet evidence for validation and follow-on analysis since the alert lacks a validated device identifier.,reconnaissance scanning probing unauthorized activity continuous monitoring logging collect network traffic evidence incident analysis monitoring IoT predicted family Recon proposed action CAPTURE_TRAFFIC observed protocols TCP observed indicators traffic packet rate volume frequency average packet size traffic profile inter arrival time traffic timing TCP ACK responses TCP ACK flag responses,plan,NIST.SP.800-61r3.pdf; NIST.SP.800-61r3.pdf; RFC8576.txt,generally_supported,"The excerpts support collecting and retaining incident evidence, but they do not specifically support capturing packet traffic.",generally_supported,"The evidence supports collecting and retaining incident evidence and monitoring, which broadly supports gathering more evidence, but not explicitly capturing network traffic packets.",keep,General support is sufficient for this non-disruptive action.
INCREASE_LOGGING,2,False,EG-O-0248,ieee-access-0106,True,"['NIST.SP.800-61r3-0055', 'NIST.SP.800-213A-0053', 'NIST.SP.800-61r3-0062']",original,Recon,Improve observability for a likely recon pattern and support incident triage under continuous monitoring guidance.,reconnaissance scanning probing unauthorized activity continuous monitoring logging increase security event logging monitoring incident analysis IoT predicted family Recon proposed action INCREASE_LOGGING observed protocols TCP observed indicators traffic packet rate volume frequency average packet size traffic profile inter arrival time traffic timing TCP ACK responses TCP ACK flag responses,plan,NIST.SP.800-61r3.pdf; NIST.SP.800-213A.pdf; NIST.SP.800-61r3.pdf,generally_supported,"The excerpts support monitoring and event identification/monitoring capabilities, which aligns with increased visibility, but not specifically increasing logging.",generally_supported,"The citations support monitoring/event identification and incident reporting, which generally support improved observability and triage, but not specifically increasing logging.",keep,General support is sufficient for this non-disruptive action.
NOTIFY_OPERATOR,3,False,EG-O-0249,ieee-access-0106,True,"['NIST.SP.800-61r3-0055', 'NIST.SP.800-61r3-0068', 'NIST.SP.800-61r3-0062']",original,Recon,Operator review is warranted because the alert is high-confidence but device identity is unresolved and intent-only response is required.,reconnaissance scanning probing unauthorized activity continuous monitoring logging incident notification response escalation operator IoT predicted family Recon proposed action NOTIFY_OPERATOR observed protocols TCP observed indicators traffic packet rate volume frequency average packet size traffic profile inter arrival time traffic timing TCP ACK responses TCP ACK flag responses,plan,NIST.SP.800-61r3.pdf; NIST.SP.800-61r3.pdf; NIST.SP.800-61r3.pdf,generally_supported,"The excerpts support monitoring, incident coordination, and incident status tracking, but not notifying an operator for the stated rationale.",generally_supported,"The reporting/communication and automatic reporting excerpts broadly support operator notification, but not the specific rationale about unresolved device identity and intent-only response.",keep,General support is sufficient for this non-disruptive action.
INCREASE_LOGGING,1,False,EG-O-0250,ieee-access-0107,True,"['NIST.SP.800-61r3-0055', 'RFC8520-0031', 'NIST.SP.800-213A-0053']",original,Recon,Improve visibility into repeated connection attempts and any associated source/destination patterns.,reconnaissance scanning probing unauthorized activity continuous monitoring logging increase security event logging monitoring incident analysis IoT predicted family Recon proposed action INCREASE_LOGGING observed protocols TCP observed indicators traffic packet rate volume frequency average packet size traffic profile inter arrival time traffic timing TCP SYN connection attempts TCP SYN flag connection attempts,plan,NIST.SP.800-61r3.pdf; RFC8520.txt; NIST.SP.800-213A.pdf,generally_supported,"The excerpts support continuous monitoring and event identification/monitoring, which aligns with increased visibility, but not the specific logging action.",generally_supported,"The evidence supports continuous monitoring and device monitoring capability, which generally supports improving visibility, but not explicitly increasing logging of connection attempts and patterns.",keep,General support is sufficient for this non-disruptive action.
CAPTURE_TRAFFIC,2,False,EG-O-0251,ieee-access-0107,True,"['NIST.SP.800-61r3-0055', 'RFC8520-0031', 'NIST.SP.800-61r3-0067']",original,Recon,"Collect evidence to confirm whether the traffic reflects scanning, probing, or benign retransmission behavior.",reconnaissance scanning probing unauthorized activity continuous monitoring logging collect network traffic evidence incident analysis monitoring IoT predicted family Recon proposed action CAPTURE_TRAFFIC observed protocols TCP observed indicators traffic packet rate volume frequency average packet size traffic profile inter arrival time traffic timing TCP SYN connection attempts TCP SYN flag connection attempts,plan,NIST.SP.800-61r3.pdf; RFC8520.txt; NIST.SP.800-61r3.pdf,generally_supported,"The excerpts support monitoring and evidence preservation, but not the specific action of capturing traffic.",generally_supported,"The excerpts support monitoring and evidence collection broadly, but not explicitly packet capture to distinguish scanning from benign retransmissions.",keep,General support is sufficient for this non-disruptive action.
NOTIFY_OPERATOR,3,False,EG-O-0252,ieee-access-0107,True,"['NIST.SP.800-61r3-0055', 'RFC8520-0031', 'NIST.SP.800-61r3-0068']",original,Recon,High-confidence recon indicators merit human review and decision-making because device identity is unvalidated.,reconnaissance scanning probing unauthorized activity continuous monitoring logging incident notification response escalation operator IoT predicted family Recon proposed action NOTIFY_OPERATOR observed protocols TCP observed indicators traffic packet rate volume frequency average packet size traffic profile inter arrival time traffic timing TCP SYN connection attempts TCP SYN flag connection attempts,plan,NIST.SP.800-61r3.pdf; RFC8520.txt; NIST.SP.800-61r3.pdf,generally_supported,"The excerpts support monitoring and incident communication, but not the specific operator-notification action.",generally_supported,"General incident communication/reporting support is present, but the evidence does not specifically justify human review because device identity is unvalidated.",keep,General support is sufficient for this non-disruptive action.
INCREASE_LOGGING,1,False,EG-O-0253,ieee-access-0108,True,"['NIST.SP.800-61r3-0055', 'RFC8520-0031', 'NIST.SP.800-213A-0053']",original,Recon,Preserve evidence for repeated TCP probes and connection-reset patterns consistent with recon activity.,reconnaissance scanning probing unauthorized activity continuous monitoring logging increase security event logging monitoring incident analysis IoT predicted family Recon proposed action INCREASE_LOGGING observed protocols TCP observed indicators traffic packet rate volume frequency average packet size traffic profile inter arrival time traffic timing TCP SYN connection attempts TCP SYN flag connection attempts,plan,NIST.SP.800-61r3.pdf; RFC8520.txt; NIST.SP.800-213A.pdf,generally_supported,"The excerpts support monitoring and event identification/monitoring, but not specifically increasing logging for TCP probes.",generally_supported,"The citations support monitoring capabilities and adverse-event monitoring, which generally support collecting more telemetry, but they do not explicitly support increasing logging for TCP probe/reset patterns.",keep,General support is sufficient for this non-disruptive action.
CAPTURE_TRAFFIC,2,False,EG-O-0254,ieee-access-0108,True,"['NIST.SP.800-61r3-0055', 'RFC8520-0031', 'NIST.SP.800-61r3-0067']",original,Recon,"Collect packet-level evidence to confirm whether the pattern is scanning, probing, or another benign burst.",reconnaissance scanning probing unauthorized activity continuous monitoring logging collect network traffic evidence incident analysis monitoring IoT predicted family Recon proposed action CAPTURE_TRAFFIC observed protocols TCP observed indicators traffic packet rate volume frequency average packet size traffic profile inter arrival time traffic timing TCP SYN connection attempts TCP SYN flag connection attempts,plan,NIST.SP.800-61r3.pdf; RFC8520.txt; NIST.SP.800-61r3.pdf,generally_supported,"The excerpts support monitoring and evidence preservation, but not the concrete packet-capture action.",generally_supported,"The evidence supports monitoring and collection/retention of incident evidence, but does not explicitly support packet-level traffic capture as the specific action.",keep,General support is sufficient for this non-disruptive action.
NOTIFY_OPERATOR,3,False,EG-O-0255,ieee-access-0108,True,"['NIST.SP.800-61r3-0055', 'RFC8520-0031', 'NIST.SP.800-61r3-0068']",original,Recon,High-confidence recon behavior warrants immediate operator awareness and review.,reconnaissance scanning probing unauthorized activity continuous monitoring logging incident notification response escalation operator IoT predicted family Recon proposed action NOTIFY_OPERATOR observed protocols TCP observed indicators traffic packet rate volume frequency average packet size traffic profile inter arrival time traffic timing TCP SYN connection attempts TCP SYN flag connection attempts,plan,NIST.SP.800-61r3.pdf; RFC8520.txt; NIST.SP.800-61r3.pdf,generally_supported,"The excerpts support monitoring and incident communication, but do not specifically justify notifying an operator.",generally_supported,"The excerpts support incident notification and coordination generally, so operator awareness is broadly supported, but not specifically because recon behavior is high confidence.",keep,General support is sufficient for this non-disruptive action.
MONITOR,1,False,EG-O-0256,ieee-access-0109,True,"['NIST.SP.800-61r3-0055', 'RFC8520-0031', 'NIST.SP.800-61r3-0056']",original,Recon,Aligns with continuous monitoring guidance for anomalous activity and deviations from expected behavior.,reconnaissance scanning probing unauthorized activity continuous monitoring logging continuous monitoring detect anomalous behavior security events IoT predicted family Recon proposed action MONITOR observed protocols TCP observed indicators traffic packet rate volume frequency average packet size traffic profile inter arrival time traffic timing TCP SYN connection attempts TCP SYN flag connection attempts,plan,NIST.SP.800-61r3.pdf; RFC8520.txt; NIST.SP.800-61r3.pdf,directly_supported,"The cited continuous monitoring guidance explicitly calls for monitoring assets for unauthorized activity, deviations from expected activity, and changes in security posture, which directly supports the recommended monitoring action.",directly_supported,"The NIST excerpts explicitly state that assets, personnel activity, and technology usage are monitored to find anomalies, indicators of compromise, unusual patterns, and other potentially adverse events, directly supporting the action to monitor for recon-like activity.",keep,The action has direct documentary support.
CAPTURE_TRAFFIC,2,False,EG-O-0257,ieee-access-0109,True,"['NIST.SP.800-61r3-0055', 'RFC8520-0031', 'NIST.SP.800-61r3-0067']",original,Recon,Collect packet evidence to confirm probing behavior and improve attribution without assuming device identity.,reconnaissance scanning probing unauthorized activity continuous monitoring logging collect network traffic evidence incident analysis monitoring IoT predicted family Recon proposed action CAPTURE_TRAFFIC observed protocols TCP observed indicators traffic packet rate volume frequency average packet size traffic profile inter arrival time traffic timing TCP SYN connection attempts TCP SYN flag connection attempts,plan,NIST.SP.800-61r3.pdf; RFC8520.txt; NIST.SP.800-61r3.pdf,generally_supported,"The excerpts support monitoring and evidence preservation, but not the specific action of capturing packet traffic.",generally_supported,"The evidence supports continuous monitoring and collecting/retaining incident evidence, but not explicitly capturing packet traffic to confirm probing and attribution.",keep,General support is sufficient for this non-disruptive action.
NOTIFY_OPERATOR,3,False,EG-O-0258,ieee-access-0109,True,"['NIST.SP.800-61r3-0055', 'RFC8520-0031', 'NIST.SP.800-61r3-0068']",original,Recon,Operator awareness is appropriate for a high-confidence recon alert while execution remains bounded to intent only.,reconnaissance scanning probing unauthorized activity continuous monitoring logging incident notification response escalation operator IoT predicted family Recon proposed action NOTIFY_OPERATOR observed protocols TCP observed indicators traffic packet rate volume frequency average packet size traffic profile inter arrival time traffic timing TCP SYN connection attempts TCP SYN flag connection attempts,plan,NIST.SP.800-61r3.pdf; RFC8520.txt; NIST.SP.800-61r3.pdf,generally_supported,"The excerpts support monitoring and incident communication, but not the specific operator-notification action.",generally_supported,"Incident reporting/communication is generally supported, but the specific rationale about high-confidence recon and bounded execution is not stated in the excerpts.",keep,General support is sufficient for this non-disruptive action.
INCREASE_LOGGING,1,False,EG-O-0259,ieee-access-0110,True,"['NIST.SP.800-61r3-0055', 'RFC8520-0031', 'NIST.SP.800-213A-0053']",original,Recon,Increase visibility to confirm whether the observed pattern is benign application traffic or reconnaissance.,reconnaissance scanning probing unauthorized activity continuous monitoring logging increase security event logging monitoring incident analysis IoT predicted family Recon proposed action INCREASE_LOGGING observed protocols TCP UDP HTTP HTTPS observed indicators traffic packet rate volume frequency average packet size traffic profile inter arrival time traffic timing TCP SYN connection attempts TCP SYN flag connection attempts,plan,NIST.SP.800-61r3.pdf; RFC8520.txt; NIST.SP.800-213A.pdf,generally_supported,"The excerpts support continuous monitoring and event identification/monitoring, which aligns with increasing visibility, but not the concrete logging action.",generally_supported,"The excerpts support monitoring and event identification capabilities, which generally support improving visibility, but not specifically increasing logging.",keep,General support is sufficient for this non-disruptive action.
CAPTURE_TRAFFIC,2,False,EG-O-0260,ieee-access-0110,True,"['NIST.SP.800-61r3-0055', 'RFC8520-0031', 'NIST.SP.800-61r3-0067']",original,Recon,Collect packet evidence for validation of probing behavior and to support operator review.,reconnaissance scanning probing unauthorized activity continuous monitoring logging collect network traffic evidence incident analysis monitoring IoT predicted family Recon proposed action CAPTURE_TRAFFIC observed protocols TCP UDP HTTP HTTPS observed indicators traffic packet rate volume frequency average packet size traffic profile inter arrival time traffic timing TCP SYN connection attempts TCP SYN flag connection attempts,plan,NIST.SP.800-61r3.pdf; RFC8520.txt; NIST.SP.800-61r3.pdf,generally_supported,"The excerpts support monitoring and evidence preservation, but not the explicit packet-capture action.",generally_supported,"The evidence supports monitoring and evidence collection broadly, but it does not explicitly support packet capture as the concrete method.",keep,General support is sufficient for this non-disruptive action.
NOTIFY_OPERATOR,3,False,EG-O-0261,ieee-access-0110,True,"['NIST.SP.800-61r3-0055', 'RFC8520-0031', 'NIST.SP.800-61r3-0068']",original,Recon,Human review is appropriate because the alert is credible but lacks a validated device identifier and action execution is not permitted.,reconnaissance scanning probing unauthorized activity continuous monitoring logging incident notification response escalation operator IoT predicted family Recon proposed action NOTIFY_OPERATOR observed protocols TCP UDP HTTP HTTPS observed indicators traffic packet rate volume frequency average packet size traffic profile inter arrival time traffic timing TCP SYN connection attempts TCP SYN flag connection attempts,plan,NIST.SP.800-61r3.pdf; RFC8520.txt; NIST.SP.800-61r3.pdf,generally_supported,"The excerpts support monitoring and incident communication, but not notifying an operator for the stated reason.",generally_supported,"The reporting/communication guidance broadly supports notifying stakeholders/operators, but not specifically because the alert lacks a validated device identifier and action execution is not permitted.",keep,General support is sufficient for this non-disruptive action.
CAPTURE_TRAFFIC,1,False,EG-O-0262,ieee-access-0111,True,"['NIST.SP.800-61r3-0055', 'NIST.SP.800-213A-0053', 'NIST.SP.800-61r3-0067']",original,Benign,Collect additional evidence before a disruptive decision.,normal activity continuous monitoring avoid unnecessary disruption cybersecurity state logging collect network traffic evidence incident analysis monitoring IoT predicted family Benign proposed action CAPTURE_TRAFFIC observed protocols TCP UDP HTTPS DNS observed indicators traffic packet rate volume frequency average packet size traffic profile inter arrival time traffic timing TCP ACK responses TCP ACK flag responses,escalate,NIST.SP.800-61r3.pdf; NIST.SP.800-213A.pdf; NIST.SP.800-61r3.pdf,generally_supported,"The excerpts support monitoring and evidence retention, but not specifically traffic capture.",generally_supported,"The excerpts support monitoring and collecting incident evidence generally, but do not explicitly support the specific action of capturing network traffic before a decision.",keep,General support is sufficient for this non-disruptive action.
NOTIFY_OPERATOR,2,False,EG-O-0263,ieee-access-0111,True,"['NIST.SP.800-61r3-0055', 'NIST.IR.8259A-0022', 'NIST.SP.800-61r3-0068']",original,Benign,Detector confidence is below the validated threshold.,normal activity continuous monitoring avoid unnecessary disruption cybersecurity state logging incident notification response escalation operator IoT predicted family Benign proposed action NOTIFY_OPERATOR observed protocols TCP UDP HTTPS DNS observed indicators traffic packet rate volume frequency average packet size traffic profile inter arrival time traffic timing TCP ACK responses TCP ACK flag responses,escalate,NIST.SP.800-61r3.pdf; NIST.IR.8259A.pdf; NIST.SP.800-61r3.pdf,unsupported,"The excerpts support monitoring and communication, but not operator notification from low confidence.",generally_supported,"The cited text supports reporting/communication and making device state available to authorized entities, which generally aligns with notifying an operator, but it does not specifically justify notification due to low detector confidence.",remove,The independent checker found no useful support for the action.
CAPTURE_TRAFFIC,1,False,EG-O-0264,ieee-access-0112,True,"['NIST.SP.800-61r3-0055', 'NIST.SP.800-213A-0053', 'NIST.SP.800-61r3-0067']",original,Benign,Collect additional evidence before a disruptive decision.,normal activity continuous monitoring avoid unnecessary disruption cybersecurity state logging collect network traffic evidence incident analysis monitoring IoT predicted family Benign proposed action CAPTURE_TRAFFIC observed protocols TCP UDP HTTPS DNS observed indicators traffic packet rate volume frequency average packet size traffic profile inter arrival time traffic timing TCP ACK responses TCP ACK flag responses,escalate,NIST.SP.800-61r3.pdf; NIST.SP.800-213A.pdf; NIST.SP.800-61r3.pdf,generally_supported,"The excerpts support monitoring and evidence preservation, but not the specific traffic-capture action.",generally_supported,"The excerpts support monitoring and collecting incident evidence generally, but do not explicitly support the specific action of capturing network traffic before a decision.",keep,General support is sufficient for this non-disruptive action.
NOTIFY_OPERATOR,2,False,EG-O-0265,ieee-access-0112,True,"['NIST.SP.800-61r3-0055', 'NIST.IR.8259A-0022', 'NIST.SP.800-61r3-0068']",original,Benign,Detector confidence is below the validated threshold.,normal activity continuous monitoring avoid unnecessary disruption cybersecurity state logging incident notification response escalation operator IoT predicted family Benign proposed action NOTIFY_OPERATOR observed protocols TCP UDP HTTPS DNS observed indicators traffic packet rate volume frequency average packet size traffic profile inter arrival time traffic timing TCP ACK responses TCP ACK flag responses,escalate,NIST.SP.800-61r3.pdf; NIST.IR.8259A.pdf; NIST.SP.800-61r3.pdf,unsupported,"The evidence supports monitoring and communication, but not operator notification due to low confidence.",generally_supported,"The cited text supports reporting/communication and making device state available to authorized entities, which generally aligns with notifying an operator, but it does not specifically justify notification due to low detector confidence.",remove,The independent checker found no useful support for the action.
CAPTURE_TRAFFIC,1,False,EG-O-0266,ieee-access-0113,True,"['NIST.SP.800-61r3-0055', 'NIST.SP.800-213A-0053', 'RFC8520-0031']",original,Benign,Collect additional evidence before a disruptive decision.,normal activity continuous monitoring avoid unnecessary disruption cybersecurity state logging collect network traffic evidence incident analysis monitoring IoT predicted family Benign proposed action CAPTURE_TRAFFIC observed protocols TCP UDP HTTPS observed indicators traffic packet rate volume frequency average packet size traffic profile inter arrival time traffic timing TCP SYN connection attempts TCP SYN flag connection attempts,escalate,NIST.SP.800-61r3.pdf; NIST.SP.800-213A.pdf; RFC8520.txt,generally_supported,"The excerpts support monitoring and evidence retention, but not specifically capturing traffic.",generally_supported,"The NIST excerpts support monitoring generally, but the RFC excerpt concerns packet-dropping policy, not traffic capture. The evidence does not directly support the concrete action of capturing traffic.",keep,General support is sufficient for this non-disruptive action.
NOTIFY_OPERATOR,2,False,EG-O-0267,ieee-access-0113,True,"['NIST.SP.800-61r3-0055', 'RFC8520-0031', 'NIST.IR.8259A-0022']",original,Benign,Detector confidence is below the validated threshold.,normal activity continuous monitoring avoid unnecessary disruption cybersecurity state logging incident notification response escalation operator IoT predicted family Benign proposed action NOTIFY_OPERATOR observed protocols TCP UDP HTTPS observed indicators traffic packet rate volume frequency average packet size traffic profile inter arrival time traffic timing TCP SYN connection attempts TCP SYN flag connection attempts,escalate,NIST.SP.800-61r3.pdf; RFC8520.txt; NIST.IR.8259A.pdf,unsupported,"The evidence supports monitoring and communication, but not operator notification from low confidence.",unsupported,"The evidence discusses monitoring, device state awareness, and packet-dropping behavior, but does not support notifying an operator.",remove,The independent checker found no useful support for the action.
CAPTURE_TRAFFIC,1,False,EG-O-0268,ieee-access-0114,True,"['ETSI.EN.303.645.V3.1.3-0078', 'ETSI.EN.303.645.V3.1.3-0079', 'NIST.SP.800-61r3-0067']",original,Web,Collect additional evidence before a disruptive decision.,SQL injection invalid data input application layer user interface prevent system manipulation collect network traffic evidence incident analysis monitoring IoT predicted family Web proposed action CAPTURE_TRAFFIC observed protocols TCP UDP HTTPS observed indicators traffic packet rate volume frequency average packet size traffic profile inter arrival time traffic timing TCP ACK responses TCP ACK flag responses,escalate,ETSI.EN.303.645.V3.1.3.pdf; ETSI.EN.303.645.V3.1.3.pdf; NIST.SP.800-61r3.pdf,generally_supported,"The excerpts support collecting and retaining evidence and capturing telemetry when invalid input is discarded, which generally supports traffic capture before action.",directly_supported,"NIST explicitly supports collecting and retaining incident evidence, directly supporting traffic capture for additional evidence.",keep,General support is sufficient for this non-disruptive action.
NOTIFY_OPERATOR,2,False,EG-O-0269,ieee-access-0114,True,"['ETSI.EN.303.645.V3.1.3-0078', 'ETSI.EN.303.645.V3.1.3-0079', 'NIST.SP.800-61r3-0062']",original,Web,Detector confidence is below the validated threshold.,SQL injection invalid data input application layer user interface prevent system manipulation incident notification response escalation operator IoT predicted family Web proposed action NOTIFY_OPERATOR observed protocols TCP UDP HTTPS observed indicators traffic packet rate volume frequency average packet size traffic profile inter arrival time traffic timing TCP ACK responses TCP ACK flag responses,escalate,ETSI.EN.303.645.V3.1.3.pdf; ETSI.EN.303.645.V3.1.3.pdf; NIST.SP.800-61r3.pdf,unsupported,"The evidence discusses validation and incident response tracking, not notifying an operator because of low confidence.",generally_supported,"The NIST excerpt generally supports incident reporting to operators, though it does not specifically tie that action to below-threshold confidence.",remove,The independent checker found no useful support for the action.
CAPTURE_TRAFFIC,1,False,EG-O-0270,ieee-access-0115,True,"['NIST.SP.800-61r3-0055', 'NIST.SP.800-213A-0053', 'RFC8520-0031']",original,Benign,Collect additional evidence before a disruptive decision.,normal activity continuous monitoring avoid unnecessary disruption cybersecurity state logging collect network traffic evidence incident analysis monitoring IoT predicted family Benign proposed action CAPTURE_TRAFFIC observed protocols TCP UDP ICMP HTTPS observed indicators traffic packet rate volume frequency average packet size traffic profile inter arrival time traffic timing TCP SYN connection attempts TCP SYN flag connection attempts,escalate,NIST.SP.800-61r3.pdf; NIST.SP.800-213A.pdf; RFC8520.txt,generally_supported,"The excerpts support monitoring and evidence retention, but not the specific traffic-capture action.",generally_supported,"The NIST excerpts support monitoring generally, but the RFC excerpt concerns packet-dropping policy, not traffic capture. The evidence does not directly support the concrete action of capturing traffic.",keep,General support is sufficient for this non-disruptive action.
NOTIFY_OPERATOR,2,False,EG-O-0271,ieee-access-0115,True,"['NIST.SP.800-61r3-0055', 'RFC8520-0031', 'NIST.IR.8259A-0022']",original,Benign,Detector confidence is below the validated threshold.,normal activity continuous monitoring avoid unnecessary disruption cybersecurity state logging incident notification response escalation operator IoT predicted family Benign proposed action NOTIFY_OPERATOR observed protocols TCP UDP ICMP HTTPS observed indicators traffic packet rate volume frequency average packet size traffic profile inter arrival time traffic timing TCP SYN connection attempts TCP SYN flag connection attempts,escalate,NIST.SP.800-61r3.pdf; RFC8520.txt; NIST.IR.8259A.pdf,unsupported,"The cited material supports monitoring and communication, but not operator notification from low confidence.",unsupported,"The evidence discusses monitoring, device state awareness, and packet-dropping behavior, but does not support notifying an operator.",remove,The independent checker found no useful support for the action.
NO_ACTION,1,False,EG-O-0272,ieee-access-0116,True,"['NIST.SP.800-61r3-0055', 'NIST.IR.8259A-0022', 'NIST.SP.800-213A-0053']",original,Benign,The detector classified the observation as benign.,normal activity continuous monitoring avoid unnecessary disruption cybersecurity state logging avoid unnecessary disruption continue observation IoT predicted family Benign proposed action NO_ACTION observed protocols TCP HTTPS observed indicators traffic packet rate volume frequency average packet size traffic profile inter arrival time traffic timing TCP ACK responses TCP ACK flag responses,monitor,NIST.SP.800-61r3.pdf; NIST.IR.8259A.pdf; NIST.SP.800-213A.pdf,unsupported,"The evidence supports monitoring and state awareness, but not a no-action decision.",unsupported,"The evidence supports monitoring and state awareness, not taking no action because an observation was classified benign.",remove,The independent checker found no useful support for the action.
MONITOR,2,False,EG-O-0273,ieee-access-0116,True,"['NIST.SP.800-61r3-0055', 'NIST.SP.800-213A-0053', 'NIST.SP.800-213A-0054']",original,Benign,Continue non-disruptive observation.,normal activity continuous monitoring avoid unnecessary disruption cybersecurity state logging continuous monitoring detect anomalous behavior security events IoT predicted family Benign proposed action MONITOR observed protocols TCP HTTPS observed indicators traffic packet rate volume frequency average packet size traffic profile inter arrival time traffic timing TCP ACK responses TCP ACK flag responses,monitor,NIST.SP.800-61r3.pdf; NIST.SP.800-213A.pdf; NIST.SP.800-213A.pdf,directly_supported,"The excerpts explicitly support continuous monitoring and identifying cybersecurity events, matching monitor.",directly_supported,"The excerpts explicitly support ongoing monitoring and identifying cybersecurity events, which directly supports the MONITOR action.",keep,The action has direct documentary support.
NO_ACTION,1,False,EG-O-0274,ieee-access-0117,True,"['NIST.SP.800-61r3-0055', 'NIST.IR.8259A-0022', 'NIST.SP.800-213A-0053']",original,Benign,The detector classified the observation as benign.,normal activity continuous monitoring avoid unnecessary disruption cybersecurity state logging avoid unnecessary disruption continue observation IoT predicted family Benign proposed action NO_ACTION observed protocols TCP HTTPS observed indicators traffic packet rate volume frequency average packet size traffic profile inter arrival time traffic timing TCP ACK responses TCP ACK flag responses,monitor,NIST.SP.800-61r3.pdf; NIST.IR.8259A.pdf; NIST.SP.800-213A.pdf,unsupported,"The cited material supports monitoring and state awareness, but not a no-action decision.",unsupported,"The evidence supports monitoring and state awareness, not taking no action because an observation was classified benign.",remove,The independent checker found no useful support for the action.
MONITOR,2,False,EG-O-0275,ieee-access-0117,True,"['NIST.SP.800-61r3-0055', 'NIST.SP.800-213A-0053', 'NIST.SP.800-213A-0054']",original,Benign,Continue non-disruptive observation.,normal activity continuous monitoring avoid unnecessary disruption cybersecurity state logging continuous monitoring detect anomalous behavior security events IoT predicted family Benign proposed action MONITOR observed protocols TCP HTTPS observed indicators traffic packet rate volume frequency average packet size traffic profile inter arrival time traffic timing TCP ACK responses TCP ACK flag responses,monitor,NIST.SP.800-61r3.pdf; NIST.SP.800-213A.pdf; NIST.SP.800-213A.pdf,directly_supported,"The excerpts explicitly support continuous monitoring and detection of adverse events, matching monitor.",directly_supported,"The excerpts explicitly support ongoing monitoring and identifying cybersecurity events, which directly supports the MONITOR action.",keep,The action has direct documentary support.
NO_ACTION,1,False,EG-O-0276,ieee-access-0118,True,"['NIST.SP.800-61r3-0055', 'NIST.IR.8259A-0022', 'NIST.SP.800-213A-0053']",original,Benign,The detector classified the observation as benign.,normal activity continuous monitoring avoid unnecessary disruption cybersecurity state logging avoid unnecessary disruption continue observation IoT predicted family Benign proposed action NO_ACTION observed protocols TCP UDP HTTPS observed indicators traffic packet rate volume frequency average packet size traffic profile inter arrival time traffic timing TCP ACK responses TCP ACK flag responses,monitor,NIST.SP.800-61r3.pdf; NIST.IR.8259A.pdf; NIST.SP.800-213A.pdf,unsupported,"The evidence supports monitoring and state awareness, but not a no-action decision.",unsupported,"The evidence supports monitoring and state awareness, not taking no action because an observation was classified benign.",remove,The independent checker found no useful support for the action.
MONITOR,2,False,EG-O-0277,ieee-access-0118,True,"['NIST.SP.800-61r3-0055', 'NIST.SP.800-213A-0053', 'NIST.SP.800-213A-0054']",original,Benign,Continue non-disruptive observation.,normal activity continuous monitoring avoid unnecessary disruption cybersecurity state logging continuous monitoring detect anomalous behavior security events IoT predicted family Benign proposed action MONITOR observed protocols TCP UDP HTTPS observed indicators traffic packet rate volume frequency average packet size traffic profile inter arrival time traffic timing TCP ACK responses TCP ACK flag responses,monitor,NIST.SP.800-61r3.pdf; NIST.SP.800-213A.pdf; NIST.SP.800-213A.pdf,directly_supported,"The excerpts explicitly support continuous monitoring and event identification, matching monitor.",directly_supported,"The excerpts explicitly support ongoing monitoring and identifying cybersecurity events, which directly supports the MONITOR action.",keep,The action has direct documentary support.
NO_ACTION,1,False,EG-O-0278,ieee-access-0119,True,"['NIST.SP.800-61r3-0055', 'NIST.IR.8259A-0022', 'NIST.SP.800-213A-0053']",original,Benign,The detector classified the observation as benign.,normal activity continuous monitoring avoid unnecessary disruption cybersecurity state logging avoid unnecessary disruption continue observation IoT predicted family Benign proposed action NO_ACTION observed protocols TCP UDP HTTPS DNS observed indicators traffic packet rate volume frequency average packet size traffic profile inter arrival time traffic timing TCP ACK responses TCP ACK flag responses,monitor,NIST.SP.800-61r3.pdf; NIST.IR.8259A.pdf; NIST.SP.800-213A.pdf,unsupported,"The cited material supports monitoring and state awareness, but not a no-action decision.",unsupported,"The evidence supports monitoring and state awareness, not taking no action because an observation was classified benign.",remove,The independent checker found no useful support for the action.
MONITOR,2,False,EG-O-0279,ieee-access-0119,True,"['NIST.SP.800-61r3-0055', 'NIST.SP.800-213A-0053', 'NIST.SP.800-213A-0054']",original,Benign,Continue non-disruptive observation.,normal activity continuous monitoring avoid unnecessary disruption cybersecurity state logging continuous monitoring detect anomalous behavior security events IoT predicted family Benign proposed action MONITOR observed protocols TCP UDP HTTPS DNS observed indicators traffic packet rate volume frequency average packet size traffic profile inter arrival time traffic timing TCP ACK responses TCP ACK flag responses,monitor,NIST.SP.800-61r3.pdf; NIST.SP.800-213A.pdf; NIST.SP.800-213A.pdf,directly_supported,"The excerpts explicitly support continuous monitoring and identifying cybersecurity events, matching monitor.",directly_supported,"The excerpts explicitly support ongoing monitoring and identifying cybersecurity events, which directly supports the MONITOR action.",keep,The action has direct documentary support.
NO_ACTION,1,False,EG-O-0280,ieee-access-0120,True,"['NIST.SP.800-61r3-0055', 'NIST.IR.8259A-0022', 'NIST.SP.800-213A-0053']",original,Benign,The detector classified the observation as benign.,normal activity continuous monitoring avoid unnecessary disruption cybersecurity state logging avoid unnecessary disruption continue observation IoT predicted family Benign proposed action NO_ACTION observed protocols TCP UDP HTTPS observed indicators traffic packet rate volume frequency average packet size traffic profile inter arrival time traffic timing TCP ACK responses TCP ACK flag responses,monitor,NIST.SP.800-61r3.pdf; NIST.IR.8259A.pdf; NIST.SP.800-213A.pdf,unsupported,"The evidence supports monitoring and state awareness, but not a no-action decision.",unsupported,"The evidence supports monitoring and state awareness, not taking no action because an observation was classified benign.",remove,The independent checker found no useful support for the action.
MONITOR,2,False,EG-O-0281,ieee-access-0120,True,"['NIST.SP.800-61r3-0055', 'NIST.SP.800-213A-0053', 'NIST.SP.800-213A-0054']",original,Benign,Continue non-disruptive observation.,normal activity continuous monitoring avoid unnecessary disruption cybersecurity state logging continuous monitoring detect anomalous behavior security events IoT predicted family Benign proposed action MONITOR observed protocols TCP UDP HTTPS observed indicators traffic packet rate volume frequency average packet size traffic profile inter arrival time traffic timing TCP ACK responses TCP ACK flag responses,monitor,NIST.SP.800-61r3.pdf; NIST.SP.800-213A.pdf; NIST.SP.800-213A.pdf,directly_supported,"The excerpts explicitly support continuous monitoring and event identification, matching monitor.",directly_supported,"The excerpts explicitly support ongoing monitoring and identifying cybersecurity events, which directly supports the MONITOR action.",keep,The action has direct documentary support.
CAPTURE_TRAFFIC,1,False,EG-O-0282,ieee-access-0121,True,"['NIST.SP.800-61r3-0067', 'RFC8576-0026', 'RFC8520-0022']",original,Spoofing,Collect additional evidence before a disruptive decision.,spoofing impersonation authentication network access control identity collect network traffic evidence incident analysis monitoring IoT predicted family Spoofing proposed action CAPTURE_TRAFFIC observed protocols TCP UDP HTTP HTTPS observed indicators traffic packet rate volume frequency average packet size traffic profile inter arrival time traffic timing TCP ACK responses TCP ACK flag responses,escalate,NIST.SP.800-61r3.pdf; RFC8576.txt; RFC8520.txt,generally_supported,"The excerpts support collecting and retaining incident evidence, but they do not explicitly justify the specific traffic-capture action.",generally_supported,"The NIST excerpt supports collecting and retaining incident evidence, which generally supports gathering more evidence before disruptive action. It does not specifically support traffic capture.",keep,General support is sufficient for this non-disruptive action.
NOTIFY_OPERATOR,2,False,EG-O-0283,ieee-access-0121,True,"['RFC8520-0022', 'NIST.SP.800-61r3-0062', 'NIST.SP.800-61r3-0068']",original,Spoofing,Detector confidence is below the validated threshold.,spoofing impersonation authentication network access control identity incident notification response escalation operator IoT predicted family Spoofing proposed action NOTIFY_OPERATOR observed protocols TCP UDP HTTP HTTPS observed indicators traffic packet rate volume frequency average packet size traffic profile inter arrival time traffic timing TCP ACK responses TCP ACK flag responses,escalate,RFC8520.txt; NIST.SP.800-61r3.pdf; NIST.SP.800-61r3.pdf,generally_supported,"The excerpts support incident reporting/notification, but they do not explicitly support notifying the operator because confidence is below threshold.",generally_supported,"The NIST excerpts support incident communication/notification, which generally supports notifying an operator. They do not specifically support notification based on below-threshold detector confidence.",keep,General support is sufficient for this non-disruptive action.
CAPTURE_TRAFFIC,1,False,EG-O-0284,ieee-access-0122,True,"['NIST.SP.800-61r3-0067', 'RFC8576-0026', 'RFC8576-0067']",original,Spoofing,Collect additional evidence before a disruptive decision.,spoofing impersonation authentication network access control identity collect network traffic evidence incident analysis monitoring IoT predicted family Spoofing proposed action CAPTURE_TRAFFIC observed protocols TCP HTTPS observed indicators traffic packet rate volume frequency average packet size traffic profile inter arrival time traffic timing TCP ACK responses TCP ACK flag responses,escalate,NIST.SP.800-61r3.pdf; RFC8576.txt; RFC8576.txt,generally_supported,"The evidence-preservation excerpt supports retaining incident data, but it does not explicitly support traffic capture.",generally_supported,The NIST evidence collection guidance generally supports collecting incident evidence. It does not explicitly support capturing network traffic as the means.,keep,General support is sufficient for this non-disruptive action.
NOTIFY_OPERATOR,2,False,EG-O-0285,ieee-access-0122,True,"['NIST.SP.800-61r3-0062', 'NIST.SP.800-61r3-0068', 'NIST.SP.800-213A-0065']",original,Spoofing,Detector confidence is below the validated threshold.,spoofing impersonation authentication network access control identity incident notification response escalation operator IoT predicted family Spoofing proposed action NOTIFY_OPERATOR observed protocols TCP HTTPS observed indicators traffic packet rate volume frequency average packet size traffic profile inter arrival time traffic timing TCP ACK responses TCP ACK flag responses,escalate,NIST.SP.800-61r3.pdf; NIST.SP.800-61r3.pdf; NIST.SP.800-213A.pdf,generally_supported,"The excerpts support incident notification and coordination, which is adjacent to notifying an operator, but they do not support the threshold-based rationale.",generally_supported,The NIST incident communication excerpts generally support notifying an operator or relevant stakeholders. They do not specifically justify this action from low detector confidence.,keep,General support is sufficient for this non-disruptive action.
CAPTURE_TRAFFIC,1,False,EG-O-0286,ieee-access-0123,True,"['NIST.SP.800-61r3-0067', 'RFC8576-0026', 'RFC8576-0067']",original,Spoofing,Collect additional evidence before a disruptive decision.,spoofing impersonation authentication network access control identity collect network traffic evidence incident analysis monitoring IoT predicted family Spoofing proposed action CAPTURE_TRAFFIC observed protocols TCP HTTPS observed indicators traffic packet rate volume frequency average packet size traffic profile inter arrival time traffic timing TCP ACK responses TCP ACK flag responses,escalate,NIST.SP.800-61r3.pdf; RFC8576.txt; RFC8576.txt,generally_supported,"The excerpts support collecting and retaining evidence, but they do not explicitly justify packet capture.",generally_supported,The NIST excerpt generally supports evidence collection and retention from incidents. It does not specifically endorse traffic capture.,keep,General support is sufficient for this non-disruptive action.
NOTIFY_OPERATOR,2,False,EG-O-0287,ieee-access-0123,True,"['NIST.SP.800-61r3-0062', 'NIST.SP.800-61r3-0068', 'NIST.SP.800-213A-0065']",original,Spoofing,Detector confidence is below the validated threshold.,spoofing impersonation authentication network access control identity incident notification response escalation operator IoT predicted family Spoofing proposed action NOTIFY_OPERATOR observed protocols TCP HTTPS observed indicators traffic packet rate volume frequency average packet size traffic profile inter arrival time traffic timing TCP ACK responses TCP ACK flag responses,escalate,NIST.SP.800-61r3.pdf; NIST.SP.800-61r3.pdf; NIST.SP.800-213A.pdf,generally_supported,"The excerpts support incident reporting/notification, but they do not explicitly support operator notification under the stated threshold rationale.",generally_supported,The incident response communication/reporting excerpts generally support notifying operators/stakeholders. They do not specifically support notification because confidence is below threshold.,keep,General support is sufficient for this non-disruptive action.
CAPTURE_TRAFFIC,1,False,EG-O-0288,ieee-access-0124,True,"['NIST.SP.800-61r3-0067', 'RFC8576-0026', 'RFC8576-0067']",original,Spoofing,Collect additional evidence before a disruptive decision.,spoofing impersonation authentication network access control identity collect network traffic evidence incident analysis monitoring IoT predicted family Spoofing proposed action CAPTURE_TRAFFIC observed protocols TCP HTTPS observed indicators traffic packet rate volume frequency average packet size traffic profile inter arrival time traffic timing TCP ACK responses TCP ACK flag responses,escalate,NIST.SP.800-61r3.pdf; RFC8576.txt; RFC8576.txt,generally_supported,"The evidence-preservation excerpt supports retaining incident data, but it does not explicitly support traffic capture.",generally_supported,The cited NIST evidence-preservation text generally supports collecting incident evidence before disruptive decisions. It does not directly support packet/traffic capture.,keep,General support is sufficient for this non-disruptive action.
NOTIFY_OPERATOR,2,False,EG-O-0289,ieee-access-0124,True,"['NIST.SP.800-61r3-0062', 'NIST.SP.800-61r3-0068', 'NIST.SP.800-213A-0065']",original,Spoofing,Detector confidence is below the validated threshold.,spoofing impersonation authentication network access control identity incident notification response escalation operator IoT predicted family Spoofing proposed action NOTIFY_OPERATOR observed protocols TCP HTTPS observed indicators traffic packet rate volume frequency average packet size traffic profile inter arrival time traffic timing TCP ACK responses TCP ACK flag responses,escalate,NIST.SP.800-61r3.pdf; NIST.SP.800-61r3.pdf; NIST.SP.800-213A.pdf,generally_supported,"The excerpts support incident reporting and coordination, which is related to operator notification, but they do not explicitly justify the action.",generally_supported,The NIST communication excerpts generally support operator notification as part of incident response. They do not specifically support using notification because confidence is below threshold.,keep,General support is sufficient for this non-disruptive action.
CAPTURE_TRAFFIC,1,False,EG-O-0290,ieee-access-0125,True,"['NIST.SP.800-61r3-0067', 'RFC8576-0026', 'RFC8520-0022']",original,Spoofing,Collect additional evidence before a disruptive decision.,spoofing impersonation authentication network access control identity collect network traffic evidence incident analysis monitoring IoT predicted family Spoofing proposed action CAPTURE_TRAFFIC observed protocols TCP UDP HTTPS ARP observed indicators traffic packet rate volume frequency average packet size traffic profile inter arrival time traffic timing TCP ACK responses TCP ACK flag responses,escalate,NIST.SP.800-61r3.pdf; RFC8576.txt; RFC8520.txt,generally_supported,"The evidence-preservation excerpt supports collecting incident data, but it does not explicitly support traffic capture.",generally_supported,The NIST evidence collection guidance generally supports gathering and retaining evidence from an incident. It does not explicitly support capturing traffic as the specific action.,keep,General support is sufficient for this non-disruptive action.
NOTIFY_OPERATOR,2,False,EG-O-0291,ieee-access-0125,True,"['RFC8520-0022', 'NIST.SP.800-61r3-0062', 'NIST.SP.800-61r3-0068']",original,Spoofing,Detector confidence is below the validated threshold.,spoofing impersonation authentication network access control identity incident notification response escalation operator IoT predicted family Spoofing proposed action NOTIFY_OPERATOR observed protocols TCP UDP HTTPS ARP observed indicators traffic packet rate volume frequency average packet size traffic profile inter arrival time traffic timing TCP ACK responses TCP ACK flag responses,escalate,RFC8520.txt; NIST.SP.800-61r3.pdf; NIST.SP.800-61r3.pdf,generally_supported,"The excerpts support incident reporting and coordination, which is compatible with notifying an operator, but they do not justify the threshold-based rationale.",generally_supported,The NIST reporting/communication excerpts generally support notifying relevant parties. They do not specifically justify operator notification because the detector confidence is below threshold.,keep,General support is sufficient for this non-disruptive action.
INCREASE_LOGGING,1,False,EG-O-0292,ieee-access-0126,True,"['RFC8520-0022', 'NIST.SP.800-213A-0065', 'NIST.SP.800-61r3-0062']",original,Spoofing,Collect additional evidence on the anomalous flow pattern while preserving the current service state.,spoofing impersonation authentication network access control identity increase security event logging monitoring incident analysis IoT predicted family Spoofing proposed action INCREASE_LOGGING observed protocols TCP UDP observed indicators traffic packet rate volume frequency average packet size traffic profile inter arrival time traffic timing TCP ACK responses TCP ACK flag responses,plan,RFC8520.txt; NIST.SP.800-213A.pdf; NIST.SP.800-61r3.pdf,generally_supported,"The excerpts support anti-spoofing and traffic-flow policy concepts, but they do not explicitly support increasing logging.",unsupported,"The excerpts address access-control features, session tracking, anti-spoofing capability, and incident status tracking, but do not support increasing logging or collecting added telemetry while preserving service state.",keep,General support is sufficient for this non-disruptive action.
CAPTURE_TRAFFIC,2,False,EG-O-0293,ieee-access-0126,True,"['NIST.SP.800-61r3-0067', 'RFC8576-0026', 'RFC8520-0022']",original,Spoofing,"Traffic capture can validate whether the flow reflects spoofing, reflection, or other impersonation behavior.",spoofing impersonation authentication network access control identity collect network traffic evidence incident analysis monitoring IoT predicted family Spoofing proposed action CAPTURE_TRAFFIC observed protocols TCP UDP observed indicators traffic packet rate volume frequency average packet size traffic profile inter arrival time traffic timing TCP ACK responses TCP ACK flag responses,plan,NIST.SP.800-61r3.pdf; RFC8576.txt; RFC8520.txt,generally_supported,"The evidence-preservation excerpt supports collecting incident data, but it does not explicitly support traffic capture for spoofing/reflection validation.",generally_supported,"The NIST excerpt generally supports collecting and retaining incident evidence, which broadly supports evidence gathering for validation. It does not directly support traffic capture as the concrete action.",keep,General support is sufficient for this non-disruptive action.
NOTIFY_OPERATOR,3,False,EG-O-0294,ieee-access-0126,True,"['RFC8520-0022', 'NIST.SP.800-61r3-0062', 'NIST.SP.800-61r3-0068']",original,Spoofing,Human review is appropriate because the alert is highly confident but lacks a validated device identifier.,spoofing impersonation authentication network access control identity incident notification response escalation operator IoT predicted family Spoofing proposed action NOTIFY_OPERATOR observed protocols TCP UDP observed indicators traffic packet rate volume frequency average packet size traffic profile inter arrival time traffic timing TCP ACK responses TCP ACK flag responses,plan,RFC8520.txt; NIST.SP.800-61r3.pdf; NIST.SP.800-61r3.pdf,generally_supported,"The excerpts support incident reporting/notification and coordination, but not the specific operator-notification rationale about a missing validated identifier.",generally_supported,The NIST communication/reporting excerpts generally support notifying operators/stakeholders during incident response. They do not specifically support human review because of high confidence plus unvalidated device identity.,keep,General support is sufficient for this non-disruptive action.
INCREASE_LOGGING,1,False,EG-O-0295,ieee-access-0127,True,"['NIST.SP.800-213A-0065', 'NIST.SP.800-61r3-0062', 'RFC8576-0026']",original,Spoofing,Improves forensic visibility for a high-confidence spoofing alert without assuming a specific device identity.,spoofing impersonation authentication network access control identity increase security event logging monitoring incident analysis IoT predicted family Spoofing proposed action INCREASE_LOGGING observed protocols TCP HTTPS observed indicators traffic packet rate volume frequency average packet size traffic profile inter arrival time traffic timing TCP ACK responses TCP ACK flag responses,plan,NIST.SP.800-213A.pdf; NIST.SP.800-61r3.pdf; RFC8576.txt,generally_supported,"The excerpts support anti-spoofing and session tracking, which aligns with improving visibility, but they do not explicitly recommend increasing logging.",unsupported,"The excerpts mention session identifiers, anti-spoofing, and incident tracking, but do not support increasing logging or improving forensic visibility through additional telemetry.",keep,General support is sufficient for this non-disruptive action.
CAPTURE_TRAFFIC,2,False,EG-O-0296,ieee-access-0127,True,"['NIST.SP.800-61r3-0067', 'RFC8576-0026', 'RFC8576-0067']",original,Spoofing,Preserves evidence to validate whether the pattern reflects spoofed traffic or benign encrypted activity.,spoofing impersonation authentication network access control identity collect network traffic evidence incident analysis monitoring IoT predicted family Spoofing proposed action CAPTURE_TRAFFIC observed protocols TCP HTTPS observed indicators traffic packet rate volume frequency average packet size traffic profile inter arrival time traffic timing TCP ACK responses TCP ACK flag responses,plan,NIST.SP.800-61r3.pdf; RFC8576.txt; RFC8576.txt,generally_supported,"The evidence-preservation excerpt supports retaining incident data, but it does not explicitly support traffic capture.",generally_supported,The NIST evidence-retention excerpt generally supports preserving incident evidence. It does not explicitly support packet capture or traffic capture for spoofing validation.,keep,General support is sufficient for this non-disruptive action.
NOTIFY_OPERATOR,3,False,EG-O-0297,ieee-access-0127,True,"['NIST.SP.800-61r3-0062', 'NIST.SP.800-61r3-0068', 'NIST.SP.800-213A-0065']",original,Spoofing,Requires human review because mitigation intent cannot execute and the alert lacks a validated device identifier.,spoofing impersonation authentication network access control identity incident notification response escalation operator IoT predicted family Spoofing proposed action NOTIFY_OPERATOR observed protocols TCP HTTPS observed indicators traffic packet rate volume frequency average packet size traffic profile inter arrival time traffic timing TCP ACK responses TCP ACK flag responses,plan,NIST.SP.800-61r3.pdf; NIST.SP.800-61r3.pdf; NIST.SP.800-213A.pdf,generally_supported,"The excerpts support incident reporting and coordination, which is adjacent to notifying an operator, but they do not explicitly support the stated rationale.",generally_supported,The NIST communication/reporting excerpts generally support notifying relevant stakeholders/operators in incident response. They do not specifically support notification because mitigation cannot execute and identity is unvalidated.,keep,General support is sufficient for this non-disruptive action.
INCREASE_LOGGING,1,False,EG-O-0298,ieee-access-0128,True,"['RFC8520-0031', 'RFC8520-0022', 'NIST.SP.800-213A-0065']",original,Spoofing,"Increase telemetry to preserve evidence and clarify whether the flow pattern represents spoofing, replay, or misconfiguration.",spoofing impersonation authentication network access control identity increase security event logging monitoring incident analysis IoT predicted family Spoofing proposed action INCREASE_LOGGING observed protocols TCP UDP HTTP HTTPS DNS ARP observed indicators traffic packet rate volume frequency average packet size traffic profile inter arrival time traffic timing TCP SYN connection attempts TCP SYN flag connection attempts,plan,RFC8520.txt; RFC8520.txt; NIST.SP.800-213A.pdf,generally_supported,"The excerpts mention stateful TCP direction checks and traffic-flow policies, which support observing traffic patterns, but they do not explicitly recommend increasing logging.",unsupported,"The excerpts discuss TCP directionality/stateful policy and traffic-flow enforcement capabilities, but not increasing logging or telemetry collection to preserve evidence.",keep,General support is sufficient for this non-disruptive action.
CAPTURE_TRAFFIC,2,False,EG-O-0299,ieee-access-0128,True,"['RFC8520-0031', 'NIST.SP.800-61r3-0067', 'NIST.SP.800-213A-0065']",original,Spoofing,Collect packet-level evidence for offline triage because the alert lacks a validated device identifier.,spoofing impersonation authentication network access control identity collect network traffic evidence incident analysis monitoring IoT predicted family Spoofing proposed action CAPTURE_TRAFFIC observed protocols TCP UDP HTTP HTTPS DNS ARP observed indicators traffic packet rate volume frequency average packet size traffic profile inter arrival time traffic timing TCP SYN connection attempts TCP SYN flag connection attempts,plan,RFC8520.txt; NIST.SP.800-61r3.pdf; NIST.SP.800-213A.pdf,generally_supported,"The excerpts support collecting incident evidence, but they do not explicitly justify packet capture.",generally_supported,"NIST SP 800-61r3 supports collecting and retaining incident evidence, which generally supports evidence preservation for offline triage. The excerpts do not directly support packet capture as the specific mechanism.",keep,General support is sufficient for this non-disruptive action.
RESTRICT_EGRESS,3,True,EG-O-0300,ieee-access-0128,True,"['RFC8520-0031', 'RFC8520-0022', 'NIST.IR.8259A-0018']",original,Spoofing,Limit possible misuse while avoiding full isolation; appropriate for high-confidence spoofing with uncertain endpoint identity.,spoofing impersonation authentication network access control identity restrict outbound communication approved destinations network access policy MUD IoT predicted family Spoofing proposed action RESTRICT_EGRESS observed protocols TCP UDP HTTP HTTPS DNS ARP observed indicators traffic packet rate volume frequency average packet size traffic profile inter arrival time traffic timing TCP SYN connection attempts TCP SYN flag connection attempts,plan,RFC8520.txt; RFC8520.txt; NIST.IR.8259A.pdf,generally_supported,"The RFC/NIST excerpts support restricting device interfaces and traffic flows, but they do not specifically justify egress restriction as the recommended containment action for spoofing.",generally_supported,"RFC 8520 and NIST IR 8259A support restricting device network access/traffic flows and using ACL-based allow/drop controls, which generally supports restricting egress. The excerpts do not explicitly recommend egress restriction specifically for high-confidence spoofing with uncertain identity.",remove,General evidence is insufficient for a disruptive action without human approval.
INCREASE_LOGGING,1,False,EG-O-0301,ieee-access-0129,True,"['NIST.SP.800-213A-0065', 'NIST.SP.800-61r3-0062', 'RFC8576-0026']",original,Spoofing,"Capture additional telemetry to validate whether the flow reflects impersonation, replay, or abnormal authenticated access.",spoofing impersonation authentication network access control identity increase security event logging monitoring incident analysis IoT predicted family Spoofing proposed action INCREASE_LOGGING observed protocols TCP HTTPS observed indicators traffic packet rate volume frequency average packet size traffic profile inter arrival time traffic timing TCP ACK responses TCP ACK flag responses,plan,NIST.SP.800-213A.pdf; NIST.SP.800-61r3.pdf; RFC8576.txt,generally_supported,"The excerpts support session tracking and anti-spoofing, which aligns with increased telemetry, but they do not explicitly recommend increasing logging.",unsupported,"The excerpts cover session identifiers, anti-spoofing capability, and incident tracking, but do not support increasing logging or capturing additional telemetry.",keep,General support is sufficient for this non-disruptive action.
CAPTURE_TRAFFIC,2,False,EG-O-0302,ieee-access-0129,True,"['NIST.SP.800-61r3-0067', 'RFC8576-0026', 'RFC8576-0067']",original,Spoofing,Preserve evidence for offline review because the alert is high-confidence but device identity is not validated.,spoofing impersonation authentication network access control identity collect network traffic evidence incident analysis monitoring IoT predicted family Spoofing proposed action CAPTURE_TRAFFIC observed protocols TCP HTTPS observed indicators traffic packet rate volume frequency average packet size traffic profile inter arrival time traffic timing TCP ACK responses TCP ACK flag responses,plan,NIST.SP.800-61r3.pdf; RFC8576.txt; RFC8576.txt,generally_supported,"The evidence-preservation excerpt supports retaining incident data, but it does not explicitly support packet capture.",generally_supported,The NIST evidence-preservation excerpt generally supports preserving incident evidence for review. It does not explicitly support traffic capture as the means.,keep,General support is sufficient for this non-disruptive action.
NOTIFY_OPERATOR,3,False,EG-O-0303,ieee-access-0129,True,"['NIST.SP.800-61r3-0062', 'NIST.SP.800-61r3-0068', 'NIST.SP.800-213A-0065']",original,Spoofing,Human review is needed to confirm whether this is malicious spoofing or an unusual but legitimate session.,spoofing impersonation authentication network access control identity incident notification response escalation operator IoT predicted family Spoofing proposed action NOTIFY_OPERATOR observed protocols TCP HTTPS observed indicators traffic packet rate volume frequency average packet size traffic profile inter arrival time traffic timing TCP ACK responses TCP ACK flag responses,plan,NIST.SP.800-61r3.pdf; NIST.SP.800-61r3.pdf; NIST.SP.800-213A.pdf,generally_supported,"The excerpts support incident reporting/coordination and tracking, which is consistent with human review, but they do not explicitly justify operator notification.",generally_supported,The NIST communication/reporting excerpts generally support notifying operators or relevant parties during incident response. They do not specifically support human review to distinguish malicious spoofing from legitimate unusual sessions.,keep,General support is sufficient for this non-disruptive action.
RESTRICT_EGRESS,1,True,EG-O-0304,ieee-access-0130,True,"['RFC8520-0022', 'NIST.IR.8259A-0018', 'RFC8520-0044']",original,Spoofing,Applied the predefined bounded policy default.,spoofing impersonation authentication network access control identity restrict outbound communication approved destinations network access policy MUD IoT predicted family Spoofing proposed action RESTRICT_EGRESS observed protocols TCP HTTPS observed indicators traffic packet rate volume frequency average packet size traffic profile inter arrival time traffic timing TCP ACK responses TCP ACK flag responses,plan,RFC8520.txt; NIST.IR.8259A.pdf; RFC8520.txt,generally_supported,"The excerpts support access control and dropping/accepting traffic policies, which are related to egress restriction, but they do not explicitly support the spoofing-specific containment recommendation.",generally_supported,"RFC 8520 and NIST IR 8259A support ACL-based traffic restrictions and restricting access to network interfaces, which generally supports restricting egress. The excerpts do not directly support applying this exact predefined bounded policy default.",remove,General evidence is insufficient for a disruptive action without human approval.
CAPTURE_TRAFFIC,2,False,EG-O-0305,ieee-access-0130,True,"['NIST.SP.800-61r3-0067', 'RFC8576-0026', 'RFC8576-0067']",original,Spoofing,Applied the predefined bounded policy default.,spoofing impersonation authentication network access control identity collect network traffic evidence incident analysis monitoring IoT predicted family Spoofing proposed action CAPTURE_TRAFFIC observed protocols TCP HTTPS observed indicators traffic packet rate volume frequency average packet size traffic profile inter arrival time traffic timing TCP ACK responses TCP ACK flag responses,plan,NIST.SP.800-61r3.pdf; RFC8576.txt; RFC8576.txt,generally_supported,"The evidence-preservation excerpt supports retaining incident data, but it does not explicitly support traffic capture.",generally_supported,The NIST evidence-collection excerpt generally supports collecting and retaining incident evidence. It does not directly support packet/traffic capture or this predefined policy default.,keep,General support is sufficient for this non-disruptive action.
NOTIFY_OPERATOR,3,False,EG-O-0306,ieee-access-0130,True,"['NIST.SP.800-61r3-0062', 'NIST.SP.800-61r3-0068', 'NIST.SP.800-213A-0065']",original,Spoofing,Applied the predefined bounded policy default.,spoofing impersonation authentication network access control identity incident notification response escalation operator IoT predicted family Spoofing proposed action NOTIFY_OPERATOR observed protocols TCP HTTPS observed indicators traffic packet rate volume frequency average packet size traffic profile inter arrival time traffic timing TCP ACK responses TCP ACK flag responses,plan,NIST.SP.800-61r3.pdf; NIST.SP.800-61r3.pdf; NIST.SP.800-213A.pdf,generally_supported,"The excerpts support incident reporting and coordination, which is adjacent to notifying an operator, but they do not explicitly justify the threshold-based rationale.",generally_supported,"The NIST excerpts generally support incident reporting and communication, which supports notifying an operator in broad terms. They do not specifically support this predefined bounded policy default for notification.",keep,General support is sufficient for this non-disruptive action.
CAPTURE_TRAFFIC,1,False,EG-O-0307,ieee-access-0131,True,"['NIST.SP.800-61r3-0055', 'NIST.SP.800-213A-0053', 'NIST.SP.800-61r3-0067']",original,Benign,Collect additional evidence before a disruptive decision.,normal activity continuous monitoring avoid unnecessary disruption cybersecurity state logging collect network traffic evidence incident analysis monitoring IoT predicted family Benign proposed action CAPTURE_TRAFFIC observed protocols TCP UDP HTTPS ARP observed indicators traffic packet rate volume frequency average packet size traffic profile inter arrival time traffic timing TCP ACK responses TCP ACK flag responses,escalate,NIST.SP.800-61r3.pdf; NIST.SP.800-213A.pdf; NIST.SP.800-61r3.pdf,generally_supported,"The excerpts support monitoring and evidence retention, but not specifically traffic capture.",generally_supported,"The excerpts support monitoring and collecting incident evidence generally, but do not explicitly support the specific action of capturing network traffic before a decision.",keep,General support is sufficient for this non-disruptive action.
NOTIFY_OPERATOR,2,False,EG-O-0308,ieee-access-0131,True,"['NIST.SP.800-61r3-0055', 'NIST.IR.8259A-0022', 'NIST.SP.800-61r3-0068']",original,Benign,Detector confidence is below the validated threshold.,normal activity continuous monitoring avoid unnecessary disruption cybersecurity state logging incident notification response escalation operator IoT predicted family Benign proposed action NOTIFY_OPERATOR observed protocols TCP UDP HTTPS ARP observed indicators traffic packet rate volume frequency average packet size traffic profile inter arrival time traffic timing TCP ACK responses TCP ACK flag responses,escalate,NIST.SP.800-61r3.pdf; NIST.IR.8259A.pdf; NIST.SP.800-61r3.pdf,unsupported,"The excerpts support monitoring and communication, but not operator notification from low confidence.",generally_supported,"The cited text supports reporting/communication and making device state available to authorized entities, which generally aligns with notifying an operator, but it does not specifically justify notification due to low detector confidence.",remove,The independent checker found no useful support for the action.
CAPTURE_TRAFFIC,1,False,EG-O-0309,ieee-access-0132,True,"['NIST.SP.800-61r3-0055', 'NIST.SP.800-213A-0053', 'NIST.SP.800-61r3-0067']",original,Benign,Collect additional evidence before a disruptive decision.,normal activity continuous monitoring avoid unnecessary disruption cybersecurity state logging collect network traffic evidence incident analysis monitoring IoT predicted family Benign proposed action CAPTURE_TRAFFIC observed protocols TCP UDP HTTPS DNS observed indicators traffic packet rate volume frequency average packet size traffic profile inter arrival time traffic timing TCP ACK responses TCP ACK flag responses,escalate,NIST.SP.800-61r3.pdf; NIST.SP.800-213A.pdf; NIST.SP.800-61r3.pdf,generally_supported,"The excerpts support monitoring and evidence retention, but not specifically traffic capture.",generally_supported,"The excerpts support monitoring and collecting incident evidence generally, but do not explicitly support the specific action of capturing network traffic before a decision.",keep,General support is sufficient for this non-disruptive action.
NOTIFY_OPERATOR,2,False,EG-O-0310,ieee-access-0132,True,"['NIST.SP.800-61r3-0055', 'NIST.IR.8259A-0022', 'NIST.SP.800-61r3-0068']",original,Benign,Detector confidence is below the validated threshold.,normal activity continuous monitoring avoid unnecessary disruption cybersecurity state logging incident notification response escalation operator IoT predicted family Benign proposed action NOTIFY_OPERATOR observed protocols TCP UDP HTTPS DNS observed indicators traffic packet rate volume frequency average packet size traffic profile inter arrival time traffic timing TCP ACK responses TCP ACK flag responses,escalate,NIST.SP.800-61r3.pdf; NIST.IR.8259A.pdf; NIST.SP.800-61r3.pdf,unsupported,"The evidence supports monitoring and communication, but not operator notification from low confidence.",generally_supported,"The cited text supports reporting/communication and making device state available to authorized entities, which generally aligns with notifying an operator, but it does not specifically justify notification due to low detector confidence.",remove,The independent checker found no useful support for the action.
CAPTURE_TRAFFIC,1,False,EG-O-0311,ieee-access-0133,True,"['NIST.SP.800-61r3-0055', 'NIST.SP.800-213A-0053', 'NIST.SP.800-61r3-0067']",original,Benign,Collect additional evidence before a disruptive decision.,normal activity continuous monitoring avoid unnecessary disruption cybersecurity state logging collect network traffic evidence incident analysis monitoring IoT predicted family Benign proposed action CAPTURE_TRAFFIC observed protocols TCP UDP HTTPS DNS observed indicators traffic packet rate volume frequency average packet size traffic profile inter arrival time traffic timing TCP ACK responses TCP ACK flag responses,escalate,NIST.SP.800-61r3.pdf; NIST.SP.800-213A.pdf; NIST.SP.800-61r3.pdf,generally_supported,"The excerpts support monitoring and evidence retention, but not specifically traffic capture.",generally_supported,"The excerpts support monitoring and collecting incident evidence generally, but do not explicitly support the specific action of capturing network traffic before a decision.",keep,General support is sufficient for this non-disruptive action.
NOTIFY_OPERATOR,2,False,EG-O-0312,ieee-access-0133,True,"['NIST.SP.800-61r3-0055', 'NIST.IR.8259A-0022', 'NIST.SP.800-61r3-0068']",original,Benign,Detector confidence is below the validated threshold.,normal activity continuous monitoring avoid unnecessary disruption cybersecurity state logging incident notification response escalation operator IoT predicted family Benign proposed action NOTIFY_OPERATOR observed protocols TCP UDP HTTPS DNS observed indicators traffic packet rate volume frequency average packet size traffic profile inter arrival time traffic timing TCP ACK responses TCP ACK flag responses,escalate,NIST.SP.800-61r3.pdf; NIST.IR.8259A.pdf; NIST.SP.800-61r3.pdf,unsupported,"The evidence supports monitoring and communication, but not operator notification from low confidence.",generally_supported,"The cited text supports reporting/communication and making device state available to authorized entities, which generally aligns with notifying an operator, but it does not specifically justify notification due to low detector confidence.",remove,The independent checker found no useful support for the action.
CAPTURE_TRAFFIC,1,False,EG-O-0313,ieee-access-0134,True,"['ETSI.EN.303.645.V3.1.3-0078', 'ETSI.EN.303.645.V3.1.3-0079', 'NIST.SP.800-61r3-0067']",original,Web,Collect additional evidence before a disruptive decision.,SQL injection invalid data input application layer user interface prevent system manipulation collect network traffic evidence incident analysis monitoring IoT predicted family Web proposed action CAPTURE_TRAFFIC observed protocols TCP UDP DNS ARP observed indicators traffic packet rate volume frequency average packet size traffic profile inter arrival time traffic timing TCP ACK responses TCP ACK flag responses,escalate,ETSI.EN.303.645.V3.1.3.pdf; ETSI.EN.303.645.V3.1.3.pdf; NIST.SP.800-61r3.pdf,generally_supported,"The excerpts support using fuzzers and capturing telemetry to preserve evidence around unexpected input, which is broadly consistent with capturing traffic, but not explicit.",directly_supported,NIST's explicit recommendation to collect and retain evidence directly supports capturing traffic before making disruptive decisions.,keep,General support is sufficient for this non-disruptive action.
NOTIFY_OPERATOR,2,False,EG-O-0314,ieee-access-0134,True,"['ETSI.EN.303.645.V3.1.3-0078', 'ETSI.EN.303.645.V3.1.3-0079', 'NIST.SP.800-61r3-0062']",original,Web,Detector confidence is below the validated threshold.,SQL injection invalid data input application layer user interface prevent system manipulation incident notification response escalation operator IoT predicted family Web proposed action NOTIFY_OPERATOR observed protocols TCP UDP DNS ARP observed indicators traffic packet rate volume frequency average packet size traffic profile inter arrival time traffic timing TCP ACK responses TCP ACK flag responses,escalate,ETSI.EN.303.645.V3.1.3.pdf; ETSI.EN.303.645.V3.1.3.pdf; NIST.SP.800-61r3.pdf,unsupported,The cited material does not support notifying an operator because detector confidence is below threshold.,generally_supported,"Automatic incident reporting and tracking generally support notifying an operator, but not the specific confidence-threshold rationale.",remove,The independent checker found no useful support for the action.
CAPTURE_TRAFFIC,1,False,EG-O-0315,ieee-access-0135,True,"['ETSI.EN.303.645.V3.1.3-0078', 'RFC8520-0031', 'ETSI.EN.303.645.V3.1.3-0079']",original,Web,Collect additional evidence before a disruptive decision.,SQL injection invalid data input application layer user interface prevent system manipulation collect network traffic evidence incident analysis monitoring IoT predicted family Web proposed action CAPTURE_TRAFFIC observed protocols TCP UDP HTTPS ARP observed indicators traffic packet rate volume frequency average packet size traffic profile inter arrival time traffic timing TCP SYN connection attempts TCP SYN flag connection attempts,escalate,ETSI.EN.303.645.V3.1.3.pdf; RFC8520.txt; ETSI.EN.303.645.V3.1.3.pdf,generally_supported,"The evidence supports evidence collection/retention and telemetry capture for invalid input, which generally aligns with capturing traffic, but not explicitly.",unsupported,"These excerpts cover input validation, TCP direction-based dropping, and telemetry for invalid data, but do not support capturing traffic as an evidence-gathering action.",keep,General support is sufficient for this non-disruptive action.
NOTIFY_OPERATOR,2,False,EG-O-0316,ieee-access-0135,True,"['ETSI.EN.303.645.V3.1.3-0078', 'RFC8520-0031', 'ETSI.EN.303.645.V3.1.3-0079']",original,Web,Detector confidence is below the validated threshold.,SQL injection invalid data input application layer user interface prevent system manipulation incident notification response escalation operator IoT predicted family Web proposed action NOTIFY_OPERATOR observed protocols TCP UDP HTTPS ARP observed indicators traffic packet rate volume frequency average packet size traffic profile inter arrival time traffic timing TCP SYN connection attempts TCP SYN flag connection attempts,escalate,ETSI.EN.303.645.V3.1.3.pdf; RFC8520.txt; ETSI.EN.303.645.V3.1.3.pdf,unsupported,"The excerpts mention incident tracking/reporting, but not notifying an operator before stronger containment.",unsupported,"No cited text supports notifying an operator. The excerpts are about input validation and TCP connection direction controls, not operator escalation.",remove,The independent checker found no useful support for the action.
NO_ACTION,1,False,EG-O-0317,ieee-access-0136,True,"['NIST.SP.800-61r3-0055', 'NIST.IR.8259A-0022', 'NIST.SP.800-213A-0053']",original,Benign,The detector classified the observation as benign.,normal activity continuous monitoring avoid unnecessary disruption cybersecurity state logging avoid unnecessary disruption continue observation IoT predicted family Benign proposed action NO_ACTION observed protocols TCP UDP HTTPS ARP observed indicators traffic packet rate volume frequency average packet size traffic profile inter arrival time traffic timing TCP ACK responses TCP ACK flag responses,monitor,NIST.SP.800-61r3.pdf; NIST.IR.8259A.pdf; NIST.SP.800-213A.pdf,unsupported,"The cited material supports monitoring and state awareness, but not a no-action decision.",unsupported,"The evidence supports monitoring and state awareness, not taking no action because an observation was classified benign.",remove,The independent checker found no useful support for the action.
MONITOR,2,False,EG-O-0318,ieee-access-0136,True,"['NIST.SP.800-61r3-0055', 'NIST.SP.800-213A-0053', 'NIST.SP.800-213A-0054']",original,Benign,Continue non-disruptive observation.,normal activity continuous monitoring avoid unnecessary disruption cybersecurity state logging continuous monitoring detect anomalous behavior security events IoT predicted family Benign proposed action MONITOR observed protocols TCP UDP HTTPS ARP observed indicators traffic packet rate volume frequency average packet size traffic profile inter arrival time traffic timing TCP ACK responses TCP ACK flag responses,monitor,NIST.SP.800-61r3.pdf; NIST.SP.800-213A.pdf; NIST.SP.800-213A.pdf,directly_supported,"The excerpts explicitly support continuous monitoring and event identification, matching monitor.",directly_supported,"The excerpts explicitly support ongoing monitoring and identifying cybersecurity events, which directly supports the MONITOR action.",keep,The action has direct documentary support.
NO_ACTION,1,False,EG-O-0319,ieee-access-0137,True,"['NIST.SP.800-61r3-0055', 'NIST.IR.8259A-0022', 'NIST.SP.800-213A-0053']",original,Benign,The detector classified the observation as benign.,normal activity continuous monitoring avoid unnecessary disruption cybersecurity state logging avoid unnecessary disruption continue observation IoT predicted family Benign proposed action NO_ACTION observed protocols TCP HTTPS observed indicators traffic packet rate volume frequency average packet size traffic profile inter arrival time traffic timing TCP ACK responses TCP ACK flag responses,monitor,NIST.SP.800-61r3.pdf; NIST.IR.8259A.pdf; NIST.SP.800-213A.pdf,unsupported,"The cited material supports monitoring and state awareness, but not a no-action decision.",unsupported,"The evidence supports monitoring and state awareness, not taking no action because an observation was classified benign.",remove,The independent checker found no useful support for the action.
MONITOR,2,False,EG-O-0320,ieee-access-0137,True,"['NIST.SP.800-61r3-0055', 'NIST.SP.800-213A-0053', 'NIST.SP.800-213A-0054']",original,Benign,Continue non-disruptive observation.,normal activity continuous monitoring avoid unnecessary disruption cybersecurity state logging continuous monitoring detect anomalous behavior security events IoT predicted family Benign proposed action MONITOR observed protocols TCP HTTPS observed indicators traffic packet rate volume frequency average packet size traffic profile inter arrival time traffic timing TCP ACK responses TCP ACK flag responses,monitor,NIST.SP.800-61r3.pdf; NIST.SP.800-213A.pdf; NIST.SP.800-213A.pdf,directly_supported,"The excerpts explicitly support continuous monitoring and detection of adverse events, matching monitor.",directly_supported,"The excerpts explicitly support ongoing monitoring and identifying cybersecurity events, which directly supports the MONITOR action.",keep,The action has direct documentary support.
NO_ACTION,1,False,EG-O-0321,ieee-access-0138,True,"['NIST.SP.800-61r3-0055', 'NIST.IR.8259A-0022', 'NIST.SP.800-213A-0053']",original,Benign,The detector classified the observation as benign.,normal activity continuous monitoring avoid unnecessary disruption cybersecurity state logging avoid unnecessary disruption continue observation IoT predicted family Benign proposed action NO_ACTION observed protocols TCP UDP HTTPS ARP observed indicators traffic packet rate volume frequency average packet size traffic profile inter arrival time traffic timing TCP ACK responses TCP ACK flag responses,monitor,NIST.SP.800-61r3.pdf; NIST.IR.8259A.pdf; NIST.SP.800-213A.pdf,unsupported,"The cited material supports monitoring and state awareness, but not a no-action decision.",unsupported,"The evidence supports monitoring and state awareness, not taking no action because an observation was classified benign.",remove,The independent checker found no useful support for the action.
MONITOR,2,False,EG-O-0322,ieee-access-0138,True,"['NIST.SP.800-61r3-0055', 'NIST.SP.800-213A-0053', 'NIST.SP.800-213A-0054']",original,Benign,Continue non-disruptive observation.,normal activity continuous monitoring avoid unnecessary disruption cybersecurity state logging continuous monitoring detect anomalous behavior security events IoT predicted family Benign proposed action MONITOR observed protocols TCP UDP HTTPS ARP observed indicators traffic packet rate volume frequency average packet size traffic profile inter arrival time traffic timing TCP ACK responses TCP ACK flag responses,monitor,NIST.SP.800-61r3.pdf; NIST.SP.800-213A.pdf; NIST.SP.800-213A.pdf,directly_supported,"The excerpts explicitly support continuous monitoring and identifying cybersecurity events, matching monitor.",directly_supported,"The excerpts explicitly support ongoing monitoring and identifying cybersecurity events, which directly supports the MONITOR action.",keep,The action has direct documentary support.
NO_ACTION,1,False,EG-O-0323,ieee-access-0139,True,"['NIST.SP.800-61r3-0055', 'NIST.IR.8259A-0022', 'NIST.SP.800-213A-0053']",original,Benign,The detector classified the observation as benign.,normal activity continuous monitoring avoid unnecessary disruption cybersecurity state logging avoid unnecessary disruption continue observation IoT predicted family Benign proposed action NO_ACTION observed protocols TCP ICMP HTTPS observed indicators traffic packet rate volume frequency average packet size traffic profile inter arrival time traffic timing TCP ACK responses TCP ACK flag responses,monitor,NIST.SP.800-61r3.pdf; NIST.IR.8259A.pdf; NIST.SP.800-213A.pdf,unsupported,"The cited material supports monitoring and state awareness, but not a no-action decision.",unsupported,"The evidence supports monitoring and state awareness, not taking no action because an observation was classified benign.",remove,The independent checker found no useful support for the action.
MONITOR,2,False,EG-O-0324,ieee-access-0139,True,"['NIST.SP.800-61r3-0055', 'NIST.SP.800-213A-0053', 'NIST.SP.800-213A-0054']",original,Benign,Continue non-disruptive observation.,normal activity continuous monitoring avoid unnecessary disruption cybersecurity state logging continuous monitoring detect anomalous behavior security events IoT predicted family Benign proposed action MONITOR observed protocols TCP ICMP HTTPS observed indicators traffic packet rate volume frequency average packet size traffic profile inter arrival time traffic timing TCP ACK responses TCP ACK flag responses,monitor,NIST.SP.800-61r3.pdf; NIST.SP.800-213A.pdf; NIST.SP.800-213A.pdf,directly_supported,"The excerpts explicitly support continuous monitoring and event identification, matching monitor.",directly_supported,"The excerpts explicitly support ongoing monitoring and identifying cybersecurity events, which directly supports the MONITOR action.",keep,The action has direct documentary support.
NO_ACTION,1,False,EG-O-0325,ieee-access-0140,True,"['NIST.SP.800-61r3-0055', 'NIST.IR.8259A-0022', 'NIST.SP.800-213A-0053']",original,Benign,The detector classified the observation as benign.,normal activity continuous monitoring avoid unnecessary disruption cybersecurity state logging avoid unnecessary disruption continue observation IoT predicted family Benign proposed action NO_ACTION observed protocols TCP UDP HTTPS observed indicators traffic packet rate volume frequency average packet size traffic profile inter arrival time traffic timing TCP ACK responses TCP ACK flag responses,monitor,NIST.SP.800-61r3.pdf; NIST.IR.8259A.pdf; NIST.SP.800-213A.pdf,unsupported,"The evidence supports monitoring and state awareness, but not a no-action decision.",unsupported,"The evidence supports monitoring and state awareness, not taking no action because an observation was classified benign.",remove,The independent checker found no useful support for the action.
MONITOR,2,False,EG-O-0326,ieee-access-0140,True,"['NIST.SP.800-61r3-0055', 'NIST.SP.800-213A-0053', 'NIST.SP.800-213A-0054']",original,Benign,Continue non-disruptive observation.,normal activity continuous monitoring avoid unnecessary disruption cybersecurity state logging continuous monitoring detect anomalous behavior security events IoT predicted family Benign proposed action MONITOR observed protocols TCP UDP HTTPS observed indicators traffic packet rate volume frequency average packet size traffic profile inter arrival time traffic timing TCP ACK responses TCP ACK flag responses,monitor,NIST.SP.800-61r3.pdf; NIST.SP.800-213A.pdf; NIST.SP.800-213A.pdf,directly_supported,"The excerpts explicitly support continuous monitoring and detection of adverse events, matching monitor.",directly_supported,"The excerpts explicitly support ongoing monitoring and identifying cybersecurity events, which directly supports the MONITOR action.",keep,The action has direct documentary support.
CAPTURE_TRAFFIC,1,False,EG-O-0327,ieee-access-0141,True,"['ETSI.EN.303.645.V3.1.3-0078', 'ETSI.EN.303.645.V3.1.3-0079', 'NIST.SP.800-61r3-0067']",original,Web,Collect additional evidence before a disruptive decision.,SQL injection invalid data input application layer user interface prevent system manipulation collect network traffic evidence incident analysis monitoring IoT predicted family Web proposed action CAPTURE_TRAFFIC observed protocols TCP UDP ICMP HTTPS ARP observed indicators traffic packet rate volume frequency average packet size traffic profile inter arrival time traffic timing TCP ACK responses TCP ACK flag responses,escalate,ETSI.EN.303.645.V3.1.3.pdf; ETSI.EN.303.645.V3.1.3.pdf; NIST.SP.800-61r3.pdf,generally_supported,"The evidence supports preserving incident evidence and capturing telemetry on discarded invalid input, which generally supports capturing traffic for analysis.",directly_supported,"NIST explicitly supports collecting and retaining evidence from incidents, which directly supports traffic capture.",keep,General support is sufficient for this non-disruptive action.
NOTIFY_OPERATOR,2,False,EG-O-0328,ieee-access-0141,True,"['ETSI.EN.303.645.V3.1.3-0078', 'ETSI.EN.303.645.V3.1.3-0079', 'NIST.SP.800-61r3-0062']",original,Web,Detector confidence is below the validated threshold.,SQL injection invalid data input application layer user interface prevent system manipulation incident notification response escalation operator IoT predicted family Web proposed action NOTIFY_OPERATOR observed protocols TCP UDP ICMP HTTPS ARP observed indicators traffic packet rate volume frequency average packet size traffic profile inter arrival time traffic timing TCP ACK responses TCP ACK flag responses,escalate,ETSI.EN.303.645.V3.1.3.pdf; ETSI.EN.303.645.V3.1.3.pdf; NIST.SP.800-61r3.pdf,unsupported,The cited excerpts do not justify notifying an operator because of low confidence.,generally_supported,"NIST generally supports incident reporting and tracking, which aligns with notifying an operator, but not specifically because detector confidence is low.",remove,The independent checker found no useful support for the action.
CAPTURE_TRAFFIC,1,False,EG-O-0329,ieee-access-0142,True,"['ETSI.EN.303.645.V3.1.3-0078', 'ETSI.EN.303.645.V3.1.3-0079', 'NIST.SP.800-61r3-0067']",original,Web,Collect additional evidence before a disruptive decision.,SQL injection invalid data input application layer user interface prevent system manipulation collect network traffic evidence incident analysis monitoring IoT predicted family Web proposed action CAPTURE_TRAFFIC observed protocols TCP UDP HTTPS DNS ARP observed indicators traffic packet rate volume frequency average packet size traffic profile inter arrival time traffic timing TCP ACK responses TCP ACK flag responses,escalate,ETSI.EN.303.645.V3.1.3.pdf; ETSI.EN.303.645.V3.1.3.pdf; NIST.SP.800-61r3.pdf,generally_supported,"The excerpts support collecting and retaining evidence and capturing telemetry, which is consistent with traffic capture, but not explicit.",directly_supported,The NIST evidence-preservation requirement directly supports capturing traffic to gather additional incident evidence.,keep,General support is sufficient for this non-disruptive action.
NOTIFY_OPERATOR,2,False,EG-O-0330,ieee-access-0142,True,"['ETSI.EN.303.645.V3.1.3-0078', 'ETSI.EN.303.645.V3.1.3-0079', 'NIST.SP.800-61r3-0062']",original,Web,Detector confidence is below the validated threshold.,SQL injection invalid data input application layer user interface prevent system manipulation incident notification response escalation operator IoT predicted family Web proposed action NOTIFY_OPERATOR observed protocols TCP UDP HTTPS DNS ARP observed indicators traffic packet rate volume frequency average packet size traffic profile inter arrival time traffic timing TCP ACK responses TCP ACK flag responses,escalate,ETSI.EN.303.645.V3.1.3.pdf; ETSI.EN.303.645.V3.1.3.pdf; NIST.SP.800-61r3.pdf,unsupported,"The cited evidence is about validation and incident tracking, not notifying an operator for low confidence.",generally_supported,"The NIST excerpt generally supports notifying operators of incidents, though it does not specifically justify notification due to below-threshold confidence.",remove,The independent checker found no useful support for the action.
CAPTURE_TRAFFIC,1,False,EG-O-0331,ieee-access-0143,True,"['ETSI.EN.303.645.V3.1.3-0078', 'ETSI.EN.303.645.V3.1.3-0079', 'NIST.SP.800-61r3-0067']",original,Web,Collect additional evidence before a disruptive decision.,SQL injection invalid data input application layer user interface prevent system manipulation collect network traffic evidence incident analysis monitoring IoT predicted family Web proposed action CAPTURE_TRAFFIC observed protocols TCP UDP HTTP HTTPS DNS observed indicators traffic packet rate volume frequency average packet size traffic profile inter arrival time traffic timing TCP ACK responses TCP ACK flag responses,escalate,ETSI.EN.303.645.V3.1.3.pdf; ETSI.EN.303.645.V3.1.3.pdf; NIST.SP.800-61r3.pdf,generally_supported,"The excerpts support evidence preservation and telemetry capture for invalid network input, which generally supports capture traffic.",directly_supported,"NIST explicitly recommends collecting and retaining incident evidence, directly supporting traffic capture.",keep,General support is sufficient for this non-disruptive action.
NOTIFY_OPERATOR,2,False,EG-O-0332,ieee-access-0143,True,"['ETSI.EN.303.645.V3.1.3-0078', 'ETSI.EN.303.645.V3.1.3-0079', 'NIST.SP.800-61r3-0062']",original,Web,Detector confidence is below the validated threshold.,SQL injection invalid data input application layer user interface prevent system manipulation incident notification response escalation operator IoT predicted family Web proposed action NOTIFY_OPERATOR observed protocols TCP UDP HTTP HTTPS DNS observed indicators traffic packet rate volume frequency average packet size traffic profile inter arrival time traffic timing TCP ACK responses TCP ACK flag responses,escalate,ETSI.EN.303.645.V3.1.3.pdf; ETSI.EN.303.645.V3.1.3.pdf; NIST.SP.800-61r3.pdf,unsupported,The cited material does not support notifying an operator because of low detector confidence.,generally_supported,"NIST generally supports automatic incident reporting and status tracking, which supports operator notification in general, but not the specific rationale given.",remove,The independent checker found no useful support for the action.
CAPTURE_TRAFFIC,1,False,EG-O-0333,ieee-access-0144,True,"['ETSI.EN.303.645.V3.1.3-0078', 'ETSI.EN.303.645.V3.1.3-0079', 'NIST.SP.800-61r3-0067']",original,Web,Collect additional evidence before a disruptive decision.,SQL injection invalid data input application layer user interface prevent system manipulation collect network traffic evidence incident analysis monitoring IoT predicted family Web proposed action CAPTURE_TRAFFIC observed protocols TCP HTTP HTTPS observed indicators traffic packet rate volume frequency average packet size traffic profile inter arrival time traffic timing TCP ACK responses TCP ACK flag responses,escalate,ETSI.EN.303.645.V3.1.3.pdf; ETSI.EN.303.645.V3.1.3.pdf; NIST.SP.800-61r3.pdf,generally_supported,"The evidence supports retaining incident evidence and capturing telemetry, which generally aligns with capturing traffic, but does not explicitly say to do so.",directly_supported,"NIST explicitly supports collecting and retaining evidence from incidents, directly justifying capture of traffic for further investigation.",keep,General support is sufficient for this non-disruptive action.
NOTIFY_OPERATOR,2,False,EG-O-0334,ieee-access-0144,True,"['ETSI.EN.303.645.V3.1.3-0078', 'ETSI.EN.303.645.V3.1.3-0079', 'NIST.SP.800-61r3-0062']",original,Web,Detector confidence is below the validated threshold.,SQL injection invalid data input application layer user interface prevent system manipulation incident notification response escalation operator IoT predicted family Web proposed action NOTIFY_OPERATOR observed protocols TCP HTTP HTTPS observed indicators traffic packet rate volume frequency average packet size traffic profile inter arrival time traffic timing TCP ACK responses TCP ACK flag responses,escalate,ETSI.EN.303.645.V3.1.3.pdf; ETSI.EN.303.645.V3.1.3.pdf; NIST.SP.800-61r3.pdf,unsupported,The excerpts do not support notifying an operator based on the provided rationale.,generally_supported,"The NIST text generally supports notifying operators about incidents, but not specifically due to detector confidence thresholds.",remove,The independent checker found no useful support for the action.
CAPTURE_TRAFFIC,1,False,EG-O-0335,ieee-access-0145,True,"['ETSI.EN.303.645.V3.1.3-0078', 'ETSI.EN.303.645.V3.1.3-0079', 'NIST.SP.800-61r3-0067']",original,Web,Collect additional evidence before a disruptive decision.,SQL injection invalid data input application layer user interface prevent system manipulation collect network traffic evidence incident analysis monitoring IoT predicted family Web proposed action CAPTURE_TRAFFIC observed protocols TCP UDP HTTPS observed indicators traffic packet rate volume frequency average packet size traffic profile inter arrival time traffic timing TCP ACK responses TCP ACK flag responses,escalate,ETSI.EN.303.645.V3.1.3.pdf; ETSI.EN.303.645.V3.1.3.pdf; NIST.SP.800-61r3.pdf,generally_supported,"The evidence supports evidence preservation and telemetry capture for invalid input, which generally supports collecting traffic, but not explicitly.",directly_supported,"NIST explicitly supports evidence collection and retention, directly supporting capturing traffic as additional evidence.",keep,General support is sufficient for this non-disruptive action.
NOTIFY_OPERATOR,2,False,EG-O-0336,ieee-access-0145,True,"['ETSI.EN.303.645.V3.1.3-0078', 'ETSI.EN.303.645.V3.1.3-0079', 'NIST.SP.800-61r3-0062']",original,Web,Detector confidence is below the validated threshold.,SQL injection invalid data input application layer user interface prevent system manipulation incident notification response escalation operator IoT predicted family Web proposed action NOTIFY_OPERATOR observed protocols TCP UDP HTTPS observed indicators traffic packet rate volume frequency average packet size traffic profile inter arrival time traffic timing TCP ACK responses TCP ACK flag responses,escalate,ETSI.EN.303.645.V3.1.3.pdf; ETSI.EN.303.645.V3.1.3.pdf; NIST.SP.800-61r3.pdf,unsupported,"The cited excerpts discuss validation and incident tracking, but not notifying an operator due to threshold issues.",generally_supported,"NIST generally supports reporting incidents and tracking response, which aligns with operator notification, though not for the specific low-confidence rationale.",remove,The independent checker found no useful support for the action.
INCREASE_LOGGING,1,False,EG-O-0337,ieee-access-0146,True,"['ETSI.EN.303.645.V3.1.3-0078', 'ETSI.EN.303.645.V3.1.3-0079', 'RFC8576-0041']",original,Web,Preserve additional telemetry for corroboration because the alert lacks a validated device identifier and only provides flow features.,SQL injection invalid data input application layer user interface prevent system manipulation increase security event logging monitoring incident analysis IoT predicted family Web proposed action INCREASE_LOGGING observed protocols TCP UDP ICMP observed indicators traffic packet rate volume frequency average packet size traffic profile inter arrival time traffic timing TCP ACK responses TCP ACK flag responses,plan,ETSI.EN.303.645.V3.1.3.pdf; ETSI.EN.303.645.V3.1.3.pdf; RFC8576.txt,unsupported,The RFC excerpt about fragmentation and the ETSI validation text do not support increasing logging for missing device identity.,generally_supported,"ETSI's mention of capturing events as telemetry data generally supports greater telemetry/visibility, but the excerpts do not explicitly support increasing logging in this exact circumstance.",remove,The independent checker found no useful support for the action.
CAPTURE_TRAFFIC,2,False,EG-O-0338,ieee-access-0146,True,"['ETSI.EN.303.645.V3.1.3-0078', 'ETSI.EN.303.645.V3.1.3-0079', 'NIST.SP.800-61r3-0067']",original,Web,"Collect evidence to determine whether the traffic reflects unexpected input, protocol misuse, or benign web activity.",SQL injection invalid data input application layer user interface prevent system manipulation collect network traffic evidence incident analysis monitoring IoT predicted family Web proposed action CAPTURE_TRAFFIC observed protocols TCP UDP ICMP observed indicators traffic packet rate volume frequency average packet size traffic profile inter arrival time traffic timing TCP ACK responses TCP ACK flag responses,plan,ETSI.EN.303.645.V3.1.3.pdf; ETSI.EN.303.645.V3.1.3.pdf; NIST.SP.800-61r3.pdf,generally_supported,"The excerpts support capturing telemetry and retaining incident evidence for malformed or unexpected input, which generally supports traffic collection for determination.",directly_supported,"NIST explicitly recommends collecting and retaining evidence from incidents, directly supporting traffic capture to determine whether the behavior is malicious or benign.",keep,General support is sufficient for this non-disruptive action.
NOTIFY_OPERATOR,3,False,EG-O-0339,ieee-access-0146,True,"['ETSI.EN.303.645.V3.1.3-0078', 'ETSI.EN.303.645.V3.1.3-0079', 'NIST.SP.800-61r3-0062']",original,Web,Operator review is warranted before stronger containment because the alert is intent-only and not device-attributed.,SQL injection invalid data input application layer user interface prevent system manipulation incident notification response escalation operator IoT predicted family Web proposed action NOTIFY_OPERATOR observed protocols TCP UDP ICMP observed indicators traffic packet rate volume frequency average packet size traffic profile inter arrival time traffic timing TCP ACK responses TCP ACK flag responses,plan,ETSI.EN.303.645.V3.1.3.pdf; ETSI.EN.303.645.V3.1.3.pdf; NIST.SP.800-61r3.pdf,unsupported,"The evidence supports incident tracking and telemetry capture, but not operator notification for an intent-only alert.",generally_supported,"NIST generally supports automatic incident reporting and response tracking, which supports operator review in general, but not the specific justification tied to intent-only/device attribution.",remove,The independent checker found no useful support for the action.
INCREASE_LOGGING,1,False,EG-O-0340,ieee-access-0147,True,"['ETSI.EN.303.645.V3.1.3-0078', 'ETSI.EN.303.645.V3.1.3-0079', 'RFC8576-0041']",original,Web,Raises visibility for a Web-family event where device identity is unavailable.,SQL injection invalid data input application layer user interface prevent system manipulation increase security event logging monitoring incident analysis IoT predicted family Web proposed action INCREASE_LOGGING observed protocols TCP UDP HTTP HTTPS observed indicators traffic packet rate volume frequency average packet size traffic profile inter arrival time traffic timing TCP ACK responses TCP ACK flag responses,plan,ETSI.EN.303.645.V3.1.3.pdf; ETSI.EN.303.645.V3.1.3.pdf; RFC8576.txt,unsupported,The RFC excerpt on fragmentation/state exhaustion and the ETSI validation text do not justify increasing logging for unavailable device identity.,generally_supported,"The ETSI telemetry example generally supports improving visibility/telemetry, but the excerpts do not explicitly call for increasing logging because device identity is unavailable.",remove,The independent checker found no useful support for the action.
CAPTURE_TRAFFIC,2,False,EG-O-0341,ieee-access-0147,True,"['ETSI.EN.303.645.V3.1.3-0078', 'ETSI.EN.303.645.V3.1.3-0079', 'NIST.SP.800-61r3-0067']",original,Web,Collects evidence to confirm whether the observed web traffic reflects benign use or malformed/malicious input patterns.,SQL injection invalid data input application layer user interface prevent system manipulation collect network traffic evidence incident analysis monitoring IoT predicted family Web proposed action CAPTURE_TRAFFIC observed protocols TCP UDP HTTP HTTPS observed indicators traffic packet rate volume frequency average packet size traffic profile inter arrival time traffic timing TCP ACK responses TCP ACK flag responses,plan,ETSI.EN.303.645.V3.1.3.pdf; ETSI.EN.303.645.V3.1.3.pdf; NIST.SP.800-61r3.pdf,generally_supported,"The evidence supports capturing telemetry and retaining incident evidence for unexpected input, which generally aligns with capturing traffic to validate behavior.",directly_supported,"NIST explicitly supports collecting and retaining incident evidence, directly supporting traffic capture to confirm whether observed web traffic is benign or malicious.",keep,General support is sufficient for this non-disruptive action.
NOTIFY_OPERATOR,3,False,EG-O-0342,ieee-access-0147,True,"['ETSI.EN.303.645.V3.1.3-0078', 'ETSI.EN.303.645.V3.1.3-0079', 'NIST.SP.800-61r3-0062']",original,Web,Human review is appropriate because this is mitigation intent only and the device cannot be uniquely identified.,SQL injection invalid data input application layer user interface prevent system manipulation incident notification response escalation operator IoT predicted family Web proposed action NOTIFY_OPERATOR observed protocols TCP UDP HTTP HTTPS observed indicators traffic packet rate volume frequency average packet size traffic profile inter arrival time traffic timing TCP ACK responses TCP ACK flag responses,plan,ETSI.EN.303.645.V3.1.3.pdf; ETSI.EN.303.645.V3.1.3.pdf; NIST.SP.800-61r3.pdf,unsupported,"The cited material concerns validation and incident tracking, not notifying an operator because the output is intent only.",generally_supported,"NIST generally supports automatic reporting and coordinated incident response, which supports notifying an operator, but not specifically for mitigation-intent-only or ambiguous device identity.",remove,The independent checker found no useful support for the action.
INCREASE_LOGGING,1,False,EG-O-0343,ieee-access-0148,True,"['ETSI.EN.303.645.V3.1.3-0078', 'ETSI.EN.303.645.V3.1.3-0079', 'RFC8576-0041']",original,Web,Improve visibility into request patterns and any malformed or unexpected application-layer inputs consistent with Web abuse.,SQL injection invalid data input application layer user interface prevent system manipulation increase security event logging monitoring incident analysis IoT predicted family Web proposed action INCREASE_LOGGING observed protocols TCP UDP ICMP HTTPS DNS ARP observed indicators traffic packet rate volume frequency average packet size traffic profile inter arrival time traffic timing TCP ACK responses TCP ACK flag responses,plan,ETSI.EN.303.645.V3.1.3.pdf; ETSI.EN.303.645.V3.1.3.pdf; RFC8576.txt,unsupported,The excerpts do not justify increasing logging for the described web-layer behavior.,generally_supported,"ETSI's example of capturing invalid-input events as telemetry generally supports more visibility into suspicious inputs, but does not explicitly support the specific action of increasing logging.",remove,The independent checker found no useful support for the action.
CAPTURE_TRAFFIC,2,False,EG-O-0344,ieee-access-0148,True,"['ETSI.EN.303.645.V3.1.3-0078', 'ETSI.EN.303.645.V3.1.3-0079', 'NIST.SP.800-61r3-0067']",original,Web,"Collect packet-level evidence to confirm whether the traffic matches exploit attempts, scanning, or misuse of network interfaces.",SQL injection invalid data input application layer user interface prevent system manipulation collect network traffic evidence incident analysis monitoring IoT predicted family Web proposed action CAPTURE_TRAFFIC observed protocols TCP UDP ICMP HTTPS DNS ARP observed indicators traffic packet rate volume frequency average packet size traffic profile inter arrival time traffic timing TCP ACK responses TCP ACK flag responses,plan,ETSI.EN.303.645.V3.1.3.pdf; ETSI.EN.303.645.V3.1.3.pdf; NIST.SP.800-61r3.pdf,generally_supported,"The evidence supports discarding invalid input while capturing the event as telemetry and preserving incident evidence, which generally supports collecting packet-level evidence.",directly_supported,"NIST explicitly recommends collecting and retaining incident evidence, directly supporting packet-level traffic capture to confirm misuse or exploit attempts.",keep,General support is sufficient for this non-disruptive action.
NOTIFY_OPERATOR,3,False,EG-O-0345,ieee-access-0148,True,"['ETSI.EN.303.645.V3.1.3-0078', 'ETSI.EN.303.645.V3.1.3-0079', 'NIST.SP.800-61r3-0062']",original,Web,Human review is warranted before containment because the alert lacks a validated device identity and the output is intent only.,SQL injection invalid data input application layer user interface prevent system manipulation incident notification response escalation operator IoT predicted family Web proposed action NOTIFY_OPERATOR observed protocols TCP UDP ICMP HTTPS DNS ARP observed indicators traffic packet rate volume frequency average packet size traffic profile inter arrival time traffic timing TCP ACK responses TCP ACK flag responses,plan,ETSI.EN.303.645.V3.1.3.pdf; ETSI.EN.303.645.V3.1.3.pdf; NIST.SP.800-61r3.pdf,unsupported,"The cited evidence supports validation and incident tracking, but not operator notification before containment.",generally_supported,"The NIST excerpt generally supports incident reporting to operators, but does not specifically justify human review because identity is unvalidated and the output is intent only.",remove,The independent checker found no useful support for the action.
INCREASE_LOGGING,1,False,EG-O-0346,ieee-access-0149,True,"['ETSI.EN.303.645.V3.1.3-0078', 'ETSI.EN.303.645.V3.1.3-0079', 'RFC8576-0041']",original,Web,Increase visibility to confirm whether the traffic reflects benign web use or manipulation attempts.,SQL injection invalid data input application layer user interface prevent system manipulation increase security event logging monitoring incident analysis IoT predicted family Web proposed action INCREASE_LOGGING observed protocols TCP HTTP HTTPS observed indicators traffic packet rate volume frequency average packet size traffic profile inter arrival time traffic timing TCP ACK responses TCP ACK flag responses,plan,ETSI.EN.303.645.V3.1.3.pdf; ETSI.EN.303.645.V3.1.3.pdf; RFC8576.txt,unsupported,The excerpts do not support increasing visibility/logging for the stated reason.,generally_supported,"The ETSI telemetry example generally supports increasing visibility into suspicious or malformed inputs, but does not explicitly support increasing logging as the concrete action.",remove,The independent checker found no useful support for the action.
CAPTURE_TRAFFIC,2,False,EG-O-0347,ieee-access-0149,True,"['ETSI.EN.303.645.V3.1.3-0078', 'ETSI.EN.303.645.V3.1.3-0079', 'NIST.SP.800-61r3-0067']",original,Web,Collect packet evidence to validate the observed web-like behavior and look for malformed or suspicious application-layer input.,SQL injection invalid data input application layer user interface prevent system manipulation collect network traffic evidence incident analysis monitoring IoT predicted family Web proposed action CAPTURE_TRAFFIC observed protocols TCP HTTP HTTPS observed indicators traffic packet rate volume frequency average packet size traffic profile inter arrival time traffic timing TCP ACK responses TCP ACK flag responses,plan,ETSI.EN.303.645.V3.1.3.pdf; ETSI.EN.303.645.V3.1.3.pdf; NIST.SP.800-61r3.pdf,generally_supported,"The evidence supports capturing telemetry and retaining incident evidence for unexpected input, which generally supports packet capture for validation.",directly_supported,"NIST explicitly supports collecting and retaining evidence from incidents, directly supporting packet capture to validate suspicious web-like behavior.",keep,General support is sufficient for this non-disruptive action.
NOTIFY_OPERATOR,3,False,EG-O-0348,ieee-access-0149,True,"['ETSI.EN.303.645.V3.1.3-0078', 'ETSI.EN.303.645.V3.1.3-0079', 'NIST.SP.800-61r3-0062']",original,Web,Human review is appropriate because the alert is plausible but not definitive.,SQL injection invalid data input application layer user interface prevent system manipulation incident notification response escalation operator IoT predicted family Web proposed action NOTIFY_OPERATOR observed protocols TCP HTTP HTTPS observed indicators traffic packet rate volume frequency average packet size traffic profile inter arrival time traffic timing TCP ACK responses TCP ACK flag responses,plan,ETSI.EN.303.645.V3.1.3.pdf; ETSI.EN.303.645.V3.1.3.pdf; NIST.SP.800-61r3.pdf,unsupported,The cited evidence does not support notifying an operator on the basis of plausibility alone.,generally_supported,"NIST generally supports reporting incidents detected by technologies, which aligns with notifying an operator, though not specifically because an alert is plausible but inconclusive.",remove,The independent checker found no useful support for the action.
CAPTURE_TRAFFIC,1,False,EG-O-0349,ieee-access-0150,True,"['ETSI.EN.303.645.V3.1.3-0078', 'RFC8520-0031', 'ETSI.EN.303.645.V3.1.3-0079']",original,Web,"Collect packet/flow evidence to validate whether the HTTP/TCP pattern reflects benign browsing, malformed input, or exploitation attempts.",SQL injection invalid data input application layer user interface prevent system manipulation collect network traffic evidence incident analysis monitoring IoT predicted family Web proposed action CAPTURE_TRAFFIC observed protocols TCP UDP HTTP observed indicators traffic packet rate volume frequency average packet size traffic profile inter arrival time traffic timing TCP SYN connection attempts TCP SYN flag connection attempts,plan,ETSI.EN.303.645.V3.1.3.pdf; RFC8520.txt; ETSI.EN.303.645.V3.1.3.pdf,generally_supported,"The excerpts support dropping invalid input, capturing telemetry, and retaining incident evidence, which generally supports packet/flow evidence collection.",unsupported,"The excerpts support input validation, TCP direction-based filtering, and telemetry for invalid data, but do not support capturing packet/flow traffic as an investigative action.",keep,General support is sufficient for this non-disruptive action.
INCREASE_LOGGING,2,False,EG-O-0350,ieee-access-0150,True,"['ETSI.EN.303.645.V3.1.3-0078', 'RFC8520-0031', 'ETSI.EN.303.645.V3.1.3-0079']",original,Web,Improve visibility on the observed profile because the alert is near-threshold and the model indicates possible web-layer abuse patterns.,SQL injection invalid data input application layer user interface prevent system manipulation increase security event logging monitoring incident analysis IoT predicted family Web proposed action INCREASE_LOGGING observed protocols TCP UDP HTTP observed indicators traffic packet rate volume frequency average packet size traffic profile inter arrival time traffic timing TCP SYN connection attempts TCP SYN flag connection attempts,plan,ETSI.EN.303.645.V3.1.3.pdf; RFC8520.txt; ETSI.EN.303.645.V3.1.3.pdf,unsupported,The evidence about validation and direction-initiated TCP packets does not support increasing logging for a near-threshold alert.,generally_supported,"ETSI's telemetry example generally supports improved visibility/telemetry, but the evidence does not explicitly recommend increasing logging for near-threshold web-abuse indications.",remove,The independent checker found no useful support for the action.
NOTIFY_OPERATOR,3,False,EG-O-0351,ieee-access-0150,True,"['ETSI.EN.303.645.V3.1.3-0078', 'RFC8520-0031', 'ETSI.EN.303.645.V3.1.3-0079']",original,Web,Human review is appropriate due to limited device attribution and only moderate confidence.,SQL injection invalid data input application layer user interface prevent system manipulation incident notification response escalation operator IoT predicted family Web proposed action NOTIFY_OPERATOR observed protocols TCP UDP HTTP observed indicators traffic packet rate volume frequency average packet size traffic profile inter arrival time traffic timing TCP SYN connection attempts TCP SYN flag connection attempts,plan,ETSI.EN.303.645.V3.1.3.pdf; RFC8520.txt; ETSI.EN.303.645.V3.1.3.pdf,unsupported,"The cited material supports validation and direction-initiated packet dropping, but not notifying an operator for limited device attribution.",unsupported,"The cited excerpts do not support notifying an operator. They discuss input validation and TCP initiation-direction controls, not operator escalation or human review.",remove,The independent checker found no useful support for the action.
CAPTURE_TRAFFIC,1,False,EG-O-0352,ieee-access-0151,True,"['NIST.SP.800-61r3-0067', 'RFC8576-0026', 'RFC8576-0067']",original,Spoofing,Collect additional evidence before a disruptive decision.,spoofing impersonation authentication network access control identity collect network traffic evidence incident analysis monitoring IoT predicted family Spoofing proposed action CAPTURE_TRAFFIC observed protocols TCP HTTPS observed indicators traffic packet rate volume frequency average packet size traffic profile inter arrival time traffic timing TCP ACK responses TCP ACK flag responses,escalate,NIST.SP.800-61r3.pdf; RFC8576.txt; RFC8576.txt,generally_supported,"The evidence-preservation excerpt supports collecting and retaining incident data, but it does not explicitly support traffic capture.",generally_supported,The NIST evidence collection guidance generally supports gathering and retaining incident evidence before disruptive decisions. It does not explicitly support traffic capture.,keep,General support is sufficient for this non-disruptive action.
NOTIFY_OPERATOR,2,False,EG-O-0353,ieee-access-0151,True,"['NIST.SP.800-61r3-0062', 'NIST.SP.800-61r3-0068', 'NIST.SP.800-213A-0065']",original,Spoofing,Detector confidence is below the validated threshold.,spoofing impersonation authentication network access control identity incident notification response escalation operator IoT predicted family Spoofing proposed action NOTIFY_OPERATOR observed protocols TCP HTTPS observed indicators traffic packet rate volume frequency average packet size traffic profile inter arrival time traffic timing TCP ACK responses TCP ACK flag responses,escalate,NIST.SP.800-61r3.pdf; NIST.SP.800-61r3.pdf; NIST.SP.800-213A.pdf,generally_supported,"The excerpts support incident reporting/notification and tracking, which is compatible with operator notification, but they do not explicitly support the threshold-based rationale.",generally_supported,The NIST reporting/communication excerpts generally support notifying relevant stakeholders/operators. They do not specifically support notification due to below-threshold detector confidence.,keep,General support is sufficient for this non-disruptive action.
CAPTURE_TRAFFIC,1,False,EG-O-0354,ieee-access-0152,True,"['NIST.SP.800-61r3-0055', 'NIST.SP.800-213A-0053', 'NIST.SP.800-61r3-0067']",original,Benign,Collect additional evidence before a disruptive decision.,normal activity continuous monitoring avoid unnecessary disruption cybersecurity state logging collect network traffic evidence incident analysis monitoring IoT predicted family Benign proposed action CAPTURE_TRAFFIC observed protocols TCP HTTP observed indicators traffic packet rate volume frequency average packet size traffic profile inter arrival time traffic timing TCP ACK responses TCP ACK flag responses,escalate,NIST.SP.800-61r3.pdf; NIST.SP.800-213A.pdf; NIST.SP.800-61r3.pdf,generally_supported,"The excerpts support monitoring and evidence retention, but not specifically traffic capture.",generally_supported,"The excerpts support monitoring and collecting incident evidence generally, but do not explicitly support the specific action of capturing network traffic before a decision.",keep,General support is sufficient for this non-disruptive action.
NOTIFY_OPERATOR,2,False,EG-O-0355,ieee-access-0152,True,"['NIST.SP.800-61r3-0055', 'NIST.SP.800-61r3-0068', 'NIST.IR.8259A-0022']",original,Benign,Detector confidence is below the validated threshold.,normal activity continuous monitoring avoid unnecessary disruption cybersecurity state logging incident notification response escalation operator IoT predicted family Benign proposed action NOTIFY_OPERATOR observed protocols TCP HTTP observed indicators traffic packet rate volume frequency average packet size traffic profile inter arrival time traffic timing TCP ACK responses TCP ACK flag responses,escalate,NIST.SP.800-61r3.pdf; NIST.SP.800-61r3.pdf; NIST.IR.8259A.pdf,unsupported,"The evidence supports monitoring and communication, but not operator notification from low confidence.",generally_supported,"The cited text supports reporting/communication and making device state available to authorized entities, which generally aligns with notifying an operator, but it does not specifically justify notification due to low detector confidence.",remove,The independent checker found no useful support for the action.
CAPTURE_TRAFFIC,1,False,EG-O-0356,ieee-access-0153,True,"['NIST.SP.800-61r3-0055', 'NIST.SP.800-213A-0053', 'NIST.SP.800-61r3-0067']",original,Benign,Collect additional evidence before a disruptive decision.,normal activity continuous monitoring avoid unnecessary disruption cybersecurity state logging collect network traffic evidence incident analysis monitoring IoT predicted family Benign proposed action CAPTURE_TRAFFIC observed protocols TCP UDP HTTPS ARP observed indicators traffic packet rate volume frequency average packet size traffic profile inter arrival time traffic timing TCP ACK responses TCP ACK flag responses,escalate,NIST.SP.800-61r3.pdf; NIST.SP.800-213A.pdf; NIST.SP.800-61r3.pdf,generally_supported,"The excerpts support monitoring and evidence retention, but not specifically traffic capture.",generally_supported,"The excerpts support monitoring and collecting incident evidence generally, but do not explicitly support the specific action of capturing network traffic before a decision.",keep,General support is sufficient for this non-disruptive action.
NOTIFY_OPERATOR,2,False,EG-O-0357,ieee-access-0153,True,"['NIST.SP.800-61r3-0055', 'NIST.IR.8259A-0022', 'NIST.SP.800-61r3-0068']",original,Benign,Detector confidence is below the validated threshold.,normal activity continuous monitoring avoid unnecessary disruption cybersecurity state logging incident notification response escalation operator IoT predicted family Benign proposed action NOTIFY_OPERATOR observed protocols TCP UDP HTTPS ARP observed indicators traffic packet rate volume frequency average packet size traffic profile inter arrival time traffic timing TCP ACK responses TCP ACK flag responses,escalate,NIST.SP.800-61r3.pdf; NIST.IR.8259A.pdf; NIST.SP.800-61r3.pdf,unsupported,"The evidence supports monitoring and communication, but not operator notification from low confidence.",generally_supported,"The cited text supports reporting/communication and making device state available to authorized entities, which generally aligns with notifying an operator, but it does not specifically justify notification due to low detector confidence.",remove,The independent checker found no useful support for the action.
CAPTURE_TRAFFIC,1,False,EG-O-0358,ieee-access-0154,True,"['NIST.SP.800-61r3-0055', 'NIST.SP.800-213A-0053', 'NIST.SP.800-61r3-0067']",original,Benign,Collect additional evidence before a disruptive decision.,normal activity continuous monitoring avoid unnecessary disruption cybersecurity state logging collect network traffic evidence incident analysis monitoring IoT predicted family Benign proposed action CAPTURE_TRAFFIC observed protocols TCP UDP HTTPS ARP observed indicators traffic packet rate volume frequency average packet size traffic profile inter arrival time traffic timing TCP ACK responses TCP ACK flag responses,escalate,NIST.SP.800-61r3.pdf; NIST.SP.800-213A.pdf; NIST.SP.800-61r3.pdf,generally_supported,"The excerpts support monitoring and evidence retention, but not specifically traffic capture.",generally_supported,"The excerpts support monitoring and collecting incident evidence generally, but do not explicitly support the specific action of capturing network traffic before a decision.",keep,General support is sufficient for this non-disruptive action.
NOTIFY_OPERATOR,2,False,EG-O-0359,ieee-access-0154,True,"['NIST.SP.800-61r3-0055', 'NIST.IR.8259A-0022', 'NIST.SP.800-61r3-0068']",original,Benign,Detector confidence is below the validated threshold.,normal activity continuous monitoring avoid unnecessary disruption cybersecurity state logging incident notification response escalation operator IoT predicted family Benign proposed action NOTIFY_OPERATOR observed protocols TCP UDP HTTPS ARP observed indicators traffic packet rate volume frequency average packet size traffic profile inter arrival time traffic timing TCP ACK responses TCP ACK flag responses,escalate,NIST.SP.800-61r3.pdf; NIST.IR.8259A.pdf; NIST.SP.800-61r3.pdf,unsupported,"The evidence supports monitoring and communication, but not operator notification from low confidence.",generally_supported,"The cited text supports reporting/communication and making device state available to authorized entities, which generally aligns with notifying an operator, but it does not specifically justify notification due to low detector confidence.",remove,The independent checker found no useful support for the action.
CAPTURE_TRAFFIC,1,False,EG-O-0360,ieee-access-0155,True,"['NIST.SP.800-61r3-0055', 'RFC8520-0031', 'NIST.SP.800-61r3-0067']",original,Recon,Collect additional evidence before a disruptive decision.,reconnaissance scanning probing unauthorized activity continuous monitoring logging collect network traffic evidence incident analysis monitoring IoT predicted family Recon proposed action CAPTURE_TRAFFIC observed protocols TCP HTTPS observed indicators traffic packet rate volume frequency average packet size traffic profile inter arrival time traffic timing TCP SYN connection attempts TCP SYN flag connection attempts,escalate,NIST.SP.800-61r3.pdf; RFC8520.txt; NIST.SP.800-61r3.pdf,generally_supported,"The excerpts support continuous monitoring and evidence collection, but not the specific traffic-capture action.",generally_supported,"The excerpts support monitoring and evidence retention generally, but do not explicitly support capturing traffic as the chosen evidence-collection action.",keep,General support is sufficient for this non-disruptive action.
NOTIFY_OPERATOR,2,False,EG-O-0361,ieee-access-0155,True,"['NIST.SP.800-61r3-0055', 'RFC8520-0031', 'NIST.SP.800-61r3-0068']",original,Recon,Detector confidence is below the validated threshold.,reconnaissance scanning probing unauthorized activity continuous monitoring logging incident notification response escalation operator IoT predicted family Recon proposed action NOTIFY_OPERATOR observed protocols TCP HTTPS observed indicators traffic packet rate volume frequency average packet size traffic profile inter arrival time traffic timing TCP SYN connection attempts TCP SYN flag connection attempts,escalate,NIST.SP.800-61r3.pdf; RFC8520.txt; NIST.SP.800-61r3.pdf,generally_supported,"The excerpts support monitoring and incident communication, but not the specific operator-notification action.",generally_supported,"The cited text supports incident notification/reporting in general, but not specifically notification triggered by sub-threshold detector confidence.",keep,General support is sufficient for this non-disruptive action.
INCREASE_LOGGING,1,False,EG-O-0362,ieee-access-0156,True,"['NIST.SP.800-61r3-0055', 'RFC8520-0031', 'NIST.SP.800-213A-0053']",original,Recon,Adds visibility for recon-like behavior while keeping the response non-disruptive and compatible with limited device attribution.,reconnaissance scanning probing unauthorized activity continuous monitoring logging increase security event logging monitoring incident analysis IoT predicted family Recon proposed action INCREASE_LOGGING observed protocols TCP UDP HTTP HTTPS DNS observed indicators traffic packet rate volume frequency average packet size traffic profile inter arrival time traffic timing TCP SYN connection attempts TCP SYN flag connection attempts,plan,NIST.SP.800-61r3.pdf; RFC8520.txt; NIST.SP.800-213A.pdf,generally_supported,"The excerpts support monitoring and event identification/monitoring capabilities, which aligns with adding visibility, but not specifically increasing logging.",generally_supported,"The evidence supports monitoring and monitoring-capability objectives, which generally support added visibility, but it does not explicitly support increasing logging as the concrete action.",keep,General support is sufficient for this non-disruptive action.
CAPTURE_TRAFFIC,2,False,EG-O-0363,ieee-access-0156,True,"['NIST.SP.800-61r3-0055', 'RFC8520-0031', 'NIST.SP.800-61r3-0067']",original,Recon,"Supports validation of whether the flow profile reflects scanning, enumeration, or benign service discovery.",reconnaissance scanning probing unauthorized activity continuous monitoring logging collect network traffic evidence incident analysis monitoring IoT predicted family Recon proposed action CAPTURE_TRAFFIC observed protocols TCP UDP HTTP HTTPS DNS observed indicators traffic packet rate volume frequency average packet size traffic profile inter arrival time traffic timing TCP SYN connection attempts TCP SYN flag connection attempts,plan,NIST.SP.800-61r3.pdf; RFC8520.txt; NIST.SP.800-61r3.pdf,generally_supported,"The excerpts support monitoring and evidence preservation, but not the specific action of capturing traffic.",generally_supported,"The excerpts support continuous monitoring and collecting/retaining incident evidence, but not explicitly packet capture to validate scanning or service discovery.",keep,General support is sufficient for this non-disruptive action.
NOTIFY_OPERATOR,3,False,EG-O-0364,ieee-access-0156,True,"['NIST.SP.800-61r3-0055', 'RFC8520-0031', 'NIST.SP.800-61r3-0068']",original,Recon,Human review is appropriate because the alert is high-confidence but device identity is not validated.,reconnaissance scanning probing unauthorized activity continuous monitoring logging incident notification response escalation operator IoT predicted family Recon proposed action NOTIFY_OPERATOR observed protocols TCP UDP HTTP HTTPS DNS observed indicators traffic packet rate volume frequency average packet size traffic profile inter arrival time traffic timing TCP SYN connection attempts TCP SYN flag connection attempts,plan,NIST.SP.800-61r3.pdf; RFC8520.txt; NIST.SP.800-61r3.pdf,generally_supported,"The excerpts support monitoring and incident communication, but not notifying an operator based on device-identity concerns.",generally_supported,"The reporting/communication excerpt generally supports notifying stakeholders/operators, but the specific condition of high confidence with unvalidated device identity is not supported explicitly.",keep,General support is sufficient for this non-disruptive action.
INCREASE_LOGGING,1,False,EG-O-0365,ieee-access-0157,True,"['NIST.SP.800-213A-0065', 'NIST.SP.800-61r3-0062', 'RFC8576-0026']",original,Spoofing,Collect additional context to distinguish benign high-rate traffic from spoofing-related activity.,spoofing impersonation authentication network access control identity increase security event logging monitoring incident analysis IoT predicted family Spoofing proposed action INCREASE_LOGGING observed protocols TCP HTTPS ARP observed indicators traffic packet rate volume frequency average packet size traffic profile inter arrival time traffic timing TCP ACK responses TCP ACK flag responses,plan,NIST.SP.800-213A.pdf; NIST.SP.800-61r3.pdf; RFC8576.txt,generally_supported,"The excerpts support session tracking, anti-spoofing, and incident status tracking, which align with visibility, but they do not explicitly recommend increasing logging.",unsupported,"The excerpts discuss anti-spoofing/session capabilities and incident status tracking, but do not support increasing logging or telemetry collection to distinguish benign traffic from spoofing.",keep,General support is sufficient for this non-disruptive action.
CAPTURE_TRAFFIC,2,False,EG-O-0366,ieee-access-0157,True,"['NIST.SP.800-61r3-0067', 'RFC8576-0026', 'RFC8576-0067']",original,Spoofing,Preserve packet-level evidence for validation and possible operator review.,spoofing impersonation authentication network access control identity collect network traffic evidence incident analysis monitoring IoT predicted family Spoofing proposed action CAPTURE_TRAFFIC observed protocols TCP HTTPS ARP observed indicators traffic packet rate volume frequency average packet size traffic profile inter arrival time traffic timing TCP ACK responses TCP ACK flag responses,plan,NIST.SP.800-61r3.pdf; RFC8576.txt; RFC8576.txt,generally_supported,"The evidence-preservation excerpt supports retaining incident data, but it does not explicitly support packet capture.",generally_supported,"The NIST excerpt generally supports collecting and retaining incident evidence, which broadly supports preserving evidence for validation/review. It does not explicitly support packet-level traffic capture.",keep,General support is sufficient for this non-disruptive action.
NOTIFY_OPERATOR,3,False,EG-O-0367,ieee-access-0157,True,"['NIST.SP.800-61r3-0062', 'NIST.SP.800-61r3-0068', 'NIST.SP.800-213A-0065']",original,Spoofing,Human review is appropriate given moderate confidence and identity uncertainty.,spoofing impersonation authentication network access control identity incident notification response escalation operator IoT predicted family Spoofing proposed action NOTIFY_OPERATOR observed protocols TCP HTTPS ARP observed indicators traffic packet rate volume frequency average packet size traffic profile inter arrival time traffic timing TCP ACK responses TCP ACK flag responses,plan,NIST.SP.800-61r3.pdf; NIST.SP.800-61r3.pdf; NIST.SP.800-213A.pdf,generally_supported,"The excerpts support incident reporting/notification and tracking, which is compatible with human review, but they do not explicitly support the stated rationale.",generally_supported,The NIST communication/reporting excerpts generally support notifying operators/stakeholders in incident response. They do not specifically support human review because confidence is moderate and identity is uncertain.,keep,General support is sufficient for this non-disruptive action.
RESTRICT_EGRESS,1,True,EG-O-0368,ieee-access-0158,True,"['RFC8520-0022', 'NIST.IR.8259A-0018', 'RFC8520-0044']",original,Spoofing,Applied the predefined bounded policy default.,spoofing impersonation authentication network access control identity restrict outbound communication approved destinations network access policy MUD IoT predicted family Spoofing proposed action RESTRICT_EGRESS observed protocols TCP HTTPS observed indicators traffic packet rate volume frequency average packet size traffic profile inter arrival time traffic timing TCP ACK responses TCP ACK flag responses,plan,RFC8520.txt; NIST.IR.8259A.pdf; RFC8520.txt,generally_supported,"The excerpts support limiting access to authorized entities and using drop/accept ACLs, which is related to egress restriction, but they do not explicitly justify this action for spoofing.",generally_supported,RFC 8520 and NIST IR 8259A generally support restricting device traffic through ACLs and authorized-interface access controls. They do not directly support applying this specific predefined bounded policy default of egress restriction.,remove,General evidence is insufficient for a disruptive action without human approval.
CAPTURE_TRAFFIC,2,False,EG-O-0369,ieee-access-0158,True,"['NIST.SP.800-61r3-0067', 'RFC8576-0026', 'RFC8576-0067']",original,Spoofing,Applied the predefined bounded policy default.,spoofing impersonation authentication network access control identity collect network traffic evidence incident analysis monitoring IoT predicted family Spoofing proposed action CAPTURE_TRAFFIC observed protocols TCP HTTPS observed indicators traffic packet rate volume frequency average packet size traffic profile inter arrival time traffic timing TCP ACK responses TCP ACK flag responses,plan,NIST.SP.800-61r3.pdf; RFC8576.txt; RFC8576.txt,generally_supported,"The evidence-preservation excerpt supports collecting incident data, but it does not explicitly support traffic capture.",generally_supported,The NIST evidence-preservation excerpt generally supports collecting and retaining incident evidence. It does not explicitly support traffic capture or this predefined default.,keep,General support is sufficient for this non-disruptive action.
NOTIFY_OPERATOR,3,False,EG-O-0370,ieee-access-0158,True,"['NIST.SP.800-61r3-0062', 'NIST.SP.800-61r3-0068', 'NIST.SP.800-213A-0065']",original,Spoofing,Applied the predefined bounded policy default.,spoofing impersonation authentication network access control identity incident notification response escalation operator IoT predicted family Spoofing proposed action NOTIFY_OPERATOR observed protocols TCP HTTPS observed indicators traffic packet rate volume frequency average packet size traffic profile inter arrival time traffic timing TCP ACK responses TCP ACK flag responses,plan,NIST.SP.800-61r3.pdf; NIST.SP.800-61r3.pdf; NIST.SP.800-213A.pdf,generally_supported,"The excerpts support incident reporting and coordination, which is adjacent to operator notification, but they do not explicitly justify the default rationale.",generally_supported,The NIST reporting/communication excerpts generally support operator notification as part of incident response. They do not directly support this exact predefined bounded policy default.,keep,General support is sufficient for this non-disruptive action.
NO_ACTION,1,False,EG-O-0371,ieee-access-0159,True,"['NIST.SP.800-61r3-0055', 'NIST.IR.8259A-0022', 'NIST.SP.800-213A-0053']",original,Benign,The detector classified the observation as benign.,normal activity continuous monitoring avoid unnecessary disruption cybersecurity state logging avoid unnecessary disruption continue observation IoT predicted family Benign proposed action NO_ACTION observed protocols TCP HTTPS observed indicators traffic packet rate volume frequency average packet size traffic profile inter arrival time traffic timing TCP ACK responses TCP ACK flag responses,monitor,NIST.SP.800-61r3.pdf; NIST.IR.8259A.pdf; NIST.SP.800-213A.pdf,unsupported,"The cited material supports monitoring and state awareness, but not a no-action decision.",unsupported,"The evidence supports monitoring and state awareness, not taking no action because an observation was classified benign.",remove,The independent checker found no useful support for the action.
MONITOR,2,False,EG-O-0372,ieee-access-0159,True,"['NIST.SP.800-61r3-0055', 'NIST.SP.800-213A-0053', 'NIST.SP.800-213A-0054']",original,Benign,Continue non-disruptive observation.,normal activity continuous monitoring avoid unnecessary disruption cybersecurity state logging continuous monitoring detect anomalous behavior security events IoT predicted family Benign proposed action MONITOR observed protocols TCP HTTPS observed indicators traffic packet rate volume frequency average packet size traffic profile inter arrival time traffic timing TCP ACK responses TCP ACK flag responses,monitor,NIST.SP.800-61r3.pdf; NIST.SP.800-213A.pdf; NIST.SP.800-213A.pdf,directly_supported,"The excerpts explicitly support continuous monitoring and event identification, matching monitor.",directly_supported,"The excerpts explicitly support ongoing monitoring and identifying cybersecurity events, which directly supports the MONITOR action.",keep,The action has direct documentary support.
INCREASE_LOGGING,1,False,EG-O-0373,ieee-access-0160,True,"['RFC8520-0022', 'NIST.SP.800-213A-0065', 'NIST.SP.800-61r3-0062']",original,Spoofing,Raise telemetry to capture additional evidence for a borderline-confidence spoofing alert.,spoofing impersonation authentication network access control identity increase security event logging monitoring incident analysis IoT predicted family Spoofing proposed action INCREASE_LOGGING observed protocols TCP UDP observed indicators traffic packet rate volume frequency average packet size traffic profile inter arrival time traffic timing TCP ACK responses TCP ACK flag responses,plan,RFC8520.txt; NIST.SP.800-213A.pdf; NIST.SP.800-61r3.pdf,generally_supported,"The excerpts support ACL-based traffic control and anti-spoofing/session tracking, which relate to telemetry and flow handling, but they do not explicitly recommend increasing logging.",unsupported,"The excerpts discuss ACL features, session tracking, anti-spoofing capability, and incident tracking, but they do not support increasing logging or raising telemetry for additional evidence collection.",keep,General support is sufficient for this non-disruptive action.
CAPTURE_TRAFFIC,2,False,EG-O-0374,ieee-access-0160,True,"['NIST.SP.800-61r3-0067', 'RFC8576-0026', 'RFC8520-0022']",original,Spoofing,Preserve packet-level evidence to distinguish spoofed traffic from benign bursty UDP behavior.,spoofing impersonation authentication network access control identity collect network traffic evidence incident analysis monitoring IoT predicted family Spoofing proposed action CAPTURE_TRAFFIC observed protocols TCP UDP observed indicators traffic packet rate volume frequency average packet size traffic profile inter arrival time traffic timing TCP ACK responses TCP ACK flag responses,plan,NIST.SP.800-61r3.pdf; RFC8576.txt; RFC8520.txt,generally_supported,"The evidence-preservation excerpt supports retaining incident data, but it does not explicitly support traffic capture.",generally_supported,The NIST evidence-collection excerpt generally supports preserving incident evidence. It does not explicitly support packet-level traffic capture to distinguish spoofing from bursty UDP traffic.,keep,General support is sufficient for this non-disruptive action.
NOTIFY_OPERATOR,3,False,EG-O-0375,ieee-access-0160,True,"['RFC8520-0022', 'NIST.SP.800-61r3-0062', 'NIST.SP.800-61r3-0068']",original,Spoofing,"Confidence is only slightly above threshold and no device identity is validated, so human review is appropriate before stronger containment.",spoofing impersonation authentication network access control identity incident notification response escalation operator IoT predicted family Spoofing proposed action NOTIFY_OPERATOR observed protocols TCP UDP observed indicators traffic packet rate volume frequency average packet size traffic profile inter arrival time traffic timing TCP ACK responses TCP ACK flag responses,plan,RFC8520.txt; NIST.SP.800-61r3.pdf; NIST.SP.800-61r3.pdf,generally_supported,"The excerpts support incident reporting/notification and tracking, which is consistent with human review, but they do not explicitly support the confidence-based rationale.",generally_supported,The NIST communication/reporting excerpts generally support notifying appropriate incident-response stakeholders/operators. They do not specifically support operator review because confidence is only slightly above threshold and identity is unvalidated.,keep,General support is sufficient for this non-disruptive action.
CAPTURE_TRAFFIC,0,False,EG-R-0001,ieee-access-0003,True,"['NIST.SP.800-61r3-0067', 'NIST.SP.800-61r3-0065', 'NIST.SP.800-61r3-0021']",refined_fallback_candidate,Benign,"Use a bounded, non-disruptive fallback because no evidence-eligible action remained.",collect network traffic evidence incident analysis monitoring collect network traffic evidence incident analysis monitoring collect network traffic evidence incident analysis monitoring incident response action CAPTURE_TRAFFIC for an IoT gateway predicted family context Benign observed protocols TCP UDP HTTPS DNS ARP observed indicators traffic packet rate volume frequency average packet size traffic profile inter arrival time traffic timing TCP SYN connection attempts TCP SYN flag connection attempts,escalate,NIST.SP.800-61r3.pdf; NIST.SP.800-61r3.pdf; NIST.SP.800-61r3.pdf,generally_supported,"The evidence supports collecting/retaining incident data and evidence preservation, which is adjacent to capture traffic, but it does not explicitly endorse traffic capture as the action.",generally_supported,"The excerpts support collecting and retaining incident evidence and analyzing incidents with attention to operational disruption, but they do not explicitly support the specific mechanism of capturing network traffic.",fallback,"Inserted a bounded, non-disruptive action after the gate removed every original action."
CAPTURE_TRAFFIC,0,False,EG-R-0004,ieee-access-0011,True,"['NIST.SP.800-61r3-0067', 'NIST.SP.800-61r3-0065', 'NIST.SP.800-61r3-0021']",refined_fallback_candidate,Web,"Use a bounded, non-disruptive fallback because no evidence-eligible action remained.",collect network traffic evidence incident analysis monitoring collect network traffic evidence incident analysis monitoring collect network traffic evidence incident analysis monitoring incident response action CAPTURE_TRAFFIC for an IoT gateway predicted family context Web observed protocols TCP UDP HTTP HTTPS DNS observed indicators traffic packet rate volume frequency average packet size traffic profile inter arrival time traffic timing TCP SYN connection attempts TCP SYN flag connection attempts,escalate,NIST.SP.800-61r3.pdf; NIST.SP.800-61r3.pdf; NIST.SP.800-61r3.pdf,generally_supported,"The evidence supports evidence collection and retention, but not traffic capture specifically.",generally_supported,"The cited text supports evidence collection, incident analysis, and considering disruption, which generally aligns with investigative goals, but it does not explicitly justify traffic capture as the concrete action.",fallback,"Inserted a bounded, non-disruptive action after the gate removed every original action."
CAPTURE_TRAFFIC,0,False,EG-R-0007,ieee-access-0012,True,"['NIST.SP.800-61r3-0067', 'NIST.SP.800-61r3-0065', 'NIST.SP.800-61r3-0021']",refined_fallback_candidate,Web,"Use a bounded, non-disruptive fallback because no evidence-eligible action remained.",collect network traffic evidence incident analysis monitoring collect network traffic evidence incident analysis monitoring collect network traffic evidence incident analysis monitoring incident response action CAPTURE_TRAFFIC for an IoT gateway predicted family context Web observed protocols TCP UDP HTTP HTTPS DNS observed indicators traffic packet rate volume frequency average packet size traffic profile inter arrival time traffic timing TCP SYN connection attempts TCP SYN flag connection attempts,escalate,NIST.SP.800-61r3.pdf; NIST.SP.800-61r3.pdf; NIST.SP.800-61r3.pdf,generally_supported,"The excerpts support evidence collection and retention, but they do not explicitly justify traffic capture.",generally_supported,"The evidence supports collecting incident data/evidence and conducting analysis, yet it does not specifically mention or directly endorse capturing network traffic.",fallback,"Inserted a bounded, non-disruptive action after the gate removed every original action."
CAPTURE_TRAFFIC,0,False,EG-R-0010,ieee-access-0021,True,"['NIST.SP.800-61r3-0067', 'NIST.SP.800-61r3-0065', 'NIST.SP.800-61r3-0021']",refined_fallback_candidate,BruteForce,"Use a bounded, non-disruptive fallback because no evidence-eligible action remained.",collect network traffic evidence incident analysis monitoring collect network traffic evidence incident analysis monitoring collect network traffic evidence incident analysis monitoring incident response action CAPTURE_TRAFFIC for an IoT gateway predicted family context BruteForce observed protocols TCP UDP ARP observed indicators traffic packet rate volume frequency average packet size traffic profile inter arrival time traffic timing TCP SYN connection attempts TCP SYN flag connection attempts,escalate,NIST.SP.800-61r3.pdf; NIST.SP.800-61r3.pdf; NIST.SP.800-61r3.pdf,generally_supported,"The excerpts support collecting/analyzing incident evidence, but not traffic capture specifically.",generally_supported,"The excerpts generally support gathering evidence and analyzing incidents while accounting for disruption, but they do not explicitly support CAPTURE_TRAFFIC itself.",fallback,"Inserted a bounded, non-disruptive action after the gate removed every original action."
CAPTURE_TRAFFIC,0,False,EG-R-0013,ieee-access-0024,True,"['NIST.SP.800-61r3-0067', 'NIST.SP.800-61r3-0065', 'NIST.SP.800-61r3-0021']",refined_fallback_candidate,BruteForce,"Use a bounded, non-disruptive fallback because no evidence-eligible action remained.",collect network traffic evidence incident analysis monitoring collect network traffic evidence incident analysis monitoring collect network traffic evidence incident analysis monitoring incident response action CAPTURE_TRAFFIC for an IoT gateway predicted family context BruteForce observed protocols TCP UDP HTTPS observed indicators traffic packet rate volume frequency average packet size traffic profile inter arrival time traffic timing TCP SYN connection attempts TCP SYN flag connection attempts,escalate,NIST.SP.800-61r3.pdf; NIST.SP.800-61r3.pdf; NIST.SP.800-61r3.pdf,generally_supported,"The evidence supports evidence collection and retention, but not the concrete action of capturing traffic.",generally_supported,"The documents support the broader objective of evidence collection and incident analysis, not the specific action of capturing traffic.",fallback,"Inserted a bounded, non-disruptive action after the gate removed every original action."
MONITOR,0,False,EG-R-0017,ieee-access-0041,True,"['NIST.SP.800-61r3-0055', 'NIST.SP.800-61r3-0058', 'NIST.SP.800-61r3-0056']",refined_fallback_candidate,DDoS,"Use a bounded, non-disruptive fallback because no evidence-eligible action remained.",continuous monitoring detect anomalous behavior security events continuous monitoring detect anomalous behavior security events continuous monitoring detect anomalous behavior security events incident response action MONITOR for an IoT gateway predicted family context DDoS observed protocols TCP observed indicators traffic packet rate volume frequency average packet size traffic profile inter arrival time traffic timing TCP SYN connection attempts TCP SYN flag connection attempts,escalate,NIST.SP.800-61r3.pdf; NIST.SP.800-61r3.pdf; NIST.SP.800-61r3.pdf,generally_supported,"The excerpts support continuous monitoring and analysis of adverse events, which is broadly consistent with monitoring, but not the exact action.",directly_supported,"The excerpts explicitly describe continuous monitoring of networks, services, anomalous activity, and event analysis to detect incidents, which directly supports the MONITOR action.",fallback,"Inserted a bounded, non-disruptive action after the gate removed every original action."
CAPTURE_TRAFFIC,0,False,EG-R-0019,ieee-access-0043,True,"['NIST.SP.800-61r3-0067', 'NIST.SP.800-61r3-0065', 'NIST.SP.800-61r3-0021']",refined_fallback_candidate,DDoS,"Use a bounded, non-disruptive fallback because no evidence-eligible action remained.",collect network traffic evidence incident analysis monitoring collect network traffic evidence incident analysis monitoring collect network traffic evidence incident analysis monitoring incident response action CAPTURE_TRAFFIC for an IoT gateway predicted family context DDoS observed protocols TCP observed indicators traffic packet rate volume frequency average packet size traffic profile inter arrival time traffic timing TCP SYN connection attempts TCP SYN flag connection attempts,escalate,NIST.SP.800-61r3.pdf; NIST.SP.800-61r3.pdf; NIST.SP.800-61r3.pdf,generally_supported,"The excerpts support evidence retention and incident analysis, but not explicit traffic capture.",generally_supported,"The evidence supports incident evidence collection and analysis in general, but not the concrete step of capturing traffic.",fallback,"Inserted a bounded, non-disruptive action after the gate removed every original action."
CAPTURE_TRAFFIC,0,False,EG-R-0022,ieee-access-0044,True,"['NIST.SP.800-61r3-0067', 'NIST.SP.800-61r3-0065', 'NIST.SP.800-61r3-0021']",refined_fallback_candidate,DDoS,"Use a bounded, non-disruptive fallback because no evidence-eligible action remained.",collect network traffic evidence incident analysis monitoring collect network traffic evidence incident analysis monitoring collect network traffic evidence incident analysis monitoring incident response action CAPTURE_TRAFFIC for an IoT gateway predicted family context DDoS observed protocols TCP observed indicators traffic packet rate volume frequency average packet size traffic profile inter arrival time traffic timing TCP SYN connection attempts TCP SYN flag connection attempts,escalate,NIST.SP.800-61r3.pdf; NIST.SP.800-61r3.pdf; NIST.SP.800-61r3.pdf,generally_supported,"The excerpts support evidence collection and retention, but not traffic capture specifically.",generally_supported,"The cited passages support preserving incident evidence and performing analysis with disruption considerations, but they do not explicitly mention traffic capture.",fallback,"Inserted a bounded, non-disruptive action after the gate removed every original action."
CAPTURE_TRAFFIC,0,False,EG-R-0025,ieee-access-0045,True,"['NIST.SP.800-61r3-0067', 'NIST.SP.800-61r3-0065', 'NIST.SP.800-61r3-0021']",refined_fallback_candidate,DDoS,"Use a bounded, non-disruptive fallback because no evidence-eligible action remained.",collect network traffic evidence incident analysis monitoring collect network traffic evidence incident analysis monitoring collect network traffic evidence incident analysis monitoring incident response action CAPTURE_TRAFFIC for an IoT gateway predicted family context DDoS observed protocols TCP observed indicators traffic packet rate volume frequency average packet size traffic profile inter arrival time traffic timing TCP SYN connection attempts TCP SYN flag connection attempts,escalate,NIST.SP.800-61r3.pdf; NIST.SP.800-61r3.pdf; NIST.SP.800-61r3.pdf,generally_supported,"The excerpts support evidence collection and retention, but not capture traffic as such.",generally_supported,"The excerpts justify the general security objective of collecting evidence for analysis, but not the specific mechanism of CAPTURE_TRAFFIC.",fallback,"Inserted a bounded, non-disruptive action after the gate removed every original action."
CAPTURE_TRAFFIC,0,False,EG-R-0028,ieee-access-0052,True,"['NIST.SP.800-61r3-0067', 'NIST.SP.800-61r3-0065', 'NIST.SP.800-61r3-0021']",refined_fallback_candidate,DoS,"Use a bounded, non-disruptive fallback because no evidence-eligible action remained.",collect network traffic evidence incident analysis monitoring collect network traffic evidence incident analysis monitoring collect network traffic evidence incident analysis monitoring incident response action CAPTURE_TRAFFIC for an IoT gateway predicted family context DoS observed protocols TCP observed indicators traffic packet rate volume frequency average packet size traffic profile inter arrival time traffic timing TCP SYN connection attempts TCP SYN flag connection attempts,escalate,NIST.SP.800-61r3.pdf; NIST.SP.800-61r3.pdf; NIST.SP.800-61r3.pdf,generally_supported,"The excerpts support collecting/retaining evidence and incident analysis, but not the specific traffic-capture action.",generally_supported,"The evidence generally supports collecting incident data/evidence and analyzing incidents, without explicitly supporting network traffic capture.",fallback,"Inserted a bounded, non-disruptive action after the gate removed every original action."
CAPTURE_TRAFFIC,0,False,EG-R-0031,ieee-access-0053,True,"['NIST.SP.800-61r3-0067', 'NIST.SP.800-61r3-0065', 'NIST.SP.800-61r3-0021']",refined_fallback_candidate,DoS,"Use a bounded, non-disruptive fallback because no evidence-eligible action remained.",collect network traffic evidence incident analysis monitoring collect network traffic evidence incident analysis monitoring collect network traffic evidence incident analysis monitoring incident response action CAPTURE_TRAFFIC for an IoT gateway predicted family context DoS observed protocols TCP HTTPS ARP observed indicators traffic packet rate volume frequency average packet size traffic profile inter arrival time traffic timing TCP SYN connection attempts TCP SYN flag connection attempts,escalate,NIST.SP.800-61r3.pdf; NIST.SP.800-61r3.pdf; NIST.SP.800-61r3.pdf,generally_supported,"The evidence supports evidence collection and incident analysis, but not explicit traffic capture.",generally_supported,"The cited text supports evidence collection and investigation broadly, but does not directly endorse CAPTURE_TRAFFIC as the action.",fallback,"Inserted a bounded, non-disruptive action after the gate removed every original action."
CAPTURE_TRAFFIC,0,False,EG-R-0034,ieee-access-0054,True,"['NIST.SP.800-61r3-0067', 'NIST.SP.800-61r3-0065', 'NIST.SP.800-61r3-0021']",refined_fallback_candidate,DoS,"Use a bounded, non-disruptive fallback because no evidence-eligible action remained.",collect network traffic evidence incident analysis monitoring collect network traffic evidence incident analysis monitoring collect network traffic evidence incident analysis monitoring incident response action CAPTURE_TRAFFIC for an IoT gateway predicted family context DoS observed protocols TCP UDP HTTP HTTPS ARP observed indicators traffic packet rate volume frequency average packet size traffic profile inter arrival time traffic timing TCP SYN connection attempts TCP SYN flag connection attempts,escalate,NIST.SP.800-61r3.pdf; NIST.SP.800-61r3.pdf; NIST.SP.800-61r3.pdf,generally_supported,"The evidence supports evidence collection/retention, but not the concrete traffic capture action.",generally_supported,"The excerpts support the broader investigative objective of collecting and analyzing evidence while considering disruption, but not specifically capturing traffic.",fallback,"Inserted a bounded, non-disruptive action after the gate removed every original action."
CAPTURE_TRAFFIC,0,False,EG-R-0037,ieee-access-0057,True,"['NIST.SP.800-61r3-0067', 'NIST.SP.800-61r3-0065', 'NIST.SP.800-61r3-0021']",refined_fallback_candidate,DoS,"Use a bounded, non-disruptive fallback because no evidence-eligible action remained.",collect network traffic evidence incident analysis monitoring collect network traffic evidence incident analysis monitoring collect network traffic evidence incident analysis monitoring incident response action CAPTURE_TRAFFIC for an IoT gateway predicted family context DoS observed protocols TCP UDP HTTP HTTPS DNS observed indicators traffic packet rate volume frequency average packet size traffic profile inter arrival time traffic timing TCP SYN connection attempts TCP SYN flag connection attempts,plan,NIST.SP.800-61r3.pdf; NIST.SP.800-61r3.pdf; NIST.SP.800-61r3.pdf,generally_supported,"The evidence supports collecting and retaining incident evidence, but not the traffic-capture action.",generally_supported,"The evidence is relevant to evidence preservation and incident analysis generally, but it does not explicitly support the traffic-capture mechanism.",fallback,"Inserted a bounded, non-disruptive action after the gate removed every original action."
CAPTURE_TRAFFIC,0,False,EG-R-0039,ieee-access-0059,True,"['NIST.SP.800-61r3-0067', 'NIST.SP.800-61r3-0065', 'NIST.SP.800-61r3-0021']",refined_fallback_candidate,DoS,"Use a bounded, non-disruptive fallback because no evidence-eligible action remained.",collect network traffic evidence incident analysis monitoring collect network traffic evidence incident analysis monitoring collect network traffic evidence incident analysis monitoring incident response action CAPTURE_TRAFFIC for an IoT gateway predicted family context DoS observed protocols TCP HTTPS observed indicators traffic packet rate volume frequency average packet size traffic profile inter arrival time traffic timing TCP SYN connection attempts TCP SYN flag connection attempts,plan,NIST.SP.800-61r3.pdf; NIST.SP.800-61r3.pdf; NIST.SP.800-61r3.pdf,generally_supported,"The evidence supports evidence collection and incident analysis, but not explicit traffic capture.",generally_supported,"The passages support general evidence collection and incident analysis, not the specific recommended action of CAPTURE_TRAFFIC.",fallback,"Inserted a bounded, non-disruptive action after the gate removed every original action."
CAPTURE_TRAFFIC,0,False,EG-R-0041,ieee-access-0060,True,"['NIST.SP.800-61r3-0067', 'NIST.SP.800-61r3-0065', 'NIST.SP.800-61r3-0021']",refined_fallback_candidate,DoS,"Use a bounded, non-disruptive fallback because no evidence-eligible action remained.",collect network traffic evidence incident analysis monitoring collect network traffic evidence incident analysis monitoring collect network traffic evidence incident analysis monitoring incident response action CAPTURE_TRAFFIC for an IoT gateway predicted family context DoS observed protocols TCP UDP ICMP HTTP DNS observed indicators traffic packet rate volume frequency average packet size traffic profile inter arrival time traffic timing TCP ACK responses TCP ACK flag responses,plan,NIST.SP.800-61r3.pdf; NIST.SP.800-61r3.pdf; NIST.SP.800-61r3.pdf,generally_supported,"The evidence supports collecting and retaining incident evidence, but not traffic capture specifically.",generally_supported,"The excerpts align with the goal of gathering evidence for incident response, but they do not directly justify capturing network traffic.",fallback,"Inserted a bounded, non-disruptive action after the gate removed every original action."
CAPTURE_TRAFFIC,0,False,EG-R-0043,ieee-access-0061,True,"['NIST.SP.800-61r3-0067', 'NIST.SP.800-61r3-0065', 'NIST.SP.800-61r3-0021']",refined_fallback_candidate,DoS,"Use a bounded, non-disruptive fallback because no evidence-eligible action remained.",collect network traffic evidence incident analysis monitoring collect network traffic evidence incident analysis monitoring collect network traffic evidence incident analysis monitoring incident response action CAPTURE_TRAFFIC for an IoT gateway predicted family context DoS observed protocols TCP observed indicators traffic packet rate volume frequency average packet size traffic profile inter arrival time traffic timing TCP SYN connection attempts TCP SYN flag connection attempts,escalate,NIST.SP.800-61r3.pdf; NIST.SP.800-61r3.pdf; NIST.SP.800-61r3.pdf,generally_supported,"The evidence supports evidence collection and retention, but not the specific action of traffic capture.",generally_supported,"The evidence supports preserving and analyzing incident evidence in general, but does not explicitly support CAPTURE_TRAFFIC.",fallback,"Inserted a bounded, non-disruptive action after the gate removed every original action."
CAPTURE_TRAFFIC,0,False,EG-R-0046,ieee-access-0065,True,"['NIST.SP.800-61r3-0067', 'NIST.SP.800-61r3-0065', 'NIST.SP.800-61r3-0021']",refined_fallback_candidate,DoS,"Use a bounded, non-disruptive fallback because no evidence-eligible action remained.",collect network traffic evidence incident analysis monitoring collect network traffic evidence incident analysis monitoring collect network traffic evidence incident analysis monitoring incident response action CAPTURE_TRAFFIC for an IoT gateway predicted family context DoS observed protocols TCP observed indicators traffic packet rate volume frequency average packet size traffic profile inter arrival time traffic timing TCP SYN connection attempts TCP SYN flag connection attempts,escalate,NIST.SP.800-61r3.pdf; NIST.SP.800-61r3.pdf; NIST.SP.800-61r3.pdf,generally_supported,"The evidence supports collecting and retaining incident evidence, but not traffic capture explicitly.",generally_supported,"The cited material supports general incident evidence collection and analysis, not the concrete network-traffic capture action.",fallback,"Inserted a bounded, non-disruptive action after the gate removed every original action."
CAPTURE_TRAFFIC,0,False,EG-R-0049,ieee-access-0067,True,"['NIST.SP.800-61r3-0067', 'NIST.SP.800-61r3-0065', 'NIST.SP.800-61r3-0021']",refined_fallback_candidate,DoS,"Use a bounded, non-disruptive fallback because no evidence-eligible action remained.",collect network traffic evidence incident analysis monitoring collect network traffic evidence incident analysis monitoring collect network traffic evidence incident analysis monitoring incident response action CAPTURE_TRAFFIC for an IoT gateway predicted family context DoS observed protocols UDP DNS observed indicators traffic packet rate volume frequency average packet size traffic profile inter arrival time traffic timing,plan,NIST.SP.800-61r3.pdf; NIST.SP.800-61r3.pdf; NIST.SP.800-61r3.pdf,generally_supported,"The excerpts support evidence collection and analysis, but not explicit traffic capture.",generally_supported,"The excerpts support the security objective of collecting evidence and analyzing incidents, but not specifically capturing traffic.",fallback,"Inserted a bounded, non-disruptive action after the gate removed every original action."
CAPTURE_TRAFFIC,0,False,EG-R-0051,ieee-access-0068,True,"['NIST.SP.800-61r3-0067', 'NIST.SP.800-61r3-0065', 'NIST.SP.800-61r3-0021']",refined_fallback_candidate,DoS,"Use a bounded, non-disruptive fallback because no evidence-eligible action remained.",collect network traffic evidence incident analysis monitoring collect network traffic evidence incident analysis monitoring collect network traffic evidence incident analysis monitoring incident response action CAPTURE_TRAFFIC for an IoT gateway predicted family context DoS observed protocols UDP observed indicators traffic packet rate volume frequency average packet size traffic profile inter arrival time traffic timing,plan,NIST.SP.800-61r3.pdf; NIST.SP.800-61r3.pdf; NIST.SP.800-61r3.pdf,generally_supported,"The evidence supports collecting/retaining evidence, but not the traffic-capture action.",generally_supported,"The documents generally support evidence collection and incident analysis with disruption awareness, but they do not directly support CAPTURE_TRAFFIC.",fallback,"Inserted a bounded, non-disruptive action after the gate removed every original action."
CAPTURE_TRAFFIC,0,False,EG-R-0053,ieee-access-0069,True,"['NIST.SP.800-61r3-0067', 'NIST.SP.800-61r3-0065', 'NIST.SP.800-61r3-0021']",refined_fallback_candidate,DoS,"Use a bounded, non-disruptive fallback because no evidence-eligible action remained.",collect network traffic evidence incident analysis monitoring collect network traffic evidence incident analysis monitoring collect network traffic evidence incident analysis monitoring incident response action CAPTURE_TRAFFIC for an IoT gateway predicted family context DoS observed protocols TCP UDP ICMP HTTPS observed indicators traffic packet rate volume frequency average packet size traffic profile inter arrival time traffic timing TCP SYN connection attempts TCP SYN flag connection attempts,plan,NIST.SP.800-61r3.pdf; NIST.SP.800-61r3.pdf; NIST.SP.800-61r3.pdf,generally_supported,"The evidence supports evidence collection and retention, but not the concrete traffic-capture action.",generally_supported,"The cited excerpts support broad investigative and evidence-retention goals, but not the specific mechanism of capturing traffic.",fallback,"Inserted a bounded, non-disruptive action after the gate removed every original action."
CAPTURE_TRAFFIC,0,False,EG-R-0055,ieee-access-0070,True,"['NIST.SP.800-61r3-0067', 'NIST.SP.800-61r3-0065', 'NIST.SP.800-61r3-0021']",refined_fallback_candidate,DoS,"Use a bounded, non-disruptive fallback because no evidence-eligible action remained.",collect network traffic evidence incident analysis monitoring collect network traffic evidence incident analysis monitoring collect network traffic evidence incident analysis monitoring incident response action CAPTURE_TRAFFIC for an IoT gateway predicted family context DoS observed protocols TCP observed indicators traffic packet rate volume frequency average packet size traffic profile inter arrival time traffic timing TCP SYN connection attempts TCP SYN flag connection attempts,plan,NIST.SP.800-61r3.pdf; NIST.SP.800-61r3.pdf; NIST.SP.800-61r3.pdf,generally_supported,"The evidence supports collecting and retaining incident evidence, but not explicit traffic capture.",generally_supported,"The evidence supports collecting and retaining incident evidence and analyzing what occurred, but does not explicitly justify traffic capture.",fallback,"Inserted a bounded, non-disruptive action after the gate removed every original action."
CAPTURE_TRAFFIC,0,False,EG-R-0057,ieee-access-0071,True,"['NIST.SP.800-61r3-0067', 'NIST.SP.800-61r3-0065', 'NIST.SP.800-61r3-0021']",refined_fallback_candidate,DDoS,"Use a bounded, non-disruptive fallback because no evidence-eligible action remained.",collect network traffic evidence incident analysis monitoring collect network traffic evidence incident analysis monitoring collect network traffic evidence incident analysis monitoring incident response action CAPTURE_TRAFFIC for an IoT gateway predicted family context DDoS observed protocols TCP observed indicators traffic packet rate volume frequency average packet size traffic profile inter arrival time traffic timing TCP SYN connection attempts TCP SYN flag connection attempts,escalate,NIST.SP.800-61r3.pdf; NIST.SP.800-61r3.pdf; NIST.SP.800-61r3.pdf,generally_supported,"The evidence supports collecting/retaining incident evidence, but not traffic capture specifically.",generally_supported,"The excerpts generally support evidence collection and incident analysis, yet they do not explicitly support CAPTURE_TRAFFIC as the recommended action.",fallback,"Inserted a bounded, non-disruptive action after the gate removed every original action."
CAPTURE_TRAFFIC,0,False,EG-R-0060,ieee-access-0072,True,"['NIST.SP.800-61r3-0067', 'NIST.SP.800-61r3-0065', 'NIST.SP.800-61r3-0021']",refined_fallback_candidate,DDoS,"Use a bounded, non-disruptive fallback because no evidence-eligible action remained.",collect network traffic evidence incident analysis monitoring collect network traffic evidence incident analysis monitoring collect network traffic evidence incident analysis monitoring incident response action CAPTURE_TRAFFIC for an IoT gateway predicted family context DDoS observed protocols TCP UDP ICMP observed indicators traffic packet rate volume frequency average packet size traffic profile inter arrival time traffic timing TCP SYN connection attempts TCP SYN flag connection attempts,escalate,NIST.SP.800-61r3.pdf; NIST.SP.800-61r3.pdf; NIST.SP.800-61r3.pdf,generally_supported,"The evidence supports evidence collection and retention, but not the specific traffic-capture action.",generally_supported,"The citations support the broader objective of gathering evidence for incident response and forensics, but not the specific action of capturing traffic.",fallback,"Inserted a bounded, non-disruptive action after the gate removed every original action."
CAPTURE_TRAFFIC,0,False,EG-R-0063,ieee-access-0074,True,"['NIST.SP.800-61r3-0067', 'NIST.SP.800-61r3-0065', 'NIST.SP.800-61r3-0021']",refined_fallback_candidate,DDoS,"Use a bounded, non-disruptive fallback because no evidence-eligible action remained.",collect network traffic evidence incident analysis monitoring collect network traffic evidence incident analysis monitoring collect network traffic evidence incident analysis monitoring incident response action CAPTURE_TRAFFIC for an IoT gateway predicted family context DDoS observed protocols UDP observed indicators traffic packet rate volume frequency average packet size traffic profile inter arrival time traffic timing,escalate,NIST.SP.800-61r3.pdf; NIST.SP.800-61r3.pdf; NIST.SP.800-61r3.pdf,generally_supported,"The evidence supports collecting and retaining incident evidence, but not traffic capture specifically.",generally_supported,"The evidence is relevant to preserving and analyzing incident evidence generally, but it does not directly endorse traffic capture.",fallback,"Inserted a bounded, non-disruptive action after the gate removed every original action."
CAPTURE_TRAFFIC,0,False,EG-R-0066,ieee-access-0075,True,"['NIST.SP.800-61r3-0067', 'NIST.SP.800-61r3-0065', 'NIST.SP.800-61r3-0021']",refined_fallback_candidate,DDoS,"Use a bounded, non-disruptive fallback because no evidence-eligible action remained.",collect network traffic evidence incident analysis monitoring collect network traffic evidence incident analysis monitoring collect network traffic evidence incident analysis monitoring incident response action CAPTURE_TRAFFIC for an IoT gateway predicted family context DDoS observed protocols TCP ARP observed indicators traffic packet rate volume frequency average packet size traffic profile inter arrival time traffic timing,escalate,NIST.SP.800-61r3.pdf; NIST.SP.800-61r3.pdf; NIST.SP.800-61r3.pdf,generally_supported,"The evidence supports collecting and retaining incident evidence, but not the specific traffic-capture action.",generally_supported,"The cited passages support general incident evidence collection and analysis, without explicitly supporting CAPTURE_TRAFFIC.",fallback,"Inserted a bounded, non-disruptive action after the gate removed every original action."
CAPTURE_TRAFFIC,0,False,EG-R-0069,ieee-access-0081,True,"['NIST.SP.800-61r3-0067', 'NIST.SP.800-61r3-0065', 'NIST.SP.800-61r3-0021']",refined_fallback_candidate,Mirai,"Use a bounded, non-disruptive fallback because no evidence-eligible action remained.",collect network traffic evidence incident analysis monitoring collect network traffic evidence incident analysis monitoring collect network traffic evidence incident analysis monitoring incident response action CAPTURE_TRAFFIC for an IoT gateway predicted family context Mirai observed protocols TCP UDP DNS ARP observed indicators traffic packet rate volume frequency average packet size traffic profile inter arrival time traffic timing TCP SYN connection attempts TCP SYN flag connection attempts,escalate,NIST.SP.800-61r3.pdf; NIST.SP.800-61r3.pdf; NIST.SP.800-61r3.pdf,generally_supported,"The evidence supports collecting and retaining incident data/evidence, but not traffic capture specifically.",generally_supported,"The excerpts support collecting incident evidence and conducting analysis while considering operational disruption, but they do not explicitly support capturing network traffic.",fallback,"Inserted a bounded, non-disruptive action after the gate removed every original action."
CAPTURE_TRAFFIC,0,False,EG-R-0072,ieee-access-0091,True,"['NIST.SP.800-61r3-0067', 'NIST.SP.800-61r3-0065', 'NIST.SP.800-61r3-0021']",refined_fallback_candidate,Mirai,"Use a bounded, non-disruptive fallback because no evidence-eligible action remained.",collect network traffic evidence incident analysis monitoring collect network traffic evidence incident analysis monitoring collect network traffic evidence incident analysis monitoring incident response action CAPTURE_TRAFFIC for an IoT gateway predicted family context Mirai observed protocols UDP observed indicators traffic packet rate volume frequency average packet size traffic profile inter arrival time traffic timing,plan,NIST.SP.800-61r3.pdf; NIST.SP.800-61r3.pdf; NIST.SP.800-61r3.pdf,generally_supported,"The evidence supports collecting and retaining incident evidence, but not traffic capture specifically.",generally_supported,"The evidence justifies the general objective of evidence collection and analysis, but not the concrete action of CAPTURE_TRAFFIC.",fallback,"Inserted a bounded, non-disruptive action after the gate removed every original action."
CAPTURE_TRAFFIC,0,False,EG-R-0074,ieee-access-0096,True,"['NIST.SP.800-61r3-0067', 'NIST.SP.800-61r3-0065', 'NIST.SP.800-61r3-0021']",refined_fallback_candidate,DoS,"Use a bounded, non-disruptive fallback because no evidence-eligible action remained.",collect network traffic evidence incident analysis monitoring collect network traffic evidence incident analysis monitoring collect network traffic evidence incident analysis monitoring incident response action CAPTURE_TRAFFIC for an IoT gateway predicted family context DoS observed protocols TCP UDP HTTPS ARP observed indicators traffic packet rate volume frequency average packet size traffic profile inter arrival time traffic timing TCP SYN connection attempts TCP SYN flag connection attempts,escalate,NIST.SP.800-61r3.pdf; NIST.SP.800-61r3.pdf; NIST.SP.800-61r3.pdf,generally_supported,"The evidence supports evidence collection and retention, but not traffic capture specifically.",generally_supported,"The documents support preserving and analyzing incident evidence broadly, but do not explicitly support the traffic-capture mechanism.",fallback,"Inserted a bounded, non-disruptive action after the gate removed every original action."
CAPTURE_TRAFFIC,0,False,EG-R-0077,ieee-access-0097,True,"['NIST.SP.800-61r3-0067', 'NIST.SP.800-61r3-0065', 'NIST.SP.800-61r3-0021']",refined_fallback_candidate,DDoS,"Use a bounded, non-disruptive fallback because no evidence-eligible action remained.",collect network traffic evidence incident analysis monitoring collect network traffic evidence incident analysis monitoring collect network traffic evidence incident analysis monitoring incident response action CAPTURE_TRAFFIC for an IoT gateway predicted family context DDoS observed protocols TCP UDP ICMP HTTP HTTPS DNS ARP observed indicators traffic packet rate volume frequency average packet size traffic profile inter arrival time traffic timing TCP ACK responses TCP ACK flag responses,escalate,NIST.SP.800-61r3.pdf; NIST.SP.800-61r3.pdf; NIST.SP.800-61r3.pdf,generally_supported,"The evidence supports collecting and retaining incident evidence, but not explicit traffic capture.",generally_supported,"The excerpts generally support collecting and analyzing incident evidence, but they do not directly support CAPTURE_TRAFFIC as such.",fallback,"Inserted a bounded, non-disruptive action after the gate removed every original action."
CAPTURE_TRAFFIC,0,False,EG-R-0080,ieee-access-0098,True,"['NIST.SP.800-61r3-0067', 'NIST.SP.800-61r3-0065', 'NIST.SP.800-61r3-0021']",refined_fallback_candidate,DDoS,"Use a bounded, non-disruptive fallback because no evidence-eligible action remained.",collect network traffic evidence incident analysis monitoring collect network traffic evidence incident analysis monitoring collect network traffic evidence incident analysis monitoring incident response action CAPTURE_TRAFFIC for an IoT gateway predicted family context DDoS observed protocols TCP UDP HTTPS DNS observed indicators traffic packet rate volume frequency average packet size traffic profile inter arrival time traffic timing TCP SYN connection attempts TCP SYN flag connection attempts,escalate,NIST.SP.800-61r3.pdf; NIST.SP.800-61r3.pdf; NIST.SP.800-61r3.pdf,generally_supported,"The evidence supports collecting and retaining incident evidence, but not traffic capture explicitly.",generally_supported,"The cited evidence supports general investigative evidence collection and analysis, not the specific action of capturing network traffic.",fallback,"Inserted a bounded, non-disruptive action after the gate removed every original action."
CAPTURE_TRAFFIC,0,False,EG-R-0083,ieee-access-0099,True,"['NIST.SP.800-61r3-0067', 'NIST.SP.800-61r3-0065', 'NIST.SP.800-61r3-0021']",refined_fallback_candidate,DoS,"Use a bounded, non-disruptive fallback because no evidence-eligible action remained.",collect network traffic evidence incident analysis monitoring collect network traffic evidence incident analysis monitoring collect network traffic evidence incident analysis monitoring incident response action CAPTURE_TRAFFIC for an IoT gateway predicted family context DoS observed protocols TCP UDP ICMP HTTPS DNS ARP observed indicators traffic packet rate volume frequency average packet size traffic profile inter arrival time traffic timing TCP SYN connection attempts TCP SYN flag connection attempts,escalate,NIST.SP.800-61r3.pdf; NIST.SP.800-61r3.pdf; NIST.SP.800-61r3.pdf,generally_supported,"The evidence supports evidence collection and retention, but not the concrete traffic-capture action.",generally_supported,"The passages support the overall security objective of collecting incident evidence and analyzing events, but not specifically CAPTURE_TRAFFIC.",fallback,"Inserted a bounded, non-disruptive action after the gate removed every original action."
CAPTURE_TRAFFIC,0,False,EG-R-0086,ieee-access-0100,True,"['NIST.SP.800-61r3-0067', 'NIST.SP.800-61r3-0065', 'NIST.SP.800-61r3-0021']",refined_fallback_candidate,DDoS,"Use a bounded, non-disruptive fallback because no evidence-eligible action remained.",collect network traffic evidence incident analysis monitoring collect network traffic evidence incident analysis monitoring collect network traffic evidence incident analysis monitoring incident response action CAPTURE_TRAFFIC for an IoT gateway predicted family context DDoS observed protocols TCP UDP HTTPS DNS observed indicators traffic packet rate volume frequency average packet size traffic profile inter arrival time traffic timing TCP ACK responses TCP ACK flag responses,escalate,NIST.SP.800-61r3.pdf; NIST.SP.800-61r3.pdf; NIST.SP.800-61r3.pdf,generally_supported,"The evidence supports collecting and retaining incident evidence, but not traffic capture specifically.",generally_supported,"The excerpts support general evidence collection and incident analysis with consideration of disruption, but they do not explicitly justify traffic capture.",fallback,"Inserted a bounded, non-disruptive action after the gate removed every original action."
