action,action_index,approval_required,audit_id,case_id,deterministic_eligible,evidence_refs,item_type,predicted_family,rationale,retrieval_query,route,sources,checker_a_label,checker_a_reason,checker_b_label,checker_b_reason,strict_refined_decision,strict_refined_reason
CAPTURE_TRAFFIC,1,False,EG-O-0001,ieee-access-0001,True,"['NIST.SP.800-61r3-0055', 'NIST.SP.800-213A-0053', 'NIST.SP.800-61r3-0067']",original,Benign,Collect additional evidence before a disruptive decision.,normal activity continuous monitoring avoid unnecessary disruption cybersecurity state logging collect network traffic evidence incident analysis monitoring IoT predicted family Benign proposed action CAPTURE_TRAFFIC observed protocols TCP UDP ICMP HTTPS observed indicators traffic packet rate volume frequency average packet size traffic profile inter arrival time traffic timing TCP ACK responses TCP ACK flag responses,escalate,NIST.SP.800-61r3.pdf; NIST.SP.800-213A.pdf; NIST.SP.800-61r3.pdf,generally_supported,"The excerpts support continuous monitoring/event identification and preserving evidence, which are consistent with collecting traffic for analysis, but none explicitly recommend traffic capture.",generally_supported,"The excerpts support monitoring networks and collecting incident evidence, which aligns with gathering more information, but they do not explicitly support the specific action of capturing network traffic.",keep,General support is sufficient for this non-disruptive action.
NOTIFY_OPERATOR,2,False,EG-O-0002,ieee-access-0001,True,"['NIST.SP.800-61r3-0055', 'NIST.IR.8259A-0022', 'NIST.SP.800-61r3-0068']",original,Benign,Detector confidence is below the validated threshold.,normal activity continuous monitoring avoid unnecessary disruption cybersecurity state logging incident notification response escalation operator IoT predicted family Benign proposed action NOTIFY_OPERATOR observed protocols TCP UDP ICMP HTTPS observed indicators traffic packet rate volume frequency average packet size traffic profile inter arrival time traffic timing TCP ACK responses TCP ACK flag responses,escalate,NIST.SP.800-61r3.pdf; NIST.IR.8259A.pdf; NIST.SP.800-61r3.pdf,generally_supported,"The evidence supports monitoring, cybersecurity state reporting, and incident notification/communication, but it does not specifically justify operator notification because confidence is below threshold.",generally_supported,"The evidence supports incident communication/notification and reporting cybersecurity state to authorized entities, but it does not specifically justify notifying an operator because detector confidence is below threshold.",keep,General support is sufficient for this non-disruptive action.
CAPTURE_TRAFFIC,1,False,EG-O-0003,ieee-access-0002,True,"['NIST.SP.800-61r3-0055', 'NIST.SP.800-213A-0053', 'NIST.SP.800-61r3-0067']",original,Benign,Collect additional evidence before a disruptive decision.,normal activity continuous monitoring avoid unnecessary disruption cybersecurity state logging collect network traffic evidence incident analysis monitoring IoT predicted family Benign proposed action CAPTURE_TRAFFIC observed protocols TCP HTTPS observed indicators traffic packet rate volume frequency average packet size traffic profile inter arrival time traffic timing TCP ACK responses TCP ACK flag responses,escalate,NIST.SP.800-61r3.pdf; NIST.SP.800-213A.pdf; NIST.SP.800-61r3.pdf,generally_supported,"The excerpts support monitoring and evidence preservation, but they do not explicitly support capturing network traffic as the chosen action.",generally_supported,"The excerpts support monitoring and evidence collection in general, but not the concrete mechanism of capturing traffic specifically.",keep,General support is sufficient for this non-disruptive action.
NOTIFY_OPERATOR,2,False,EG-O-0004,ieee-access-0002,True,"['NIST.SP.800-61r3-0055', 'NIST.IR.8259A-0022', 'NIST.SP.800-61r3-0068']",original,Benign,Detector confidence is below the validated threshold.,normal activity continuous monitoring avoid unnecessary disruption cybersecurity state logging incident notification response escalation operator IoT predicted family Benign proposed action NOTIFY_OPERATOR observed protocols TCP HTTPS observed indicators traffic packet rate volume frequency average packet size traffic profile inter arrival time traffic timing TCP ACK responses TCP ACK flag responses,escalate,NIST.SP.800-61r3.pdf; NIST.IR.8259A.pdf; NIST.SP.800-61r3.pdf,generally_supported,"The cited material supports monitoring and state awareness, and incident notification in general, but not the specific threshold-based operator notification action.",generally_supported,"The cited text supports notification/communication and state reporting generally, though not the precise trigger of low detector confidence.",keep,General support is sufficient for this non-disruptive action.
CAPTURE_TRAFFIC,1,False,EG-O-0005,ieee-access-0003,True,"['NIST.SP.800-61r3-0055', 'NIST.SP.800-213A-0053', 'RFC8520-0031']",original,Benign,Collect additional evidence before a disruptive decision.,normal activity continuous monitoring avoid unnecessary disruption cybersecurity state logging collect network traffic evidence incident analysis monitoring IoT predicted family Benign proposed action CAPTURE_TRAFFIC observed protocols TCP UDP HTTPS DNS ARP observed indicators traffic packet rate volume frequency average packet size traffic profile inter arrival time traffic timing TCP SYN connection attempts TCP SYN flag connection attempts,escalate,NIST.SP.800-61r3.pdf; NIST.SP.800-213A.pdf; RFC8520.txt,unsupported,The RFC excerpt about TCP direction and stateful dropping is unrelated to evidence collection or traffic capture for a benign observation.,generally_supported,"The NIST excerpts support monitoring and evidence collection objectives, but RFC8520 concerns traffic filtering policy, not traffic capture; overall this only generally supports gathering information, not explicitly CAPTURE_TRAFFIC.",remove,The independent checker found no useful support for the action.
NOTIFY_OPERATOR,2,False,EG-O-0006,ieee-access-0003,True,"['NIST.SP.800-61r3-0055', 'RFC8520-0031', 'NIST.IR.8259A-0022']",original,Benign,Detector confidence is below the validated threshold.,normal activity continuous monitoring avoid unnecessary disruption cybersecurity state logging incident notification response escalation operator IoT predicted family Benign proposed action NOTIFY_OPERATOR observed protocols TCP UDP HTTPS DNS ARP observed indicators traffic packet rate volume frequency average packet size traffic profile inter arrival time traffic timing TCP SYN connection attempts TCP SYN flag connection attempts,escalate,NIST.SP.800-61r3.pdf; RFC8520.txt; NIST.IR.8259A.pdf,unsupported,"The cited excerpts discuss monitoring, direction-initiated packet handling, and state awareness, but not notifying an operator because of low detector confidence.",unsupported,"The excerpts discuss continuous monitoring, device state awareness, and TCP direction-based packet dropping. None explicitly or generally support notifying an operator as the recommended action.",remove,The independent checker found no useful support for the action.
CAPTURE_TRAFFIC,1,False,EG-O-0007,ieee-access-0004,True,"['NIST.SP.800-61r3-0055', 'NIST.SP.800-213A-0053', 'NIST.SP.800-61r3-0067']",original,Benign,Collect additional evidence before a disruptive decision.,normal activity continuous monitoring avoid unnecessary disruption cybersecurity state logging collect network traffic evidence incident analysis monitoring IoT predicted family Benign proposed action CAPTURE_TRAFFIC observed protocols TCP HTTPS observed indicators traffic packet rate volume frequency average packet size traffic profile inter arrival time traffic timing TCP ACK responses TCP ACK flag responses,escalate,NIST.SP.800-61r3.pdf; NIST.SP.800-213A.pdf; NIST.SP.800-61r3.pdf,generally_supported,"The evidence supports continuous monitoring and retaining incident evidence, but not the concrete action of capturing traffic.",generally_supported,"The evidence supports monitoring and collecting evidence, but does not explicitly call for network traffic capture as the action.",keep,General support is sufficient for this non-disruptive action.
NOTIFY_OPERATOR,2,False,EG-O-0008,ieee-access-0004,True,"['NIST.SP.800-61r3-0055', 'NIST.IR.8259A-0022', 'NIST.SP.800-61r3-0068']",original,Benign,Detector confidence is below the validated threshold.,normal activity continuous monitoring avoid unnecessary disruption cybersecurity state logging incident notification response escalation operator IoT predicted family Benign proposed action NOTIFY_OPERATOR observed protocols TCP HTTPS observed indicators traffic packet rate volume frequency average packet size traffic profile inter arrival time traffic timing TCP ACK responses TCP ACK flag responses,escalate,NIST.SP.800-61r3.pdf; NIST.IR.8259A.pdf; NIST.SP.800-61r3.pdf,generally_supported,"The excerpts support monitoring and incident notification/communication in general, but do not specifically support threshold-based operator notification.",generally_supported,"The excerpts generally support operator notification/communication and authorized reporting, though not the specific low-confidence rationale.",keep,General support is sufficient for this non-disruptive action.
CAPTURE_TRAFFIC,1,False,EG-O-0009,ieee-access-0005,True,"['NIST.SP.800-61r3-0055', 'NIST.SP.800-213A-0053', 'NIST.SP.800-61r3-0067']",original,Benign,Collect additional evidence before a disruptive decision.,normal activity continuous monitoring avoid unnecessary disruption cybersecurity state logging collect network traffic evidence incident analysis monitoring IoT predicted family Benign proposed action CAPTURE_TRAFFIC observed protocols TCP UDP ICMP HTTPS observed indicators traffic packet rate volume frequency average packet size traffic profile inter arrival time traffic timing TCP ACK responses TCP ACK flag responses,escalate,NIST.SP.800-61r3.pdf; NIST.SP.800-213A.pdf; NIST.SP.800-61r3.pdf,generally_supported,"The cited material supports monitoring and evidence collection, but does not directly justify capturing traffic.",generally_supported,"The evidence supports monitoring and evidence retention broadly, but not specifically packet/traffic capture.",keep,General support is sufficient for this non-disruptive action.
NOTIFY_OPERATOR,2,False,EG-O-0010,ieee-access-0005,True,"['NIST.SP.800-61r3-0055', 'NIST.IR.8259A-0022', 'NIST.SP.800-61r3-0068']",original,Benign,Detector confidence is below the validated threshold.,normal activity continuous monitoring avoid unnecessary disruption cybersecurity state logging incident notification response escalation operator IoT predicted family Benign proposed action NOTIFY_OPERATOR observed protocols TCP UDP ICMP HTTPS observed indicators traffic packet rate volume frequency average packet size traffic profile inter arrival time traffic timing TCP ACK responses TCP ACK flag responses,escalate,NIST.SP.800-61r3.pdf; NIST.IR.8259A.pdf; NIST.SP.800-61r3.pdf,unsupported,"The excerpts support monitoring, packet dropping, and state awareness, but they do not support notifying the operator due to low confidence.",generally_supported,"The excerpts generally support notification and communication with stakeholders, but not specifically notifying an operator due to low model confidence.",remove,The independent checker found no useful support for the action.
NO_ACTION,1,False,EG-O-0011,ieee-access-0006,True,"['NIST.SP.800-61r3-0055', 'NIST.SP.800-213A-0053', 'NIST.IR.8259A-0022']",original,Benign,The detector classified the observation as benign.,normal activity continuous monitoring avoid unnecessary disruption cybersecurity state logging avoid unnecessary disruption continue observation IoT predicted family Benign proposed action NO_ACTION observed protocols TCP HTTP observed indicators traffic packet rate volume frequency average packet size traffic profile inter arrival time traffic timing TCP ACK responses TCP ACK flag responses,monitor,NIST.SP.800-61r3.pdf; NIST.SP.800-213A.pdf; NIST.IR.8259A.pdf,unsupported,"The excerpts support monitoring and state awareness, but they do not support a no-action decision beyond benign classification.",unsupported,The cited evidence emphasizes monitoring and state awareness; it does not support taking no action because an observation was classified benign.,remove,The independent checker found no useful support for the action.
MONITOR,2,False,EG-O-0012,ieee-access-0006,True,"['NIST.SP.800-61r3-0055', 'NIST.SP.800-213A-0053', 'NIST.SP.800-213A-0054']",original,Benign,Continue non-disruptive observation.,normal activity continuous monitoring avoid unnecessary disruption cybersecurity state logging continuous monitoring detect anomalous behavior security events IoT predicted family Benign proposed action MONITOR observed protocols TCP HTTP observed indicators traffic packet rate volume frequency average packet size traffic profile inter arrival time traffic timing TCP ACK responses TCP ACK flag responses,monitor,NIST.SP.800-61r3.pdf; NIST.SP.800-213A.pdf; NIST.SP.800-213A.pdf,generally_supported,"The evidence supports continuous monitoring and event identification, which align with monitoring, but it does not explicitly support the exact monitor action as a decision.",directly_supported,"The excerpts explicitly support continuous monitoring and event identification/monitoring capabilities, matching the action to continue non-disruptive observation.",keep,General support is sufficient for this non-disruptive action.
NO_ACTION,1,False,EG-O-0013,ieee-access-0007,True,"['NIST.SP.800-61r3-0055', 'NIST.IR.8259A-0022', 'NIST.SP.800-213A-0053']",original,Benign,The detector classified the observation as benign.,normal activity continuous monitoring avoid unnecessary disruption cybersecurity state logging avoid unnecessary disruption continue observation IoT predicted family Benign proposed action NO_ACTION observed protocols TCP HTTPS observed indicators traffic packet rate volume frequency average packet size traffic profile inter arrival time traffic timing TCP ACK responses TCP ACK flag responses,monitor,NIST.SP.800-61r3.pdf; NIST.IR.8259A.pdf; NIST.SP.800-213A.pdf,unsupported,"The cited material supports monitoring and state awareness, but not the specific no-action recommendation.",unsupported,"The evidence supports monitoring and awareness, not a decision to take no action on a benign classification.",remove,The independent checker found no useful support for the action.
MONITOR,2,False,EG-O-0014,ieee-access-0007,True,"['NIST.SP.800-61r3-0055', 'NIST.SP.800-213A-0053', 'NIST.SP.800-213A-0054']",original,Benign,Continue non-disruptive observation.,normal activity continuous monitoring avoid unnecessary disruption cybersecurity state logging continuous monitoring detect anomalous behavior security events IoT predicted family Benign proposed action MONITOR observed protocols TCP HTTPS observed indicators traffic packet rate volume frequency average packet size traffic profile inter arrival time traffic timing TCP ACK responses TCP ACK flag responses,monitor,NIST.SP.800-61r3.pdf; NIST.SP.800-213A.pdf; NIST.SP.800-213A.pdf,generally_supported,"The excerpts support continuous monitoring and identifying organizational cybersecurity events, which broadly support monitoring.",directly_supported,"The cited NIST material explicitly endorses continuous monitoring and event identification/monitoring, directly supporting MONITOR.",keep,General support is sufficient for this non-disruptive action.
NO_ACTION,1,False,EG-O-0015,ieee-access-0008,True,"['NIST.SP.800-61r3-0055', 'NIST.IR.8259A-0022', 'NIST.SP.800-213A-0053']",original,Benign,The detector classified the observation as benign.,normal activity continuous monitoring avoid unnecessary disruption cybersecurity state logging avoid unnecessary disruption continue observation IoT predicted family Benign proposed action NO_ACTION observed protocols TCP UDP HTTPS observed indicators traffic packet rate volume frequency average packet size traffic profile inter arrival time traffic timing TCP ACK responses TCP ACK flag responses,monitor,NIST.SP.800-61r3.pdf; NIST.IR.8259A.pdf; NIST.SP.800-213A.pdf,unsupported,"The evidence supports monitoring and state awareness, but not the specific no-action recommendation.",unsupported,Nothing in the excerpts explicitly or generally supports NO_ACTION; they instead support ongoing monitoring/state awareness.,remove,The independent checker found no useful support for the action.
MONITOR,2,False,EG-O-0016,ieee-access-0008,True,"['NIST.SP.800-61r3-0055', 'NIST.SP.800-213A-0053', 'NIST.SP.800-213A-0054']",original,Benign,Continue non-disruptive observation.,normal activity continuous monitoring avoid unnecessary disruption cybersecurity state logging continuous monitoring detect anomalous behavior security events IoT predicted family Benign proposed action MONITOR observed protocols TCP UDP HTTPS observed indicators traffic packet rate volume frequency average packet size traffic profile inter arrival time traffic timing TCP ACK responses TCP ACK flag responses,monitor,NIST.SP.800-61r3.pdf; NIST.SP.800-213A.pdf; NIST.SP.800-213A.pdf,generally_supported,"The cited excerpts support continuous monitoring and identifying cybersecurity events, which aligns with monitoring but not the exact action phrasing.",directly_supported,The excerpts directly support ongoing monitoring through continuous monitoring and event identification/monitoring requirements.,keep,General support is sufficient for this non-disruptive action.
NO_ACTION,1,False,EG-O-0017,ieee-access-0009,True,"['NIST.SP.800-61r3-0055', 'NIST.IR.8259A-0022', 'NIST.SP.800-213A-0053']",original,Benign,The detector classified the observation as benign.,normal activity continuous monitoring avoid unnecessary disruption cybersecurity state logging avoid unnecessary disruption continue observation IoT predicted family Benign proposed action NO_ACTION observed protocols TCP UDP HTTPS observed indicators traffic packet rate volume frequency average packet size traffic profile inter arrival time traffic timing TCP ACK responses TCP ACK flag responses,monitor,NIST.SP.800-61r3.pdf; NIST.IR.8259A.pdf; NIST.SP.800-213A.pdf,unsupported,"The evidence supports monitoring and state awareness, but does not justify a no-action response.",unsupported,"The evidence discusses monitoring and state awareness, not refraining from action because something is benign.",remove,The independent checker found no useful support for the action.
MONITOR,2,False,EG-O-0018,ieee-access-0009,True,"['NIST.SP.800-61r3-0055', 'NIST.SP.800-213A-0053', 'NIST.SP.800-213A-0054']",original,Benign,Continue non-disruptive observation.,normal activity continuous monitoring avoid unnecessary disruption cybersecurity state logging continuous monitoring detect anomalous behavior security events IoT predicted family Benign proposed action MONITOR observed protocols TCP UDP HTTPS observed indicators traffic packet rate volume frequency average packet size traffic profile inter arrival time traffic timing TCP ACK responses TCP ACK flag responses,monitor,NIST.SP.800-61r3.pdf; NIST.SP.800-213A.pdf; NIST.SP.800-213A.pdf,generally_supported,"The excerpts support continuous monitoring and event identification, which are consistent with monitoring, but do not explicitly recommend it as the action.",directly_supported,"Continuous monitoring and event identification/monitoring are explicitly described, directly supporting MONITOR.",keep,General support is sufficient for this non-disruptive action.
NO_ACTION,1,False,EG-O-0019,ieee-access-0010,True,"['NIST.SP.800-61r3-0055', 'NIST.IR.8259A-0022', 'NIST.SP.800-213A-0053']",original,Benign,The detector classified the observation as benign.,normal activity continuous monitoring avoid unnecessary disruption cybersecurity state logging avoid unnecessary disruption continue observation IoT predicted family Benign proposed action NO_ACTION observed protocols TCP HTTPS observed indicators traffic packet rate volume frequency average packet size traffic profile inter arrival time traffic timing TCP ACK responses TCP ACK flag responses,monitor,NIST.SP.800-61r3.pdf; NIST.IR.8259A.pdf; NIST.SP.800-213A.pdf,unsupported,"The cited material supports monitoring and state awareness, but not the no-action recommendation.",unsupported,The citations do not justify NO_ACTION; they point toward monitoring and awareness instead.,remove,The independent checker found no useful support for the action.
MONITOR,2,False,EG-O-0020,ieee-access-0010,True,"['NIST.SP.800-61r3-0055', 'NIST.SP.800-213A-0053', 'NIST.SP.800-213A-0054']",original,Benign,Continue non-disruptive observation.,normal activity continuous monitoring avoid unnecessary disruption cybersecurity state logging continuous monitoring detect anomalous behavior security events IoT predicted family Benign proposed action MONITOR observed protocols TCP HTTPS observed indicators traffic packet rate volume frequency average packet size traffic profile inter arrival time traffic timing TCP ACK responses TCP ACK flag responses,monitor,NIST.SP.800-61r3.pdf; NIST.SP.800-213A.pdf; NIST.SP.800-213A.pdf,generally_supported,"The evidence supports continuous monitoring and event identification, which broadly aligns with monitoring.",directly_supported,"The evidence explicitly supports continuous monitoring and monitoring capabilities, directly matching MONITOR.",keep,General support is sufficient for this non-disruptive action.
CAPTURE_TRAFFIC,1,False,EG-O-0021,ieee-access-0011,True,"['ETSI.EN.303.645.V3.1.3-0078', 'RFC8520-0031', 'ETSI.EN.303.645.V3.1.3-0079']",original,Web,Collect additional evidence before a disruptive decision.,SQL injection invalid data input application layer user interface prevent system manipulation collect network traffic evidence incident analysis monitoring IoT predicted family Web proposed action CAPTURE_TRAFFIC observed protocols TCP UDP HTTP HTTPS DNS observed indicators traffic packet rate volume frequency average packet size traffic profile inter arrival time traffic timing TCP SYN connection attempts TCP SYN flag connection attempts,escalate,ETSI.EN.303.645.V3.1.3.pdf; RFC8520.txt; ETSI.EN.303.645.V3.1.3.pdf,unsupported,"The excerpts discuss validating input and dropping invalid packets, not capturing traffic as evidence before action.",generally_supported,"ETSI example 3 says invalid network input can be captured as telemetry data, which supports recording security-relevant events, but it does not explicitly support capturing network traffic/packets as the recommended action.",remove,The independent checker found no useful support for the action.
NOTIFY_OPERATOR,2,False,EG-O-0022,ieee-access-0011,True,"['ETSI.EN.303.645.V3.1.3-0078', 'RFC8520-0031', 'ETSI.EN.303.645.V3.1.3-0079']",original,Web,Detector confidence is below the validated threshold.,SQL injection invalid data input application layer user interface prevent system manipulation incident notification response escalation operator IoT predicted family Web proposed action NOTIFY_OPERATOR observed protocols TCP UDP HTTP HTTPS DNS observed indicators traffic packet rate volume frequency average packet size traffic profile inter arrival time traffic timing TCP SYN connection attempts TCP SYN flag connection attempts,escalate,ETSI.EN.303.645.V3.1.3.pdf; RFC8520.txt; ETSI.EN.303.645.V3.1.3.pdf,unsupported,No cited excerpt supports notifying an operator based on low detector confidence or a validated threshold.,unsupported,"The excerpts discuss input validation, telemetry for invalid data, and a TCP direction-based filtering rule. They do not support notifying an operator due to low detector confidence.",remove,The independent checker found no useful support for the action.
CAPTURE_TRAFFIC,1,False,EG-O-0023,ieee-access-0012,True,"['ETSI.EN.303.645.V3.1.3-0078', 'RFC8520-0031', 'ETSI.EN.303.645.V3.1.3-0079']",original,Web,Collect additional evidence before a disruptive decision.,SQL injection invalid data input application layer user interface prevent system manipulation collect network traffic evidence incident analysis monitoring IoT predicted family Web proposed action CAPTURE_TRAFFIC observed protocols TCP UDP HTTP HTTPS DNS observed indicators traffic packet rate volume frequency average packet size traffic profile inter arrival time traffic timing TCP SYN connection attempts TCP SYN flag connection attempts,escalate,ETSI.EN.303.645.V3.1.3.pdf; RFC8520.txt; ETSI.EN.303.645.V3.1.3.pdf,unsupported,"The evidence concerns input validation and telemetry capture of invalid input, not traffic capture for evidence collection.",generally_supported,"The cited ETSI telemetry example supports collecting some evidence about anomalous input, but not the specific action of traffic capture before a decision.",remove,The independent checker found no useful support for the action.
NOTIFY_OPERATOR,2,False,EG-O-0024,ieee-access-0012,True,"['ETSI.EN.303.645.V3.1.3-0078', 'RFC8520-0031', 'ETSI.EN.303.645.V3.1.3-0079']",original,Web,Detector confidence is below the validated threshold.,SQL injection invalid data input application layer user interface prevent system manipulation incident notification response escalation operator IoT predicted family Web proposed action NOTIFY_OPERATOR observed protocols TCP UDP HTTP HTTPS DNS observed indicators traffic packet rate volume frequency average packet size traffic profile inter arrival time traffic timing TCP SYN connection attempts TCP SYN flag connection attempts,escalate,ETSI.EN.303.645.V3.1.3.pdf; RFC8520.txt; ETSI.EN.303.645.V3.1.3.pdf,unsupported,The excerpts do not mention operator notification or confidence-threshold escalation.,unsupported,Nothing in the excerpts supports operator notification or escalation based on uncertain detection results.,remove,The independent checker found no useful support for the action.
CAPTURE_TRAFFIC,1,False,EG-O-0025,ieee-access-0013,True,"['ETSI.EN.303.645.V3.1.3-0078', 'RFC8520-0031', 'ETSI.EN.303.645.V3.1.3-0079']",original,Web,Collect additional evidence before a disruptive decision.,SQL injection invalid data input application layer user interface prevent system manipulation collect network traffic evidence incident analysis monitoring IoT predicted family Web proposed action CAPTURE_TRAFFIC observed protocols TCP UDP HTTPS DNS observed indicators traffic packet rate volume frequency average packet size traffic profile inter arrival time traffic timing TCP SYN connection attempts TCP SYN flag connection attempts,escalate,ETSI.EN.303.645.V3.1.3.pdf; RFC8520.txt; ETSI.EN.303.645.V3.1.3.pdf,unsupported,Nothing in the cited text justifies capturing traffic for this Web-family finding.,generally_supported,"Capturing an invalid-input event as telemetry generally supports evidence collection, but not specifically packet or traffic capture.",remove,The independent checker found no useful support for the action.
NOTIFY_OPERATOR,2,False,EG-O-0026,ieee-access-0013,True,"['ETSI.EN.303.645.V3.1.3-0078', 'RFC8520-0031', 'ETSI.EN.303.645.V3.1.3-0079']",original,Web,Detector confidence is below the validated threshold.,SQL injection invalid data input application layer user interface prevent system manipulation incident notification response escalation operator IoT predicted family Web proposed action NOTIFY_OPERATOR observed protocols TCP UDP HTTPS DNS observed indicators traffic packet rate volume frequency average packet size traffic profile inter arrival time traffic timing TCP SYN connection attempts TCP SYN flag connection attempts,escalate,ETSI.EN.303.645.V3.1.3.pdf; RFC8520.txt; ETSI.EN.303.645.V3.1.3.pdf,unsupported,The evidence does not support notifying an operator; it is about validating network input and collecting telemetry data for invalid input.,unsupported,"The evidence is about validating input and blocking certain TCP directions, not notifying operators.",remove,The independent checker found no useful support for the action.
CAPTURE_TRAFFIC,1,False,EG-O-0027,ieee-access-0014,True,"['NIST.SP.800-61r3-0067', 'RFC8576-0026', 'RFC8576-0067']",original,Spoofing,Collect additional evidence before a disruptive decision.,spoofing impersonation authentication network access control identity collect network traffic evidence incident analysis monitoring IoT predicted family Spoofing proposed action CAPTURE_TRAFFIC observed protocols TCP HTTPS observed indicators traffic packet rate volume frequency average packet size traffic profile inter arrival time traffic timing TCP ACK responses TCP ACK flag responses,escalate,NIST.SP.800-61r3.pdf; RFC8576.txt; RFC8576.txt,directly_supported,"NIST SP 800-61r3 explicitly says to collect and retain evidence from an incident in accordance with preservation and retention procedures, which supports capturing traffic as evidence.",generally_supported,"NIST SP 800-61r3 explicitly supports collecting and retaining incident evidence, which generally supports gathering more evidence. However, none of the excerpts specifically support packet/traffic capture as the concrete mechanism.",keep,The action has direct documentary support.
NOTIFY_OPERATOR,2,False,EG-O-0028,ieee-access-0014,True,"['NIST.SP.800-61r3-0062', 'NIST.SP.800-61r3-0068', 'NIST.SP.800-213A-0065']",original,Spoofing,Detector confidence is below the validated threshold.,spoofing impersonation authentication network access control identity incident notification response escalation operator IoT predicted family Spoofing proposed action NOTIFY_OPERATOR observed protocols TCP HTTPS observed indicators traffic packet rate volume frequency average packet size traffic profile inter arrival time traffic timing TCP ACK responses TCP ACK flag responses,escalate,NIST.SP.800-61r3.pdf; NIST.SP.800-61r3.pdf; NIST.SP.800-213A.pdf,generally_supported,"The evidence supports incident reporting/communication and automatically reporting confirmed incidents, but it does not explicitly justify notifying an operator specifically because confidence is below threshold.",generally_supported,"The NIST incident-response excerpts support incident reporting, coordination, and notification, which generally supports notifying an operator. They do not specifically justify operator notification because confidence is below threshold, and the anti-spoofing excerpt is unrelated to notification.",keep,General support is sufficient for this non-disruptive action.
CAPTURE_TRAFFIC,1,False,EG-O-0029,ieee-access-0015,True,"['NIST.SP.800-61r3-0055', 'NIST.SP.800-61r3-0067', 'RFC8576-0067']",original,Recon,Collect additional evidence before a disruptive decision.,reconnaissance scanning probing unauthorized activity continuous monitoring logging collect network traffic evidence incident analysis monitoring IoT predicted family Recon proposed action CAPTURE_TRAFFIC observed protocols TCP HTTP HTTPS observed indicators traffic packet rate volume frequency average packet size traffic profile inter arrival time traffic timing TCP ACK responses TCP ACK flag responses,escalate,NIST.SP.800-61r3.pdf; NIST.SP.800-61r3.pdf; RFC8576.txt,generally_supported,"The excerpts support continuous monitoring and collecting/retaining incident evidence, which aligns with preserving evidence, but they do not explicitly support packet capture as the concrete action.",generally_supported,"The excerpts support continuous monitoring and collecting/retaining incident evidence, which aligns with gathering more evidence, but they do not explicitly support packet/traffic capture as the specific action.",keep,General support is sufficient for this non-disruptive action.
NOTIFY_OPERATOR,2,False,EG-O-0030,ieee-access-0015,True,"['NIST.SP.800-61r3-0055', 'NIST.SP.800-61r3-0068', 'NIST.SP.800-61r3-0062']",original,Recon,Detector confidence is below the validated threshold.,reconnaissance scanning probing unauthorized activity continuous monitoring logging incident notification response escalation operator IoT predicted family Recon proposed action NOTIFY_OPERATOR observed protocols TCP HTTP HTTPS observed indicators traffic packet rate volume frequency average packet size traffic profile inter arrival time traffic timing TCP ACK responses TCP ACK flag responses,escalate,NIST.SP.800-61r3.pdf; NIST.SP.800-61r3.pdf; NIST.SP.800-61r3.pdf,generally_supported,"The excerpts support incident reporting/communication and monitoring, but they do not justify a confidence-threshold-based operator notification decision.",generally_supported,"The cited NIST response communication text supports incident reporting/notification and automatic reporting of incidents, which generally supports notifying an operator, but it does not specifically justify notification based on low detector confidence/threshold logic.",keep,General support is sufficient for this non-disruptive action.
INCREASE_LOGGING,1,False,EG-O-0031,ieee-access-0016,True,"['ETSI.EN.303.645.V3.1.3-0078', 'ETSI.EN.303.645.V3.1.3-0079', 'RFC8576-0041']",original,Web,Improves visibility into whether the observed Web-family profile is benign or indicative of misuse while staying within intent-only constraints.,SQL injection invalid data input application layer user interface prevent system manipulation increase security event logging monitoring incident analysis IoT predicted family Web proposed action INCREASE_LOGGING observed protocols TCP UDP ICMP DNS ARP observed indicators traffic packet rate volume frequency average packet size traffic profile inter arrival time traffic timing TCP ACK responses TCP ACK flag responses,plan,ETSI.EN.303.645.V3.1.3.pdf; ETSI.EN.303.645.V3.1.3.pdf; RFC8576.txt,generally_supported,"The RFC excerpt supports dropping unsolicited packets and stateful tracking, which relates to observing traffic, but it does not explicitly justify increasing logging.",generally_supported,"ETSI example 3 explicitly mentions capturing an event as telemetry data, which generally supports increased observability/logging, though not an explicit directive to increase logging for this threat family.",keep,General support is sufficient for this non-disruptive action.
CAPTURE_TRAFFIC,2,False,EG-O-0032,ieee-access-0016,True,"['ETSI.EN.303.645.V3.1.3-0078', 'ETSI.EN.303.645.V3.1.3-0079', 'NIST.SP.800-61r3-0067']",original,Web,Supports validation of the anomalous profile and preserves evidence for downstream analysis and operator review.,SQL injection invalid data input application layer user interface prevent system manipulation collect network traffic evidence incident analysis monitoring IoT predicted family Web proposed action CAPTURE_TRAFFIC observed protocols TCP UDP ICMP DNS ARP observed indicators traffic packet rate volume frequency average packet size traffic profile inter arrival time traffic timing TCP ACK responses TCP ACK flag responses,plan,ETSI.EN.303.645.V3.1.3.pdf; ETSI.EN.303.645.V3.1.3.pdf; NIST.SP.800-61r3.pdf,generally_supported,"The NIST excerpt supports collecting and retaining incident data/evidence, which aligns with capturing traffic for later analysis, though it does not explicitly say to capture traffic.",directly_supported,"NIST SP 800-61r3 explicitly says to collect and retain evidence from an incident, directly supporting evidence-preserving collection such as traffic capture; ETSI telemetry capture is consistent with that objective.",keep,General support is sufficient for this non-disruptive action.
NOTIFY_OPERATOR,3,False,EG-O-0033,ieee-access-0016,True,"['ETSI.EN.303.645.V3.1.3-0078', 'ETSI.EN.303.645.V3.1.3-0079', 'NIST.SP.800-61r3-0062']",original,Web,Human review is appropriate because confidence is high but device identity is unknown and the mitigation cannot be executed directly.,SQL injection invalid data input application layer user interface prevent system manipulation incident notification response escalation operator IoT predicted family Web proposed action NOTIFY_OPERATOR observed protocols TCP UDP ICMP DNS ARP observed indicators traffic packet rate volume frequency average packet size traffic profile inter arrival time traffic timing TCP ACK responses TCP ACK flag responses,plan,ETSI.EN.303.645.V3.1.3.pdf; ETSI.EN.303.645.V3.1.3.pdf; NIST.SP.800-61r3.pdf,unsupported,"The cited incident-response text supports tracking and reporting incidents, not notifying an operator because the device identity is unknown.",generally_supported,"NIST says detection technologies should automatically report incidents and incident status should be tracked, which generally supports notifying an operator, though not specifically for unknown identity or unexecutable mitigation.",remove,The independent checker found no useful support for the action.
INCREASE_LOGGING,1,False,EG-O-0034,ieee-access-0017,True,"['NIST.SP.800-213A-0065', 'NIST.SP.800-61r3-0062', 'RFC8576-0026']",original,Spoofing,Collect more evidence on a likely spoofing-related flow while minimizing disruption.,spoofing impersonation authentication network access control identity increase security event logging monitoring incident analysis IoT predicted family Spoofing proposed action INCREASE_LOGGING observed protocols TCP HTTPS observed indicators traffic packet rate volume frequency average packet size traffic profile inter arrival time traffic timing TCP ACK responses TCP ACK flag responses,plan,NIST.SP.800-213A.pdf; NIST.SP.800-61r3.pdf; RFC8576.txt,unsupported,"The cited excerpts discuss anti-spoofing and incident-status tracking, not increasing logging or evidence collection.",unsupported,"The excerpts mention anti-spoofing capability and tracking/reporting incident status, but do not support increasing logging as a response action or logging for evidence collection in this scenario.",remove,The independent checker found no useful support for the action.
CAPTURE_TRAFFIC,2,False,EG-O-0035,ieee-access-0017,True,"['NIST.SP.800-61r3-0067', 'RFC8576-0026', 'RFC8576-0067']",original,Spoofing,Preserve artifacts for offline validation of spoofing indicators and false-positive review.,spoofing impersonation authentication network access control identity collect network traffic evidence incident analysis monitoring IoT predicted family Spoofing proposed action CAPTURE_TRAFFIC observed protocols TCP HTTPS observed indicators traffic packet rate volume frequency average packet size traffic profile inter arrival time traffic timing TCP ACK responses TCP ACK flag responses,plan,NIST.SP.800-61r3.pdf; RFC8576.txt; RFC8576.txt,directly_supported,"The NIST excerpt explicitly recommends collecting and retaining evidence from an incident, which supports capturing traffic for offline validation.",generally_supported,"NIST SP 800-61r3 supports collecting and retaining incident evidence, which generally supports preserving artifacts. But the evidence does not explicitly support capturing network traffic specifically.",keep,The action has direct documentary support.
NOTIFY_OPERATOR,3,False,EG-O-0036,ieee-access-0017,True,"['NIST.SP.800-61r3-0062', 'NIST.SP.800-61r3-0068', 'NIST.SP.800-213A-0065']",original,Spoofing,Human review is appropriate given limited identity context and mitigation-intent-only constraints.,spoofing impersonation authentication network access control identity incident notification response escalation operator IoT predicted family Spoofing proposed action NOTIFY_OPERATOR observed protocols TCP HTTPS observed indicators traffic packet rate volume frequency average packet size traffic profile inter arrival time traffic timing TCP ACK responses TCP ACK flag responses,plan,NIST.SP.800-61r3.pdf; NIST.SP.800-61r3.pdf; NIST.SP.800-213A.pdf,generally_supported,"The excerpts support human incident notification and coordination, but they do not specifically support operator notification due to limited identity context or mitigation-intent-only constraints.",generally_supported,"The NIST excerpts support incident reporting/communication and automatic reporting of confirmed incidents, which generally supports notifying an operator. They do not specifically support notification due to limited identity context or mitigation-intent constraints.",keep,General support is sufficient for this non-disruptive action.
INCREASE_LOGGING,1,False,EG-O-0037,ieee-access-0018,True,"['NIST.SP.800-61r3-0055', 'RFC8520-0031', 'NIST.SP.800-213A-0053']",original,Recon,Improve visibility into probing patterns and destination diversity to validate recon behavior.,reconnaissance scanning probing unauthorized activity continuous monitoring logging increase security event logging monitoring incident analysis IoT predicted family Recon proposed action INCREASE_LOGGING observed protocols TCP UDP HTTP HTTPS DNS ARP observed indicators traffic packet rate volume frequency average packet size traffic profile inter arrival time traffic timing TCP SYN connection attempts TCP SYN flag connection attempts,plan,NIST.SP.800-61r3.pdf; RFC8520.txt; NIST.SP.800-213A.pdf,generally_supported,"The evidence supports event identification/monitoring and continuous monitoring of network assets, but it does not explicitly support increasing logging as the recommended concrete action.",generally_supported,"The evidence supports event identification, monitoring, and continuous monitoring, which aligns with improving visibility, but it does not explicitly call for increasing logging as the concrete action.",keep,General support is sufficient for this non-disruptive action.
CAPTURE_TRAFFIC,2,False,EG-O-0038,ieee-access-0018,True,"['NIST.SP.800-61r3-0055', 'RFC8520-0031', 'NIST.SP.800-61r3-0067']",original,Recon,Collect packet-level evidence to distinguish benign bursty traffic from scanning or enumeration.,reconnaissance scanning probing unauthorized activity continuous monitoring logging collect network traffic evidence incident analysis monitoring IoT predicted family Recon proposed action CAPTURE_TRAFFIC observed protocols TCP UDP HTTP HTTPS DNS ARP observed indicators traffic packet rate volume frequency average packet size traffic profile inter arrival time traffic timing TCP SYN connection attempts TCP SYN flag connection attempts,plan,NIST.SP.800-61r3.pdf; RFC8520.txt; NIST.SP.800-61r3.pdf,generally_supported,"The excerpts support network monitoring and evidence preservation, which fits collecting evidence, but they do not directly endorse packet capture for this situation.",generally_supported,"The excerpts support monitoring and collecting incident evidence, which generally supports gathering packet-level evidence, but they do not explicitly direct traffic capture as the mechanism.",keep,General support is sufficient for this non-disruptive action.
NOTIFY_OPERATOR,3,False,EG-O-0039,ieee-access-0018,True,"['NIST.SP.800-61r3-0055', 'RFC8520-0031', 'NIST.SP.800-61r3-0068']",original,Recon,Human review is appropriate because the alert is strong but device identity is unvalidated and response should remain bounded.,reconnaissance scanning probing unauthorized activity continuous monitoring logging incident notification response escalation operator IoT predicted family Recon proposed action NOTIFY_OPERATOR observed protocols TCP UDP HTTP HTTPS DNS ARP observed indicators traffic packet rate volume frequency average packet size traffic profile inter arrival time traffic timing TCP SYN connection attempts TCP SYN flag connection attempts,plan,NIST.SP.800-61r3.pdf; RFC8520.txt; NIST.SP.800-61r3.pdf,generally_supported,"The evidence supports incident reporting/communication and monitoring, which is compatible with operator review, but it does not specifically support notification because the alert is strong yet identity unvalidated.",generally_supported,"The response communication excerpt generally supports notifying relevant stakeholders/operators about incidents, but there is no explicit support for operator notification specifically because identity is unvalidated or response should remain bounded.",keep,General support is sufficient for this non-disruptive action.
INCREASE_LOGGING,1,False,EG-O-0040,ieee-access-0019,True,"['NIST.SP.800-61r3-0055', 'RFC8520-0031', 'NIST.SP.800-213A-0053']",original,Recon,Collect higher-fidelity evidence to validate reconnaissance behavior and improve attribution without assuming a device identity.,reconnaissance scanning probing unauthorized activity continuous monitoring logging increase security event logging monitoring incident analysis IoT predicted family Recon proposed action INCREASE_LOGGING observed protocols TCP UDP HTTP HTTPS DNS observed indicators traffic packet rate volume frequency average packet size traffic profile inter arrival time traffic timing TCP SYN connection attempts TCP SYN flag connection attempts,plan,NIST.SP.800-61r3.pdf; RFC8520.txt; NIST.SP.800-213A.pdf,generally_supported,"The excerpts support monitoring and event identification on IoT devices, but they do not explicitly justify increasing logging as the recommended action.",generally_supported,"The cited material supports monitoring and event identification for cybersecurity posture, which generally supports increasing visibility/evidence collection, but not the specific action of increasing logging.",keep,General support is sufficient for this non-disruptive action.
CAPTURE_TRAFFIC,2,False,EG-O-0041,ieee-access-0019,True,"['NIST.SP.800-61r3-0055', 'RFC8520-0031', 'NIST.SP.800-61r3-0067']",original,Recon,Preserve network evidence for analyst review because the alert is behavior-based and device identity is not validated.,reconnaissance scanning probing unauthorized activity continuous monitoring logging collect network traffic evidence incident analysis monitoring IoT predicted family Recon proposed action CAPTURE_TRAFFIC observed protocols TCP UDP HTTP HTTPS DNS observed indicators traffic packet rate volume frequency average packet size traffic profile inter arrival time traffic timing TCP SYN connection attempts TCP SYN flag connection attempts,plan,NIST.SP.800-61r3.pdf; RFC8520.txt; NIST.SP.800-61r3.pdf,generally_supported,"The excerpts support monitoring, evidence preservation, and collecting incident data, but they do not directly support packet capture as the specific action.",generally_supported,"The evidence supports continuous monitoring and collecting/retaining incident evidence, which generally supports preserving network evidence, but does not explicitly support traffic capture.",keep,General support is sufficient for this non-disruptive action.
INCREASE_LOGGING,1,False,EG-O-0042,ieee-access-0020,True,"['NIST.SP.800-61r3-0055', 'RFC8520-0031', 'NIST.SP.800-213A-0053']",original,Recon,Gather more evidence on the observed flow pattern to confirm whether the activity is benign scanning or malicious reconnaissance.,reconnaissance scanning probing unauthorized activity continuous monitoring logging increase security event logging monitoring incident analysis IoT predicted family Recon proposed action INCREASE_LOGGING observed protocols TCP UDP HTTP HTTPS DNS ARP observed indicators traffic packet rate volume frequency average packet size traffic profile inter arrival time traffic timing TCP SYN connection attempts TCP SYN flag connection attempts,plan,NIST.SP.800-61r3.pdf; RFC8520.txt; NIST.SP.800-213A.pdf,generally_supported,"The evidence supports continuous monitoring and event identification, but it does not specifically endorse increasing logging to confirm recon behavior.",generally_supported,"The excerpts support monitoring and event identification to detect adverse events, which aligns with gathering more evidence, but they do not explicitly justify increasing logging as the specific measure.",keep,General support is sufficient for this non-disruptive action.
CAPTURE_TRAFFIC,2,False,EG-O-0043,ieee-access-0020,True,"['NIST.SP.800-61r3-0055', 'RFC8520-0031', 'NIST.SP.800-61r3-0067']",original,Recon,Preserve packet-level evidence for follow-up analysis because the alert lacks a validated device identifier and the output is mitigation intent only.,reconnaissance scanning probing unauthorized activity continuous monitoring logging collect network traffic evidence incident analysis monitoring IoT predicted family Recon proposed action CAPTURE_TRAFFIC observed protocols TCP UDP HTTP HTTPS DNS ARP observed indicators traffic packet rate volume frequency average packet size traffic profile inter arrival time traffic timing TCP SYN connection attempts TCP SYN flag connection attempts,plan,NIST.SP.800-61r3.pdf; RFC8520.txt; NIST.SP.800-61r3.pdf,generally_supported,"The excerpts support monitoring and evidence preservation, which is consistent with preserving packet evidence, but they do not explicitly support capture traffic as the action.",generally_supported,"The evidence supports collecting and retaining incident evidence and continuous monitoring, but not specifically packet capture/traffic capture as the prescribed action.",keep,General support is sufficient for this non-disruptive action.
NOTIFY_OPERATOR,3,False,EG-O-0044,ieee-access-0020,True,"['NIST.SP.800-61r3-0055', 'RFC8520-0031', 'NIST.SP.800-61r3-0068']",original,Recon,Escalate for human review so the operator can assess whether additional containment is warranted.,reconnaissance scanning probing unauthorized activity continuous monitoring logging incident notification response escalation operator IoT predicted family Recon proposed action NOTIFY_OPERATOR observed protocols TCP UDP HTTP HTTPS DNS ARP observed indicators traffic packet rate volume frequency average packet size traffic profile inter arrival time traffic timing TCP SYN connection attempts TCP SYN flag connection attempts,plan,NIST.SP.800-61r3.pdf; RFC8520.txt; NIST.SP.800-61r3.pdf,generally_supported,"The evidence supports incident reporting and communication, which is compatible with escalation to an operator, but it does not specifically justify operator notification for additional containment review.",generally_supported,"The NIST communication excerpt generally supports incident notification/coordination with stakeholders, which supports notifying an operator, but not specifically for human review to decide containment.",keep,General support is sufficient for this non-disruptive action.
CAPTURE_TRAFFIC,1,False,EG-O-0045,ieee-access-0021,True,"['RFC8520-0031', 'ETSI.EN.303.645.V3.1.3-0035', 'NIST.IR.8259A-0018']",original,BruteForce,Collect additional evidence before a disruptive decision.,password brute force failed authentication attempt limiting account lockout collect network traffic evidence incident analysis monitoring IoT predicted family BruteForce proposed action CAPTURE_TRAFFIC observed protocols TCP UDP ARP observed indicators traffic packet rate volume frequency average packet size traffic profile inter arrival time traffic timing TCP SYN connection attempts TCP SYN flag connection attempts,escalate,RFC8520.txt; ETSI.EN.303.645.V3.1.3.pdf; NIST.IR.8259A.pdf,unsupported,"The excerpts discuss brute-force defenses like limiting attempts and TCP direction/state handling, but they do not support capturing traffic as the recommended action.",unsupported,"The excerpts discuss blocking unauthorized TCP directions and limiting/delaying authentication attempts for brute-force resistance, but none support capturing traffic or collecting packet evidence as the recommended action.",remove,The independent checker found no useful support for the action.
NOTIFY_OPERATOR,2,False,EG-O-0046,ieee-access-0021,True,"['RFC8520-0031', 'ETSI.EN.303.645.V3.1.3-0035', 'NIST.IR.8259A-0018']",original,BruteForce,Detector confidence is below the validated threshold.,password brute force failed authentication attempt limiting account lockout incident notification response escalation operator IoT predicted family BruteForce proposed action NOTIFY_OPERATOR observed protocols TCP UDP ARP observed indicators traffic packet rate volume frequency average packet size traffic profile inter arrival time traffic timing TCP SYN connection attempts TCP SYN flag connection attempts,escalate,RFC8520.txt; ETSI.EN.303.645.V3.1.3.pdf; NIST.IR.8259A.pdf,unsupported,"The evidence supports detecting or defending against credential stuffing and reporting incidents, but not notifying an operator specifically because detector confidence is below a threshold.",unsupported,"The cited text supports detecting and throttling brute-force attempts, not notifying an operator due to low detector confidence or using operator notification as the response.",remove,The independent checker found no useful support for the action.
CAPTURE_TRAFFIC,1,False,EG-O-0047,ieee-access-0022,True,"['NIST.SP.800-61r3-0067', 'ETSI.EN.303.645.V3.1.3-0060', 'ETSI.EN.303.645.V3.1.3-0034']",original,BruteForce,Collect additional evidence before a disruptive decision.,password brute force failed authentication attempt limiting account lockout collect network traffic evidence incident analysis monitoring IoT predicted family BruteForce proposed action CAPTURE_TRAFFIC observed protocols TCP UDP HTTPS ARP observed indicators traffic packet rate volume frequency average packet size traffic profile inter arrival time traffic timing TCP ACK responses TCP ACK flag responses,escalate,NIST.SP.800-61r3.pdf; ETSI.EN.303.645.V3.1.3.pdf; ETSI.EN.303.645.V3.1.3.pdf,generally_supported,"The excerpt supports collecting and retaining incident evidence, which aligns with capturing traffic for evidence gathering, but it does not explicitly mention traffic capture.",generally_supported,"NIST SP 800-61r3 explicitly supports collecting and retaining incident evidence, which aligns with the objective of gathering more evidence, but it does not specifically call for traffic capture as the concrete mechanism.",keep,General support is sufficient for this non-disruptive action.
NOTIFY_OPERATOR,2,False,EG-O-0048,ieee-access-0022,True,"['ETSI.EN.303.645.V3.1.3-0060', 'ETSI.EN.303.645.V3.1.3-0034', 'NIST.SP.800-61r3-0062']",original,BruteForce,Detector confidence is below the validated threshold.,password brute force failed authentication attempt limiting account lockout incident notification response escalation operator IoT predicted family BruteForce proposed action NOTIFY_OPERATOR observed protocols TCP UDP HTTPS ARP observed indicators traffic packet rate volume frequency average packet size traffic profile inter arrival time traffic timing TCP ACK responses TCP ACK flag responses,escalate,ETSI.EN.303.645.V3.1.3.pdf; ETSI.EN.303.645.V3.1.3.pdf; NIST.SP.800-61r3.pdf,unsupported,"The cited excerpts support reporting incidents and managing authentication failures, but do not justify notifying an operator due to low detector confidence.",generally_supported,"NIST SP 800-61r3 supports automatic reporting/coordination for confirmed incidents, which generally supports operator notification, though it does not specifically justify notifying an operator because confidence is below threshold.",remove,The independent checker found no useful support for the action.
CAPTURE_TRAFFIC,1,False,EG-O-0049,ieee-access-0023,True,"['ETSI.EN.303.645.V3.1.3-0060', 'NIST.SP.800-61r3-0067', 'ETSI.EN.303.645.V3.1.3-0034']",original,BruteForce,Collect additional evidence before a disruptive decision.,password brute force failed authentication attempt limiting account lockout collect network traffic evidence incident analysis monitoring IoT predicted family BruteForce proposed action CAPTURE_TRAFFIC observed protocols TCP UDP ICMP HTTPS ARP observed indicators traffic packet rate volume frequency average packet size traffic profile inter arrival time traffic timing TCP ACK responses TCP ACK flag responses,escalate,ETSI.EN.303.645.V3.1.3.pdf; NIST.SP.800-61r3.pdf; ETSI.EN.303.645.V3.1.3.pdf,generally_supported,"The evidence supports collecting and retaining incident data as evidence, which is directionally consistent with traffic capture, but it does not explicitly endorse capture traffic.",generally_supported,"NIST SP 800-61r3 supports collecting and retaining incident evidence, generally aligning with evidence gathering before action, but the excerpts do not specifically support traffic capture.",keep,General support is sufficient for this non-disruptive action.
NOTIFY_OPERATOR,2,False,EG-O-0050,ieee-access-0023,True,"['ETSI.EN.303.645.V3.1.3-0060', 'ETSI.EN.303.645.V3.1.3-0034', 'NIST.SP.800-61r3-0062']",original,BruteForce,Detector confidence is below the validated threshold.,password brute force failed authentication attempt limiting account lockout incident notification response escalation operator IoT predicted family BruteForce proposed action NOTIFY_OPERATOR observed protocols TCP UDP ICMP HTTPS ARP observed indicators traffic packet rate volume frequency average packet size traffic profile inter arrival time traffic timing TCP ACK responses TCP ACK flag responses,escalate,ETSI.EN.303.645.V3.1.3.pdf; ETSI.EN.303.645.V3.1.3.pdf; NIST.SP.800-61r3.pdf,unsupported,"The excerpts cover incident tracking and authentication protections, but not operator notification for low-confidence detection.",generally_supported,"NIST SP 800-61r3 supports automatic reporting of confirmed incidents and coordination, which generally supports notifying an operator, but not specifically for low-confidence detection.",remove,The independent checker found no useful support for the action.
CAPTURE_TRAFFIC,1,False,EG-O-0051,ieee-access-0024,True,"['RFC8520-0031', 'ETSI.EN.303.645.V3.1.3-0035', 'NIST.IR.8259A-0018']",original,BruteForce,Collect additional evidence before a disruptive decision.,password brute force failed authentication attempt limiting account lockout collect network traffic evidence incident analysis monitoring IoT predicted family BruteForce proposed action CAPTURE_TRAFFIC observed protocols TCP UDP HTTPS observed indicators traffic packet rate volume frequency average packet size traffic profile inter arrival time traffic timing TCP SYN connection attempts TCP SYN flag connection attempts,escalate,RFC8520.txt; ETSI.EN.303.645.V3.1.3.pdf; NIST.IR.8259A.pdf,unsupported,"The evidence supports brute-force defenses and TCP state-based packet dropping, but not capturing traffic.",unsupported,"The excerpts support brute-force protections such as delaying attempts and restricting interfaces, but do not support capturing traffic as the recommended action.",remove,The independent checker found no useful support for the action.
NOTIFY_OPERATOR,2,False,EG-O-0052,ieee-access-0024,True,"['RFC8520-0031', 'ETSI.EN.303.645.V3.1.3-0035', 'NIST.IR.8259A-0018']",original,BruteForce,Detector confidence is below the validated threshold.,password brute force failed authentication attempt limiting account lockout incident notification response escalation operator IoT predicted family BruteForce proposed action NOTIFY_OPERATOR observed protocols TCP UDP HTTPS observed indicators traffic packet rate volume frequency average packet size traffic profile inter arrival time traffic timing TCP SYN connection attempts TCP SYN flag connection attempts,escalate,RFC8520.txt; ETSI.EN.303.645.V3.1.3.pdf; NIST.IR.8259A.pdf,unsupported,"The cited material supports brute-force mitigation and network packet handling, but does not support notifying an operator for this reason.",unsupported,"The evidence addresses brute-force prevention and detection, not notifying an operator or escalating because detector confidence is below threshold.",remove,The independent checker found no useful support for the action.
CAPTURE_TRAFFIC,1,False,EG-O-0053,ieee-access-0025,True,"['NIST.SP.800-61r3-0067', 'ETSI.EN.303.645.V3.1.3-0034', 'RFC8576-0067']",original,BruteForce,Collect additional evidence before a disruptive decision.,password brute force failed authentication attempt limiting account lockout collect network traffic evidence incident analysis monitoring IoT predicted family BruteForce proposed action CAPTURE_TRAFFIC observed protocols TCP HTTPS observed indicators traffic packet rate volume frequency average packet size traffic profile inter arrival time traffic timing TCP ACK responses TCP ACK flag responses,escalate,NIST.SP.800-61r3.pdf; ETSI.EN.303.645.V3.1.3.pdf; RFC8576.txt,generally_supported,"NIST guidance supports collecting incident data as evidence, which can align with capturing traffic, but the excerpt does not specifically say to capture traffic.",generally_supported,"NIST SP 800-61r3 supports collecting and retaining incident evidence, which generally supports gathering more evidence, but there is no explicit support for capturing traffic specifically.",keep,General support is sufficient for this non-disruptive action.
NOTIFY_OPERATOR,2,False,EG-O-0054,ieee-access-0025,True,"['ETSI.EN.303.645.V3.1.3-0034', 'NIST.SP.800-61r3-0062', 'NIST.SP.800-61r3-0068']",original,BruteForce,Detector confidence is below the validated threshold.,password brute force failed authentication attempt limiting account lockout incident notification response escalation operator IoT predicted family BruteForce proposed action NOTIFY_OPERATOR observed protocols TCP HTTPS observed indicators traffic packet rate volume frequency average packet size traffic profile inter arrival time traffic timing TCP ACK responses TCP ACK flag responses,escalate,ETSI.EN.303.645.V3.1.3.pdf; NIST.SP.800-61r3.pdf; NIST.SP.800-61r3.pdf,unsupported,"The excerpts support incident reporting and response tracking, but not notifying an operator because confidence is below a threshold.",generally_supported,"NIST SP 800-61r3 RS.CO/RS.MA supports incident reporting, communication, and notification among stakeholders, which generally supports notifying an operator, though not the specific rationale given.",remove,The independent checker found no useful support for the action.
RATE_LIMIT,1,True,EG-O-0055,ieee-access-0026,True,"['ETSI.EN.303.645.V3.1.3-0035', 'RFC8576-0026', 'ETSI.EN.303.645.V3.1.3-0034']",original,BruteForce,Throttle rapid repeat attempts while preserving visibility into whether the traffic pattern persists or adapts.,password brute force failed authentication attempt limiting account lockout rate limiting traffic filtering denial of service resource exhaustion IoT predicted family BruteForce proposed action RATE_LIMIT observed protocols TCP ARP observed indicators traffic packet rate volume frequency average packet size traffic profile inter arrival time traffic timing TCP ACK responses TCP ACK flag responses,plan,ETSI.EN.303.645.V3.1.3.pdf; RFC8576.txt; ETSI.EN.303.645.V3.1.3.pdf,generally_supported,"The evidence explicitly supports rate limiting authentication attempts to defend against brute-force attacks, though it does not mention preserving observability.",directly_supported,"ETSI EN 303 645 explicitly describes limiting authentication attempts within a time interval and increasing delays between attempts to make brute-force attacks impracticable, directly supporting rate limiting for brute-force.",remove,General evidence is insufficient for a disruptive action without human approval.
INCREASE_LOGGING,2,False,EG-O-0056,ieee-access-0026,True,"['ETSI.EN.303.645.V3.1.3-0060', 'ETSI.EN.303.645.V3.1.3-0034', 'NIST.SP.800-61r3-0065']",original,BruteForce,Collect more detail to confirm brute-force behavior and identify any repeated sources or sessions without assuming a device identity.,password brute force failed authentication attempt limiting account lockout increase security event logging monitoring incident analysis IoT predicted family BruteForce proposed action INCREASE_LOGGING observed protocols TCP ARP observed indicators traffic packet rate volume frequency average packet size traffic profile inter arrival time traffic timing TCP ACK responses TCP ACK flag responses,plan,ETSI.EN.303.645.V3.1.3.pdf; ETSI.EN.303.645.V3.1.3.pdf; NIST.SP.800-61r3.pdf,unsupported,"The citations discuss brute-force protections and incident analysis, but not increasing logging.",generally_supported,"NIST SP 800-61r3 supports incident analysis to determine sequence of events and what happened, which generally supports gathering more detail, but it does not specifically support increasing logging as the mechanism.",remove,The independent checker found no useful support for the action.
NOTIFY_OPERATOR,3,False,EG-O-0057,ieee-access-0026,True,"['ETSI.EN.303.645.V3.1.3-0060', 'ETSI.EN.303.645.V3.1.3-0034', 'NIST.SP.800-61r3-0062']",original,BruteForce,Escalate for human review because mitigation is intent-only and no validated device identifier is available.,password brute force failed authentication attempt limiting account lockout incident notification response escalation operator IoT predicted family BruteForce proposed action NOTIFY_OPERATOR observed protocols TCP ARP observed indicators traffic packet rate volume frequency average packet size traffic profile inter arrival time traffic timing TCP ACK responses TCP ACK flag responses,plan,ETSI.EN.303.645.V3.1.3.pdf; ETSI.EN.303.645.V3.1.3.pdf; NIST.SP.800-61r3.pdf,unsupported,"The evidence concerns authentication protections and incident reporting, but does not support notifying an operator due to missing device identification.",generally_supported,"NIST SP 800-61r3 supports automatic reporting of confirmed incidents and coordination with relevant parties, which generally supports operator notification, but not the specific rationale about intent-only mitigation or missing device ID.",remove,The independent checker found no useful support for the action.
RATE_LIMIT,1,True,EG-O-0058,ieee-access-0027,True,"['ETSI.EN.303.645.V3.1.3-0035', 'RFC8576-0026', 'ETSI.EN.303.645.V3.1.3-0034']",original,BruteForce,Reduce the effectiveness of automated repeated attempts while limiting blast radius.,password brute force failed authentication attempt limiting account lockout rate limiting traffic filtering denial of service resource exhaustion IoT predicted family BruteForce proposed action RATE_LIMIT observed protocols TCP UDP ICMP HTTPS observed indicators traffic packet rate volume frequency average packet size traffic profile inter arrival time traffic timing TCP ACK responses TCP ACK flag responses,plan,ETSI.EN.303.645.V3.1.3.pdf; RFC8576.txt; ETSI.EN.303.645.V3.1.3.pdf,generally_supported,"The excerpts explicitly support limiting authentication attempts and delaying retries, which aligns with rate limiting, though not the blast-radius rationale.",directly_supported,"ETSI EN 303 645 explicitly supports limiting the number of authentication attempts and delaying additional attempts after failures to defend against credential stuffing and key-space exhaustion, directly supporting rate limiting.",remove,General evidence is insufficient for a disruptive action without human approval.
INCREASE_LOGGING,2,False,EG-O-0059,ieee-access-0027,True,"['ETSI.EN.303.645.V3.1.3-0034', 'ETSI.EN.303.645.V3.1.3-0060', 'NIST.SP.800-61r3-0065']",original,BruteForce,Collect corroborating evidence because device identity is unverified and the alert is mitigation intent only.,password brute force failed authentication attempt limiting account lockout increase security event logging monitoring incident analysis IoT predicted family BruteForce proposed action INCREASE_LOGGING observed protocols TCP UDP ICMP HTTPS observed indicators traffic packet rate volume frequency average packet size traffic profile inter arrival time traffic timing TCP ACK responses TCP ACK flag responses,plan,ETSI.EN.303.645.V3.1.3.pdf; ETSI.EN.303.645.V3.1.3.pdf; NIST.SP.800-61r3.pdf,unsupported,"The evidence supports brute-force defenses and incident analysis, but not increasing logging.",generally_supported,"NIST SP 800-61r3 supports incident analysis to establish what took place and why, which generally supports collecting corroborating evidence, but does not specifically endorse increasing logging.",remove,The independent checker found no useful support for the action.
NOTIFY_OPERATOR,3,False,EG-O-0060,ieee-access-0027,True,"['ETSI.EN.303.645.V3.1.3-0060', 'ETSI.EN.303.645.V3.1.3-0034', 'NIST.SP.800-61r3-0062']",original,BruteForce,"Human review is warranted to confirm whether this is legitimate access, misconfiguration, or an attack.",password brute force failed authentication attempt limiting account lockout incident notification response escalation operator IoT predicted family BruteForce proposed action NOTIFY_OPERATOR observed protocols TCP UDP ICMP HTTPS observed indicators traffic packet rate volume frequency average packet size traffic profile inter arrival time traffic timing TCP ACK responses TCP ACK flag responses,plan,ETSI.EN.303.645.V3.1.3.pdf; ETSI.EN.303.645.V3.1.3.pdf; NIST.SP.800-61r3.pdf,unsupported,"The excerpts mention incident reporting and authentication handling, but do not support notifying an operator for ambiguous legitimacy or device attribution issues.",generally_supported,"NIST SP 800-61r3 supports automatic reporting and incident tracking/coordination, which generally supports notifying an operator for review, though not specifically to distinguish legitimate access, misconfiguration, or attack.",remove,The independent checker found no useful support for the action.
RATE_LIMIT,1,True,EG-O-0061,ieee-access-0028,True,"['ETSI.EN.303.645.V3.1.3-0035', 'RFC8576-0026', 'ETSI.EN.303.645.V3.1.3-0034']",original,BruteForce,Reduce the impact of suspected automated guessing or probing while preserving some observability.,password brute force failed authentication attempt limiting account lockout rate limiting traffic filtering denial of service resource exhaustion IoT predicted family BruteForce proposed action RATE_LIMIT observed protocols TCP UDP HTTPS DNS observed indicators traffic packet rate volume frequency average packet size traffic profile inter arrival time traffic timing TCP ACK responses TCP ACK flag responses,plan,ETSI.EN.303.645.V3.1.3.pdf; RFC8576.txt; ETSI.EN.303.645.V3.1.3.pdf,generally_supported,"The evidence explicitly supports limiting authentication attempts and increasing delays to defend against brute-force attacks, which is rate limiting.",directly_supported,"ETSI EN 303 645 explicitly calls for limiting authentication attempts and increasing delays between attempts to make brute-force attacks impracticable, directly supporting rate limiting suspected automated guessing.",remove,General evidence is insufficient for a disruptive action without human approval.
INCREASE_LOGGING,2,False,EG-O-0062,ieee-access-0028,True,"['ETSI.EN.303.645.V3.1.3-0034', 'NIST.SP.800-61r3-0065', 'ETSI.EN.303.645.V3.1.3-0060']",original,BruteForce,Collect additional evidence to validate whether the traffic reflects brute-force behavior and identify affected services.,password brute force failed authentication attempt limiting account lockout increase security event logging monitoring incident analysis IoT predicted family BruteForce proposed action INCREASE_LOGGING observed protocols TCP UDP HTTPS DNS observed indicators traffic packet rate volume frequency average packet size traffic profile inter arrival time traffic timing TCP ACK responses TCP ACK flag responses,plan,ETSI.EN.303.645.V3.1.3.pdf; NIST.SP.800-61r3.pdf; ETSI.EN.303.645.V3.1.3.pdf,unsupported,"The excerpts support brute-force defense and incident analysis, but do not justify increasing logging.",generally_supported,"NIST SP 800-61r3 incident analysis guidance generally supports collecting additional evidence to understand what happened, but the excerpts do not specifically support increasing logging as the chosen action.",remove,The independent checker found no useful support for the action.
NOTIFY_OPERATOR,3,False,EG-O-0063,ieee-access-0028,True,"['ETSI.EN.303.645.V3.1.3-0034', 'NIST.SP.800-61r3-0062', 'ETSI.EN.303.645.V3.1.3-0060']",original,BruteForce,Human review is appropriate because the gateway cannot map the alert to a specific device.,password brute force failed authentication attempt limiting account lockout incident notification response escalation operator IoT predicted family BruteForce proposed action NOTIFY_OPERATOR observed protocols TCP UDP HTTPS DNS observed indicators traffic packet rate volume frequency average packet size traffic profile inter arrival time traffic timing TCP ACK responses TCP ACK flag responses,plan,ETSI.EN.303.645.V3.1.3.pdf; NIST.SP.800-61r3.pdf; ETSI.EN.303.645.V3.1.3.pdf,unsupported,The cited material does not support notifying an operator because the gateway cannot map the alert to a specific device.,generally_supported,"NIST SP 800-61r3 supports reporting and coordinating incident response with relevant parties, which generally supports notifying an operator, though not specifically because the gateway cannot map to a device.",remove,The independent checker found no useful support for the action.
RATE_LIMIT,1,True,EG-O-0064,ieee-access-0029,True,"['ETSI.EN.303.645.V3.1.3-0035', 'RFC8576-0026', 'ETSI.EN.303.645.V3.1.3-0034']",original,BruteForce,Reduce sustained attempt volume while preserving limited observability for confirmation.,password brute force failed authentication attempt limiting account lockout rate limiting traffic filtering denial of service resource exhaustion IoT predicted family BruteForce proposed action RATE_LIMIT observed protocols TCP UDP HTTPS observed indicators traffic packet rate volume frequency average packet size traffic profile inter arrival time traffic timing TCP ACK responses TCP ACK flag responses,plan,ETSI.EN.303.645.V3.1.3.pdf; RFC8576.txt; ETSI.EN.303.645.V3.1.3.pdf,generally_supported,"The excerpts explicitly describe limiting authentication attempts and delaying retries, which supports rate limiting, though not the observability framing.",directly_supported,"ETSI EN 303 645 explicitly supports limiting authentication attempts within a time interval and delaying retries after failed attempts, directly supporting rate limiting for brute-force mitigation.",remove,General evidence is insufficient for a disruptive action without human approval.
INCREASE_LOGGING,2,False,EG-O-0065,ieee-access-0029,True,"['ETSI.EN.303.645.V3.1.3-0034', 'NIST.SP.800-61r3-0065', 'ETSI.EN.303.645.V3.1.3-0060']",original,BruteForce,Gather evidence to validate whether the flow represents repeated login or access attempts.,password brute force failed authentication attempt limiting account lockout increase security event logging monitoring incident analysis IoT predicted family BruteForce proposed action INCREASE_LOGGING observed protocols TCP UDP HTTPS observed indicators traffic packet rate volume frequency average packet size traffic profile inter arrival time traffic timing TCP ACK responses TCP ACK flag responses,plan,ETSI.EN.303.645.V3.1.3.pdf; NIST.SP.800-61r3.pdf; ETSI.EN.303.645.V3.1.3.pdf,unsupported,"The excerpts support brute-force mitigation and incident analysis, but not increasing logging.",generally_supported,"NIST SP 800-61r3 supports incident analysis to determine what happened and the event sequence, which generally supports gathering evidence, but does not specifically support increasing logging.",remove,The independent checker found no useful support for the action.
NOTIFY_OPERATOR,3,False,EG-O-0066,ieee-access-0029,True,"['ETSI.EN.303.645.V3.1.3-0034', 'NIST.SP.800-61r3-0062', 'NIST.SP.800-61r3-0068']",original,BruteForce,Escalate for human review because the alert is high confidence but device attribution is unavailable.,password brute force failed authentication attempt limiting account lockout incident notification response escalation operator IoT predicted family BruteForce proposed action NOTIFY_OPERATOR observed protocols TCP UDP HTTPS observed indicators traffic packet rate volume frequency average packet size traffic profile inter arrival time traffic timing TCP ACK responses TCP ACK flag responses,plan,ETSI.EN.303.645.V3.1.3.pdf; NIST.SP.800-61r3.pdf; NIST.SP.800-61r3.pdf,unsupported,"The evidence mentions incident reporting and authentication changes, but not notifying an operator because device attribution is unavailable.",generally_supported,"NIST SP 800-61r3 supports incident notification/reporting and coordination with stakeholders, which generally supports notifying an operator, but not specifically for unavailable device attribution.",remove,The independent checker found no useful support for the action.
RATE_LIMIT,1,True,EG-O-0067,ieee-access-0030,True,"['ETSI.EN.303.645.V3.1.3-0035', 'RFC8520-0031', 'NIST.IR.8259A-0018']",original,BruteForce,Reduce the effectiveness of a brute-force attempt while minimizing disruption to unrelated traffic.,password brute force failed authentication attempt limiting account lockout rate limiting traffic filtering denial of service resource exhaustion IoT predicted family BruteForce proposed action RATE_LIMIT observed protocols TCP HTTP HTTPS ARP observed indicators traffic packet rate volume frequency average packet size traffic profile inter arrival time traffic timing TCP SYN connection attempts TCP SYN flag connection attempts,plan,ETSI.EN.303.645.V3.1.3.pdf; RFC8520.txt; NIST.IR.8259A.pdf,generally_supported,"The evidence explicitly supports limiting failed authentication attempts and delaying additional attempts, which is rate limiting, though not the stated traffic-minimization rationale.",directly_supported,"ETSI EN 303 645 and NIST IR 8259A explicitly support limiting or delaying additional authentication attempts after repeated failures, directly supporting rate limiting for brute-force attempts.",remove,General evidence is insufficient for a disruptive action without human approval.
NOTIFY_OPERATOR,2,False,EG-O-0068,ieee-access-0030,True,"['RFC8520-0031', 'ETSI.EN.303.645.V3.1.3-0035', 'NIST.IR.8259A-0018']",original,BruteForce,Human review is appropriate because no device identity is validated and the intent is mitigation-only.,password brute force failed authentication attempt limiting account lockout incident notification response escalation operator IoT predicted family BruteForce proposed action NOTIFY_OPERATOR observed protocols TCP HTTP HTTPS ARP observed indicators traffic packet rate volume frequency average packet size traffic profile inter arrival time traffic timing TCP SYN connection attempts TCP SYN flag connection attempts,plan,RFC8520.txt; ETSI.EN.303.645.V3.1.3.pdf; NIST.IR.8259A.pdf,unsupported,"The excerpts support brute-force defenses and interface restriction, but not notifying an operator for lack of device identity.",unsupported,"The excerpts support brute-force detection and delayed/limited authentication attempts, but do not support notifying an operator, especially for the specific rationale of missing validated device identity and mitigation-only intent.",remove,The independent checker found no useful support for the action.
CAPTURE_TRAFFIC,1,False,EG-O-0069,ieee-access-0031,True,"['ETSI.EN.303.645.V3.1.3-0078', 'ETSI.EN.303.645.V3.1.3-0079', 'NIST.SP.800-61r3-0067']",original,Web,Collect additional evidence before a disruptive decision.,SQL injection invalid data input application layer user interface prevent system manipulation collect network traffic evidence incident analysis monitoring IoT predicted family Web proposed action CAPTURE_TRAFFIC observed protocols TCP UDP HTTPS ARP observed indicators traffic packet rate volume frequency average packet size traffic profile inter arrival time traffic timing TCP ACK responses TCP ACK flag responses,escalate,ETSI.EN.303.645.V3.1.3.pdf; ETSI.EN.303.645.V3.1.3.pdf; NIST.SP.800-61r3.pdf,generally_supported,"The evidence supports collecting and retaining incident evidence, but not specifically capturing network traffic.",directly_supported,"NIST explicitly supports collecting and retaining incident evidence, which directly supports capturing traffic to preserve evidence; ETSI telemetry capture is aligned.",keep,General support is sufficient for this non-disruptive action.
NOTIFY_OPERATOR,2,False,EG-O-0070,ieee-access-0031,True,"['ETSI.EN.303.645.V3.1.3-0078', 'ETSI.EN.303.645.V3.1.3-0079', 'NIST.SP.800-61r3-0062']",original,Web,Detector confidence is below the validated threshold.,SQL injection invalid data input application layer user interface prevent system manipulation incident notification response escalation operator IoT predicted family Web proposed action NOTIFY_OPERATOR observed protocols TCP UDP HTTPS ARP observed indicators traffic packet rate volume frequency average packet size traffic profile inter arrival time traffic timing TCP ACK responses TCP ACK flag responses,escalate,ETSI.EN.303.645.V3.1.3.pdf; ETSI.EN.303.645.V3.1.3.pdf; NIST.SP.800-61r3.pdf,unsupported,The cited material does not support notifying an operator for low-confidence detection.,generally_supported,"NIST states detection technologies should automatically report incidents, which generally supports notifying an operator, but not specifically because detector confidence is below threshold.",remove,The independent checker found no useful support for the action.
CAPTURE_TRAFFIC,1,False,EG-O-0071,ieee-access-0032,True,"['ETSI.EN.303.645.V3.1.3-0078', 'ETSI.EN.303.645.V3.1.3-0079', 'NIST.SP.800-61r3-0067']",original,Web,Collect additional evidence before a disruptive decision.,SQL injection invalid data input application layer user interface prevent system manipulation collect network traffic evidence incident analysis monitoring IoT predicted family Web proposed action CAPTURE_TRAFFIC observed protocols TCP UDP HTTP HTTPS DNS observed indicators traffic packet rate volume frequency average packet size traffic profile inter arrival time traffic timing TCP ACK responses TCP ACK flag responses,escalate,ETSI.EN.303.645.V3.1.3.pdf; ETSI.EN.303.645.V3.1.3.pdf; NIST.SP.800-61r3.pdf,generally_supported,"The evidence supports preserving incident evidence, which is compatible with traffic capture, but it is not explicit about packet capture.",directly_supported,"NIST explicitly supports collecting and retaining incident evidence, directly supporting traffic capture for evidence collection.",keep,General support is sufficient for this non-disruptive action.
NOTIFY_OPERATOR,2,False,EG-O-0072,ieee-access-0032,True,"['ETSI.EN.303.645.V3.1.3-0078', 'ETSI.EN.303.645.V3.1.3-0079', 'NIST.SP.800-61r3-0062']",original,Web,Detector confidence is below the validated threshold.,SQL injection invalid data input application layer user interface prevent system manipulation incident notification response escalation operator IoT predicted family Web proposed action NOTIFY_OPERATOR observed protocols TCP UDP HTTP HTTPS DNS observed indicators traffic packet rate volume frequency average packet size traffic profile inter arrival time traffic timing TCP ACK responses TCP ACK flag responses,escalate,ETSI.EN.303.645.V3.1.3.pdf; ETSI.EN.303.645.V3.1.3.pdf; NIST.SP.800-61r3.pdf,unsupported,The excerpts do not support operator notification based on below-threshold confidence.,generally_supported,"Automatic reporting of incidents in NIST generally supports operator notification, though the confidence-threshold rationale is not evidenced.",remove,The independent checker found no useful support for the action.
CAPTURE_TRAFFIC,1,False,EG-O-0073,ieee-access-0033,True,"['ETSI.EN.303.645.V3.1.3-0078', 'ETSI.EN.303.645.V3.1.3-0079', 'NIST.SP.800-61r3-0067']",original,Web,Collect additional evidence before a disruptive decision.,SQL injection invalid data input application layer user interface prevent system manipulation collect network traffic evidence incident analysis monitoring IoT predicted family Web proposed action CAPTURE_TRAFFIC observed protocols TCP ICMP ARP observed indicators traffic packet rate volume frequency average packet size traffic profile inter arrival time traffic timing TCP ACK responses TCP ACK flag responses,escalate,ETSI.EN.303.645.V3.1.3.pdf; ETSI.EN.303.645.V3.1.3.pdf; NIST.SP.800-61r3.pdf,generally_supported,"The NIST evidence supports retaining incident evidence, which generally aligns with capture for analysis, but traffic capture is not stated.",directly_supported,The NIST evidence-preservation requirement directly supports collecting traffic as incident evidence.,keep,General support is sufficient for this non-disruptive action.
NOTIFY_OPERATOR,2,False,EG-O-0074,ieee-access-0033,True,"['ETSI.EN.303.645.V3.1.3-0078', 'ETSI.EN.303.645.V3.1.3-0079', 'NIST.SP.800-61r3-0062']",original,Web,Detector confidence is below the validated threshold.,SQL injection invalid data input application layer user interface prevent system manipulation incident notification response escalation operator IoT predicted family Web proposed action NOTIFY_OPERATOR observed protocols TCP ICMP ARP observed indicators traffic packet rate volume frequency average packet size traffic profile inter arrival time traffic timing TCP ACK responses TCP ACK flag responses,escalate,ETSI.EN.303.645.V3.1.3.pdf; ETSI.EN.303.645.V3.1.3.pdf; NIST.SP.800-61r3.pdf,unsupported,The cited excerpts do not justify notifying an operator for a below-threshold detector result.,generally_supported,"NIST's statement that detection technologies should automatically report incidents generally supports notify-operator, though not the specific low-confidence condition.",remove,The independent checker found no useful support for the action.
CAPTURE_TRAFFIC,1,False,EG-O-0075,ieee-access-0034,True,"['ETSI.EN.303.645.V3.1.3-0078', 'ETSI.EN.303.645.V3.1.3-0079', 'NIST.SP.800-61r3-0067']",original,Web,Collect additional evidence before a disruptive decision.,SQL injection invalid data input application layer user interface prevent system manipulation collect network traffic evidence incident analysis monitoring IoT predicted family Web proposed action CAPTURE_TRAFFIC observed protocols TCP UDP HTTPS observed indicators traffic packet rate volume frequency average packet size traffic profile inter arrival time traffic timing TCP ACK responses TCP ACK flag responses,escalate,ETSI.EN.303.645.V3.1.3.pdf; ETSI.EN.303.645.V3.1.3.pdf; NIST.SP.800-61r3.pdf,generally_supported,"The evidence supports collecting incident evidence, which is related to capture traffic, but does not directly mention packet capture.",directly_supported,"NIST explicitly calls for collecting and retaining incident evidence, directly supporting capture of traffic for later analysis.",keep,General support is sufficient for this non-disruptive action.
NOTIFY_OPERATOR,2,False,EG-O-0076,ieee-access-0034,True,"['ETSI.EN.303.645.V3.1.3-0078', 'ETSI.EN.303.645.V3.1.3-0079', 'NIST.SP.800-61r3-0062']",original,Web,Detector confidence is below the validated threshold.,SQL injection invalid data input application layer user interface prevent system manipulation incident notification response escalation operator IoT predicted family Web proposed action NOTIFY_OPERATOR observed protocols TCP UDP HTTPS observed indicators traffic packet rate volume frequency average packet size traffic profile inter arrival time traffic timing TCP ACK responses TCP ACK flag responses,escalate,ETSI.EN.303.645.V3.1.3.pdf; ETSI.EN.303.645.V3.1.3.pdf; NIST.SP.800-61r3.pdf,unsupported,No cited excerpt supports notifying an operator in this circumstance.,generally_supported,"The NIST excerpt generally supports reporting incidents to relevant responders/operators, but does not specifically justify notification because confidence is below threshold.",remove,The independent checker found no useful support for the action.
CAPTURE_TRAFFIC,1,False,EG-O-0077,ieee-access-0035,True,"['NIST.SP.800-61r3-0055', 'NIST.SP.800-213A-0053', 'RFC8520-0031']",original,Benign,Collect additional evidence before a disruptive decision.,normal activity continuous monitoring avoid unnecessary disruption cybersecurity state logging collect network traffic evidence incident analysis monitoring IoT predicted family Benign proposed action CAPTURE_TRAFFIC observed protocols TCP HTTPS observed indicators traffic packet rate volume frequency average packet size traffic profile inter arrival time traffic timing TCP SYN connection attempts TCP SYN flag connection attempts,escalate,NIST.SP.800-61r3.pdf; NIST.SP.800-213A.pdf; RFC8520.txt,unsupported,"The excerpts concern continuous monitoring and packet-direction rules, but do not support traffic capture for evidence gathering.",generally_supported,"The NIST excerpts support monitoring generally, but RFC8520 is about dropping packets based on TCP initiation direction, not traffic capture; CAPTURE_TRAFFIC is not explicitly supported.",remove,The independent checker found no useful support for the action.
NOTIFY_OPERATOR,2,False,EG-O-0078,ieee-access-0035,True,"['NIST.SP.800-61r3-0055', 'RFC8520-0031', 'NIST.IR.8259A-0022']",original,Benign,Detector confidence is below the validated threshold.,normal activity continuous monitoring avoid unnecessary disruption cybersecurity state logging incident notification response escalation operator IoT predicted family Benign proposed action NOTIFY_OPERATOR observed protocols TCP HTTPS observed indicators traffic packet rate volume frequency average packet size traffic profile inter arrival time traffic timing TCP SYN connection attempts TCP SYN flag connection attempts,escalate,NIST.SP.800-61r3.pdf; RFC8520.txt; NIST.IR.8259A.pdf,unsupported,"The cited material mentions monitoring and packet direction rules, but not notifying an operator due to confidence threshold.",unsupported,"The excerpts cover monitoring, packet-dropping policy, and state awareness, but do not support notifying an operator.",remove,The independent checker found no useful support for the action.
NO_ACTION,1,False,EG-O-0079,ieee-access-0036,True,"['NIST.SP.800-61r3-0055', 'NIST.IR.8259A-0022', 'NIST.SP.800-213A-0053']",original,Benign,The detector classified the observation as benign.,normal activity continuous monitoring avoid unnecessary disruption cybersecurity state logging avoid unnecessary disruption continue observation IoT predicted family Benign proposed action NO_ACTION observed protocols TCP HTTPS observed indicators traffic packet rate volume frequency average packet size traffic profile inter arrival time traffic timing TCP ACK responses TCP ACK flag responses,monitor,NIST.SP.800-61r3.pdf; NIST.IR.8259A.pdf; NIST.SP.800-213A.pdf,unsupported,"The excerpts support monitoring and state awareness, but not the no-action recommendation.",unsupported,The evidence does not support NO_ACTION; it supports monitoring/reporting capabilities instead.,remove,The independent checker found no useful support for the action.
MONITOR,2,False,EG-O-0080,ieee-access-0036,True,"['NIST.SP.800-61r3-0055', 'NIST.SP.800-213A-0053', 'NIST.SP.800-213A-0054']",original,Benign,Continue non-disruptive observation.,normal activity continuous monitoring avoid unnecessary disruption cybersecurity state logging continuous monitoring detect anomalous behavior security events IoT predicted family Benign proposed action MONITOR observed protocols TCP HTTPS observed indicators traffic packet rate volume frequency average packet size traffic profile inter arrival time traffic timing TCP ACK responses TCP ACK flag responses,monitor,NIST.SP.800-61r3.pdf; NIST.SP.800-213A.pdf; NIST.SP.800-213A.pdf,generally_supported,"The evidence supports continuous monitoring and event identification, which is compatible with monitoring as the action.",directly_supported,"The excerpts explicitly support continuous monitoring and event monitoring capabilities, directly supporting MONITOR.",keep,General support is sufficient for this non-disruptive action.
INCREASE_LOGGING,1,False,EG-O-0081,ieee-access-0037,True,"['NIST.SP.800-61r3-0062', 'RFC8576-0026', 'ETSI.EN.303.645.V3.1.3-0060']",original,Spoofing,Collect additional evidence on a suspicious spoofing-like flow pattern before stronger disruption.,spoofing impersonation authentication network access control identity increase security event logging monitoring incident analysis IoT predicted family Spoofing proposed action INCREASE_LOGGING observed protocols UDP ICMP ARP observed indicators traffic packet rate volume frequency average packet size traffic profile inter arrival time traffic timing,plan,NIST.SP.800-61r3.pdf; RFC8576.txt; ETSI.EN.303.645.V3.1.3.pdf,generally_supported,"The evidence supports tracking incident status and incident reporting/communication, but not increasing logging as a concrete action.",unsupported,"The cited materials discuss tracking incident status, RPL traffic support, and authentication/enrolment, but do not support increasing logging as the chosen action.",keep,General support is sufficient for this non-disruptive action.
CAPTURE_TRAFFIC,2,False,EG-O-0082,ieee-access-0037,True,"['NIST.SP.800-61r3-0067', 'RFC8576-0026', 'RFC8576-0067']",original,Spoofing,Preserve packet-level evidence to confirm whether the traffic is forged or anomalous.,spoofing impersonation authentication network access control identity collect network traffic evidence incident analysis monitoring IoT predicted family Spoofing proposed action CAPTURE_TRAFFIC observed protocols UDP ICMP ARP observed indicators traffic packet rate volume frequency average packet size traffic profile inter arrival time traffic timing,plan,NIST.SP.800-61r3.pdf; RFC8576.txt; RFC8576.txt,directly_supported,"NIST SP 800-61r3 explicitly supports collecting and retaining incident evidence, which matches preserving packet-level evidence by capturing traffic.",generally_supported,The NIST evidence-preservation excerpt generally supports collecting incident evidence. It does not explicitly support packet-level traffic capture to confirm forged or anomalous traffic.,keep,The action has direct documentary support.
BLOCK_TRAFFIC_PROFILE,3,True,EG-O-0083,ieee-access-0037,True,"['RFC8576-0026', 'RFC8576-0067', 'RFC8576-0019']",original,Spoofing,Contain likely spoofed traffic by restricting the observed malicious profile without assuming a specific device.,spoofing impersonation authentication network access control identity block filter validated malicious network traffic profile access control IoT predicted family Spoofing proposed action BLOCK_TRAFFIC_PROFILE observed protocols UDP ICMP ARP observed indicators traffic packet rate volume frequency average packet size traffic profile inter arrival time traffic timing,plan,RFC8576.txt; RFC8576.txt; RFC8576.txt,unsupported,"The excerpts discuss RPL, quantum-resistant cryptography, and device information leakage; none justify blocking a traffic profile.",unsupported,"None of the excerpts support blocking a malicious traffic profile. The RFC8576 excerpts are about routing/privacy/physical threats, not containment via traffic-profile blocking.",remove,The independent checker found no useful support for the action.
NO_ACTION,1,False,EG-O-0084,ieee-access-0038,True,"['NIST.SP.800-61r3-0055', 'NIST.IR.8259A-0022', 'NIST.SP.800-213A-0053']",original,Benign,The detector classified the observation as benign.,normal activity continuous monitoring avoid unnecessary disruption cybersecurity state logging avoid unnecessary disruption continue observation IoT predicted family Benign proposed action NO_ACTION observed protocols TCP ICMP HTTPS observed indicators traffic packet rate volume frequency average packet size traffic profile inter arrival time traffic timing TCP ACK responses TCP ACK flag responses,monitor,NIST.SP.800-61r3.pdf; NIST.IR.8259A.pdf; NIST.SP.800-213A.pdf,unsupported,"The cited material supports monitoring and state awareness, but not the no-action recommendation.",unsupported,The citations do not justify taking no action; they describe monitoring and state awareness capabilities.,remove,The independent checker found no useful support for the action.
MONITOR,2,False,EG-O-0085,ieee-access-0038,True,"['NIST.SP.800-61r3-0055', 'NIST.SP.800-213A-0053', 'NIST.SP.800-213A-0054']",original,Benign,Continue non-disruptive observation.,normal activity continuous monitoring avoid unnecessary disruption cybersecurity state logging continuous monitoring detect anomalous behavior security events IoT predicted family Benign proposed action MONITOR observed protocols TCP ICMP HTTPS observed indicators traffic packet rate volume frequency average packet size traffic profile inter arrival time traffic timing TCP ACK responses TCP ACK flag responses,monitor,NIST.SP.800-61r3.pdf; NIST.SP.800-213A.pdf; NIST.SP.800-213A.pdf,generally_supported,"The excerpts support continuous monitoring and event identification, which broadly support monitoring.",directly_supported,"Continuous monitoring and event identification/monitoring are explicitly supported, directly matching MONITOR.",keep,General support is sufficient for this non-disruptive action.
NO_ACTION,1,False,EG-O-0086,ieee-access-0039,True,"['NIST.SP.800-61r3-0055', 'NIST.IR.8259A-0022', 'NIST.SP.800-213A-0053']",original,Benign,The detector classified the observation as benign.,normal activity continuous monitoring avoid unnecessary disruption cybersecurity state logging avoid unnecessary disruption continue observation IoT predicted family Benign proposed action NO_ACTION observed protocols TCP UDP HTTPS DNS observed indicators traffic packet rate volume frequency average packet size traffic profile inter arrival time traffic timing TCP ACK responses TCP ACK flag responses,monitor,NIST.SP.800-61r3.pdf; NIST.IR.8259A.pdf; NIST.SP.800-213A.pdf,unsupported,"The evidence supports monitoring and state awareness, but not the no-action recommendation.",unsupported,No excerpt supports NO_ACTION; the cited material instead supports monitoring and awareness.,remove,The independent checker found no useful support for the action.
MONITOR,2,False,EG-O-0087,ieee-access-0039,True,"['NIST.SP.800-61r3-0055', 'NIST.SP.800-213A-0053', 'NIST.SP.800-213A-0054']",original,Benign,Continue non-disruptive observation.,normal activity continuous monitoring avoid unnecessary disruption cybersecurity state logging continuous monitoring detect anomalous behavior security events IoT predicted family Benign proposed action MONITOR observed protocols TCP UDP HTTPS DNS observed indicators traffic packet rate volume frequency average packet size traffic profile inter arrival time traffic timing TCP ACK responses TCP ACK flag responses,monitor,NIST.SP.800-61r3.pdf; NIST.SP.800-213A.pdf; NIST.SP.800-213A.pdf,generally_supported,"The cited excerpts support monitoring and event identification, which align with the monitoring action.",directly_supported,"The excerpts explicitly support monitoring assets and events, directly supporting the MONITOR action.",keep,General support is sufficient for this non-disruptive action.
CAPTURE_TRAFFIC,1,False,EG-O-0088,ieee-access-0040,True,"['ETSI.EN.303.645.V3.1.3-0078', 'ETSI.EN.303.645.V3.1.3-0079', 'NIST.SP.800-61r3-0067']",original,Web,"Preserve packet-level evidence to validate whether the flow is benign web activity, misclassification, or an attack pattern.",SQL injection invalid data input application layer user interface prevent system manipulation collect network traffic evidence incident analysis monitoring IoT predicted family Web proposed action CAPTURE_TRAFFIC observed protocols TCP UDP ICMP HTTPS observed indicators traffic packet rate volume frequency average packet size traffic profile inter arrival time traffic timing TCP ACK responses TCP ACK flag responses,plan,ETSI.EN.303.645.V3.1.3.pdf; ETSI.EN.303.645.V3.1.3.pdf; NIST.SP.800-61r3.pdf,generally_supported,"The evidence supports capturing and retaining incident evidence/telemetry, but not specifically packet-level traffic capture.",directly_supported,"NIST explicitly supports collecting and retaining incident evidence, which directly supports preserving packet-level traffic evidence.",keep,General support is sufficient for this non-disruptive action.
INCREASE_LOGGING,2,False,EG-O-0089,ieee-access-0040,True,"['ETSI.EN.303.645.V3.1.3-0078', 'ETSI.EN.303.645.V3.1.3-0079', 'RFC8576-0041']",original,Web,Increase observability for the observed flow profile to support incident triage and anomaly confirmation.,SQL injection invalid data input application layer user interface prevent system manipulation increase security event logging monitoring incident analysis IoT predicted family Web proposed action INCREASE_LOGGING observed protocols TCP UDP ICMP HTTPS observed indicators traffic packet rate volume frequency average packet size traffic profile inter arrival time traffic timing TCP ACK responses TCP ACK flag responses,plan,ETSI.EN.303.645.V3.1.3.pdf; ETSI.EN.303.645.V3.1.3.pdf; RFC8576.txt,unsupported,"The RFC excerpt is about protocol fragmentation and state-exhaustion risks, not increasing logging.",generally_supported,"ETSI's example of capturing an event as telemetry data generally supports greater logging/visibility, but the excerpts do not explicitly direct increasing logging.",remove,The independent checker found no useful support for the action.
NOTIFY_OPERATOR,3,False,EG-O-0090,ieee-access-0040,True,"['ETSI.EN.303.645.V3.1.3-0078', 'ETSI.EN.303.645.V3.1.3-0079', 'NIST.SP.800-61r3-0062']",original,Web,Human review is appropriate because the alert is credible but attribution is limited and the action set is intent-only.,SQL injection invalid data input application layer user interface prevent system manipulation incident notification response escalation operator IoT predicted family Web proposed action NOTIFY_OPERATOR observed protocols TCP UDP ICMP HTTPS observed indicators traffic packet rate volume frequency average packet size traffic profile inter arrival time traffic timing TCP ACK responses TCP ACK flag responses,plan,ETSI.EN.303.645.V3.1.3.pdf; ETSI.EN.303.645.V3.1.3.pdf; NIST.SP.800-61r3.pdf,unsupported,The cited incident-response guidance does not support operator notification for limited attribution.,generally_supported,"NIST says detection technologies should automatically report incidents, generally supporting operator notification, though not the specific attribution-limited rationale.",remove,The independent checker found no useful support for the action.
CAPTURE_TRAFFIC,1,False,EG-O-0091,ieee-access-0041,True,"['RFC8520-0031', 'ETSI.EN.303.645.V3.1.3-0035', 'RFC8576-0026']",original,DDoS,Collect additional evidence before a disruptive decision.,distributed denial of service flooding resource exhaustion availability filtering network traffic collect network traffic evidence incident analysis monitoring IoT predicted family DDoS proposed action CAPTURE_TRAFFIC observed protocols TCP observed indicators traffic packet rate volume frequency average packet size traffic profile inter arrival time traffic timing TCP SYN connection attempts TCP SYN flag connection attempts,escalate,RFC8520.txt; ETSI.EN.303.645.V3.1.3.pdf; RFC8576.txt,unsupported,"The excerpts discuss TCP directionality, authentication attempts, and routing in constrained networks, but do not support capturing traffic as evidence for a DDoS decision.",unsupported,"None of the excerpts mention capturing traffic, collecting packet evidence, or preserving evidence before mitigation. The cited text is about TCP direction filtering, authentication attempt limits, and RPL routing support.",remove,The independent checker found no useful support for the action.
NOTIFY_OPERATOR,2,False,EG-O-0092,ieee-access-0041,True,"['RFC8520-0031', 'ETSI.EN.303.645.V3.1.3-0035', 'RFC8576-0026']",original,DDoS,Detector confidence is below the validated threshold.,distributed denial of service flooding resource exhaustion availability filtering network traffic incident notification response escalation operator IoT predicted family DDoS proposed action NOTIFY_OPERATOR observed protocols TCP observed indicators traffic packet rate volume frequency average packet size traffic profile inter arrival time traffic timing TCP SYN connection attempts TCP SYN flag connection attempts,escalate,RFC8520.txt; ETSI.EN.303.645.V3.1.3.pdf; RFC8576.txt,unsupported,"No excerpt supports notifying an operator because detector confidence is below threshold; the cited text is about protocol controls and DoS resistance, not alerting on low confidence.",unsupported,"The excerpts do not support notifying an operator or human review for low-confidence DDoS alerts. They discuss TCP direction filtering, authentication throttling, and routing capabilities, not operator notification.",remove,The independent checker found no useful support for the action.
CAPTURE_TRAFFIC,1,False,EG-O-0093,ieee-access-0042,True,"['RFC8576-0026', 'RFC8576-0067', 'RFC8576-0019']",original,DDoS,Collect additional evidence before a disruptive decision.,distributed denial of service flooding resource exhaustion availability filtering network traffic collect network traffic evidence incident analysis monitoring IoT predicted family DDoS proposed action CAPTURE_TRAFFIC observed protocols UDP observed indicators traffic packet rate volume frequency average packet size traffic profile inter arrival time traffic timing,escalate,RFC8576.txt; RFC8576.txt; RFC8576.txt,unsupported,"The excerpts mention privacy and routing issues, but they do not justify capturing traffic for DDoS evidence collection.",unsupported,"The excerpts mention routing support, privacy risks from observable packets, and traffic analysis by attackers, but do not recommend traffic capture for incident evidence or DDoS validation.",remove,The independent checker found no useful support for the action.
NOTIFY_OPERATOR,2,False,EG-O-0094,ieee-access-0042,True,"['RFC8576-0026', 'NIST.SP.800-61r3-0062', 'RFC8576-0041']",original,DDoS,Detector confidence is below the validated threshold.,distributed denial of service flooding resource exhaustion availability filtering network traffic incident notification response escalation operator IoT predicted family DDoS proposed action NOTIFY_OPERATOR observed protocols UDP observed indicators traffic packet rate volume frequency average packet size traffic profile inter arrival time traffic timing,escalate,RFC8576.txt; NIST.SP.800-61r3.pdf; RFC8576.txt,generally_supported,"NIST excerpt supports tracking incident response status and automatically reporting confirmed incidents, which aligns with operator notification, but not specifically because detector confidence is below threshold.",generally_supported,"NIST SP 800-61r3 says detection technologies should automatically report incidents they have confirmed, which generally supports reporting/notification in incident response. However, it does not specifically justify notifying an operator because detector confidence is below threshold.",keep,General support is sufficient for this non-disruptive action.
CAPTURE_TRAFFIC,1,False,EG-O-0095,ieee-access-0043,True,"['RFC8520-0031', 'ETSI.EN.303.645.V3.1.3-0035', 'RFC8576-0026']",original,DDoS,Collect additional evidence before a disruptive decision.,distributed denial of service flooding resource exhaustion availability filtering network traffic collect network traffic evidence incident analysis monitoring IoT predicted family DDoS proposed action CAPTURE_TRAFFIC observed protocols TCP observed indicators traffic packet rate volume frequency average packet size traffic profile inter arrival time traffic timing TCP SYN connection attempts TCP SYN flag connection attempts,escalate,RFC8520.txt; ETSI.EN.303.645.V3.1.3.pdf; RFC8576.txt,unsupported,The cited excerpts do not support capturing traffic before a disruptive decision for DDoS.,unsupported,"No excerpt supports traffic capture or evidence collection. The cited text concerns TCP filtering behavior, authentication attempt limiting, and RPL routing.",remove,The independent checker found no useful support for the action.
NOTIFY_OPERATOR,2,False,EG-O-0096,ieee-access-0043,True,"['RFC8520-0031', 'ETSI.EN.303.645.V3.1.3-0035', 'RFC8576-0026']",original,DDoS,Detector confidence is below the validated threshold.,distributed denial of service flooding resource exhaustion availability filtering network traffic incident notification response escalation operator IoT predicted family DDoS proposed action NOTIFY_OPERATOR observed protocols TCP observed indicators traffic packet rate volume frequency average packet size traffic profile inter arrival time traffic timing TCP SYN connection attempts TCP SYN flag connection attempts,escalate,RFC8520.txt; ETSI.EN.303.645.V3.1.3.pdf; RFC8576.txt,unsupported,"The excerpts discuss protocol behavior and DoS resistance, but not notifying an operator due to low detector confidence.",unsupported,"The cited excerpts do not address notifying an operator or using human review when confidence is low; they concern packet filtering, authentication throttling, and routing.",remove,The independent checker found no useful support for the action.
CAPTURE_TRAFFIC,1,False,EG-O-0097,ieee-access-0044,True,"['RFC8520-0031', 'ETSI.EN.303.645.V3.1.3-0035', 'RFC8576-0026']",original,DDoS,Collect additional evidence before a disruptive decision.,distributed denial of service flooding resource exhaustion availability filtering network traffic collect network traffic evidence incident analysis monitoring IoT predicted family DDoS proposed action CAPTURE_TRAFFIC observed protocols TCP observed indicators traffic packet rate volume frequency average packet size traffic profile inter arrival time traffic timing TCP SYN connection attempts TCP SYN flag connection attempts,escalate,RFC8520.txt; ETSI.EN.303.645.V3.1.3.pdf; RFC8576.txt,unsupported,The excerpts do not support traffic capture as a DDoS response.,unsupported,None of the provided excerpts support capturing traffic for additional evidence. They are unrelated to packet capture or forensic collection.,remove,The independent checker found no useful support for the action.
NOTIFY_OPERATOR,2,False,EG-O-0098,ieee-access-0044,True,"['RFC8520-0031', 'ETSI.EN.303.645.V3.1.3-0035', 'RFC8576-0026']",original,DDoS,Detector confidence is below the validated threshold.,distributed denial of service flooding resource exhaustion availability filtering network traffic incident notification response escalation operator IoT predicted family DDoS proposed action NOTIFY_OPERATOR observed protocols TCP observed indicators traffic packet rate volume frequency average packet size traffic profile inter arrival time traffic timing TCP SYN connection attempts TCP SYN flag connection attempts,escalate,RFC8520.txt; ETSI.EN.303.645.V3.1.3.pdf; RFC8576.txt,unsupported,No cited evidence supports notifying an operator for this DDoS case.,unsupported,"The excerpts do not discuss traffic capture or preserving evidence. They instead cover TCP initiation direction, authentication attempt limits, and routing support.",remove,The independent checker found no useful support for the action.
CAPTURE_TRAFFIC,1,False,EG-O-0099,ieee-access-0045,True,"['RFC8520-0031', 'ETSI.EN.303.645.V3.1.3-0035', 'RFC8576-0026']",original,DDoS,Collect additional evidence before a disruptive decision.,distributed denial of service flooding resource exhaustion availability filtering network traffic collect network traffic evidence incident analysis monitoring IoT predicted family DDoS proposed action CAPTURE_TRAFFIC observed protocols TCP observed indicators traffic packet rate volume frequency average packet size traffic profile inter arrival time traffic timing TCP SYN connection attempts TCP SYN flag connection attempts,escalate,RFC8520.txt; ETSI.EN.303.645.V3.1.3.pdf; RFC8576.txt,unsupported,The excerpts do not justify traffic capture for DDoS investigation.,unsupported,No cited excerpt supports capturing traffic for validation or evidence preservation. The evidence is unrelated to this action.,remove,The independent checker found no useful support for the action.
NOTIFY_OPERATOR,2,False,EG-O-0100,ieee-access-0045,True,"['RFC8520-0031', 'ETSI.EN.303.645.V3.1.3-0035', 'RFC8576-0026']",original,DDoS,Detector confidence is below the validated threshold.,distributed denial of service flooding resource exhaustion availability filtering network traffic incident notification response escalation operator IoT predicted family DDoS proposed action NOTIFY_OPERATOR observed protocols TCP observed indicators traffic packet rate volume frequency average packet size traffic profile inter arrival time traffic timing TCP SYN connection attempts TCP SYN flag connection attempts,escalate,RFC8520.txt; ETSI.EN.303.645.V3.1.3.pdf; RFC8576.txt,unsupported,The cited material does not support notifying an operator based on low confidence or similar conditions.,unsupported,"The excerpts do not support notifying an operator. They discuss filtering, authentication controls, and routing, not escalation or human review.",remove,The independent checker found no useful support for the action.
BLOCK_TRAFFIC_PROFILE,1,True,EG-O-0101,ieee-access-0046,True,"['RFC8576-0026', 'RFC8576-0067', 'RFC8576-0019']",original,DDoS,Contain the specific high-rate profile associated with the DDoS alert while avoiding assumptions about device identity.,distributed denial of service flooding resource exhaustion availability filtering network traffic block filter validated malicious network traffic profile access control IoT predicted family DDoS proposed action BLOCK_TRAFFIC_PROFILE observed protocols TCP observed indicators traffic packet rate volume frequency average packet size traffic profile inter arrival time traffic timing TCP reset events TCP reset flag events,plan,RFC8576.txt; RFC8576.txt; RFC8576.txt,unsupported,"The evidence discusses routing and privacy, not blocking a traffic profile to contain DDoS.",unsupported,"The excerpts do not support blocking a traffic profile for DDoS containment. They discuss routing support, cryptographic overhead, and extraction/privacy risks, not blocking suspicious flow profiles.",remove,The independent checker found no useful support for the action.
CAPTURE_TRAFFIC,2,False,EG-O-0102,ieee-access-0046,True,"['RFC8576-0026', 'RFC8576-0067', 'RFC8576-0019']",original,DDoS,Preserve evidence and support validation of the attack pattern without executing changes on the device.,distributed denial of service flooding resource exhaustion availability filtering network traffic collect network traffic evidence incident analysis monitoring IoT predicted family DDoS proposed action CAPTURE_TRAFFIC observed protocols TCP observed indicators traffic packet rate volume frequency average packet size traffic profile inter arrival time traffic timing TCP reset events TCP reset flag events,plan,RFC8576.txt; RFC8576.txt; RFC8576.txt,unsupported,"The excerpts support traffic observation and analysis concepts generally, but not a capture-traffic action for DDoS.",unsupported,"The excerpts discuss routing and privacy/traffic analysis concerns, not capturing traffic to preserve evidence or validate DDoS patterns.",remove,The independent checker found no useful support for the action.
NOTIFY_OPERATOR,3,False,EG-O-0103,ieee-access-0046,True,"['RFC8576-0026', 'NIST.SP.800-61r3-0062', 'RFC8576-0041']",original,DDoS,Human review is appropriate because mitigation is intent-only and identity is not validated.,distributed denial of service flooding resource exhaustion availability filtering network traffic incident notification response escalation operator IoT predicted family DDoS proposed action NOTIFY_OPERATOR observed protocols TCP observed indicators traffic packet rate volume frequency average packet size traffic profile inter arrival time traffic timing TCP reset events TCP reset flag events,plan,RFC8576.txt; NIST.SP.800-61r3.pdf; RFC8576.txt,generally_supported,"NIST guidance supports incident tracking and reporting confirmed incidents, which is consistent with notifying an operator, but it does not specifically support doing so because the alert is intent-only or identity is unvalidated.",generally_supported,NIST incident-response guidance that confirmed incidents should be automatically reported generally supports operator notification as part of response coordination. It does not specifically support notification because mitigation is intent-only or identity is unvalidated.,keep,General support is sufficient for this non-disruptive action.
BLOCK_TRAFFIC_PROFILE,1,True,EG-O-0104,ieee-access-0047,True,"['RFC8576-0026', 'RFC8576-0067', 'RFC8576-0019']",original,DDoS,Directly suppresses the observed ICMP flood pattern associated with DDoS while avoiding assumptions about device identity.,distributed denial of service flooding resource exhaustion availability filtering network traffic block filter validated malicious network traffic profile access control IoT predicted family DDoS proposed action BLOCK_TRAFFIC_PROFILE observed protocols ICMP observed indicators traffic packet rate volume frequency average packet size traffic profile inter arrival time traffic timing,plan,RFC8576.txt; RFC8576.txt; RFC8576.txt,unsupported,The excerpts do not support blocking an ICMP flood profile.,unsupported,"Nothing in the excerpts supports blocking an ICMP flood profile or any traffic profile. The cited text is about routing, cryptographic overhead, and private-information extraction/traffic analysis.",remove,The independent checker found no useful support for the action.
RATE_LIMIT,2,True,EG-O-0105,ieee-access-0047,True,"['RFC8576-0026', 'RFC8576-0044', 'RFC8576-0020']",original,DDoS,Reduces resource-exhaustion pressure if complete blocking is too disruptive.,distributed denial of service flooding resource exhaustion availability filtering network traffic rate limiting traffic filtering denial of service resource exhaustion IoT predicted family DDoS proposed action RATE_LIMIT observed protocols ICMP observed indicators traffic packet rate volume frequency average packet size traffic profile inter arrival time traffic timing,plan,RFC8576.txt; RFC8576.txt; RFC8576.txt,generally_supported,"RFC 8576 supports that IoT devices are vulnerable to resource-exhaustion attacks and mentions cookie-based countermeasures, which supports throttling/rate-limiting as a DoS-resistance objective, but not the specific action as stated.",generally_supported,"RFC 8576 identifies DoS/resource-exhaustion attacks against constrained devices and discusses DoS countermeasures, which generally supports taking measures to reduce load. However, it does not specifically endorse rate limiting as the action.",remove,General evidence is insufficient for a disruptive action without human approval.
INCREASE_LOGGING,3,False,EG-O-0106,ieee-access-0047,True,"['RFC8576-0026', 'RFC8576-0041', 'RFC8576-0067']",original,DDoS,"Collects additional evidence for confirmation, impact assessment, and possible false-positive review.",distributed denial of service flooding resource exhaustion availability filtering network traffic increase security event logging monitoring incident analysis IoT predicted family DDoS proposed action INCREASE_LOGGING observed protocols ICMP observed indicators traffic packet rate volume frequency average packet size traffic profile inter arrival time traffic timing,plan,RFC8576.txt; RFC8576.txt; RFC8576.txt,unsupported,"The excerpts mention DoS resistance and privacy, but do not support increasing logging as a response.",unsupported,"The excerpts discuss IoT constraints, fragmentation/state-exhaustion risks, and privacy from observable packets, but do not support increasing logging for confirmation or false-positive review.",remove,The independent checker found no useful support for the action.
BLOCK_TRAFFIC_PROFILE,1,True,EG-O-0107,ieee-access-0048,True,"['RFC8520-0031', 'ETSI.EN.303.645.V3.1.3-0035', 'RFC8576-0026']",original,DDoS,Primary containment for a likely DDoS pattern using the observed flow profile.,distributed denial of service flooding resource exhaustion availability filtering network traffic block filter validated malicious network traffic profile access control IoT predicted family DDoS proposed action BLOCK_TRAFFIC_PROFILE observed protocols TCP ICMP ARP observed indicators traffic packet rate volume frequency average packet size traffic profile inter arrival time traffic timing TCP SYN connection attempts TCP SYN flag connection attempts,plan,RFC8520.txt; ETSI.EN.303.645.V3.1.3.pdf; RFC8576.txt,unsupported,The excerpts do not support blocking the traffic profile as DDoS containment.,generally_supported,"RFC 8520 explicitly supports dropping certain packets based on TCP connection initiation direction, which is a concrete traffic-blocking mechanism. But it does not support the broader action of blocking a high-rate DDoS traffic profile generally.",remove,The independent checker found no useful support for the action.
CAPTURE_TRAFFIC,2,False,EG-O-0108,ieee-access-0048,True,"['RFC8520-0031', 'ETSI.EN.303.645.V3.1.3-0035', 'RFC8576-0026']",original,DDoS,Preserve evidence and confirm whether the traffic is attack-shaped or incidental.,distributed denial of service flooding resource exhaustion availability filtering network traffic collect network traffic evidence incident analysis monitoring IoT predicted family DDoS proposed action CAPTURE_TRAFFIC observed protocols TCP ICMP ARP observed indicators traffic packet rate volume frequency average packet size traffic profile inter arrival time traffic timing TCP SYN connection attempts TCP SYN flag connection attempts,plan,RFC8520.txt; ETSI.EN.303.645.V3.1.3.pdf; RFC8576.txt,unsupported,The cited text does not support capturing traffic for DDoS confirmation.,unsupported,"No excerpt recommends packet capture or evidence preservation. The evidence concerns TCP filtering, authentication attempts, and routing.",remove,The independent checker found no useful support for the action.
NOTIFY_OPERATOR,3,False,EG-O-0109,ieee-access-0048,True,"['RFC8520-0031', 'ETSI.EN.303.645.V3.1.3-0035', 'RFC8576-0026']",original,DDoS,Human review is appropriate because the alert is mitigation intent only and no validated device identifier is available.,distributed denial of service flooding resource exhaustion availability filtering network traffic incident notification response escalation operator IoT predicted family DDoS proposed action NOTIFY_OPERATOR observed protocols TCP ICMP ARP observed indicators traffic packet rate volume frequency average packet size traffic profile inter arrival time traffic timing TCP SYN connection attempts TCP SYN flag connection attempts,plan,RFC8520.txt; ETSI.EN.303.645.V3.1.3.pdf; RFC8576.txt,generally_supported,"The NIST excerpt supports incident tracking and reporting, which is compatible with operator notification, but not specifically because mitigation is intent-only or identity is unavailable.",unsupported,The cited excerpts do not mention operator notification or human review; they are unrelated to escalation for uncertain DDoS alerts.,keep,General support is sufficient for this non-disruptive action.
RATE_LIMIT,1,True,EG-O-0110,ieee-access-0049,True,"['RFC8576-0026', 'RFC8576-0044', 'RFC8576-0020']",original,DDoS,Reduce amplification of a likely volumetric flood while preserving some telemetry.,distributed denial of service flooding resource exhaustion availability filtering network traffic rate limiting traffic filtering denial of service resource exhaustion IoT predicted family DDoS proposed action RATE_LIMIT observed protocols UDP DNS ARP observed indicators traffic packet rate volume frequency average packet size traffic profile inter arrival time traffic timing,plan,RFC8576.txt; RFC8576.txt; RFC8576.txt,generally_supported,"RFC 8576 supports DoS resistance and resource-exhaustion countermeasures, which aligns with rate limiting, but it does not explicitly recommend rate limiting for this DDoS scenario.",generally_supported,"RFC 8576 discusses DoS/resource-exhaustion and countermeasures to resist such attacks, which generally supports reducing abusive traffic pressure. It does not specifically support rate limiting as the chosen mitigation.",remove,General evidence is insufficient for a disruptive action without human approval.
CAPTURE_TRAFFIC,2,False,EG-O-0111,ieee-access-0049,True,"['RFC8576-0026', 'RFC8576-0067', 'RFC8576-0019']",original,DDoS,Collect packet and flow evidence to confirm attack characteristics and support follow-up response.,distributed denial of service flooding resource exhaustion availability filtering network traffic collect network traffic evidence incident analysis monitoring IoT predicted family DDoS proposed action CAPTURE_TRAFFIC observed protocols UDP DNS ARP observed indicators traffic packet rate volume frequency average packet size traffic profile inter arrival time traffic timing,plan,RFC8576.txt; RFC8576.txt; RFC8576.txt,unsupported,The excerpts do not justify capture traffic as a DDoS response.,unsupported,"The excerpts mention routing and privacy/traffic-analysis issues, not capturing packets/flows for evidence or follow-up response.",remove,The independent checker found no useful support for the action.
NOTIFY_OPERATOR,3,False,EG-O-0112,ieee-access-0049,True,"['RFC8576-0026', 'NIST.SP.800-61r3-0062', 'RFC8576-0041']",original,DDoS,Human review is appropriate because the alert lacks a validated device identifier and impacts may require broader network judgment.,distributed denial of service flooding resource exhaustion availability filtering network traffic incident notification response escalation operator IoT predicted family DDoS proposed action NOTIFY_OPERATOR observed protocols UDP DNS ARP observed indicators traffic packet rate volume frequency average packet size traffic profile inter arrival time traffic timing,plan,RFC8576.txt; NIST.SP.800-61r3.pdf; RFC8576.txt,generally_supported,"NIST guidance on incident reporting and tracking supports notifying an operator, but not the specific rationale about unavailable device identity and broader network judgment.",generally_supported,"NIST SP 800-61r3 generally supports reporting confirmed incidents and coordinating response, which broadly supports operator notification. It does not specifically justify notification because device identity is unvalidated or broader judgment is needed.",keep,General support is sufficient for this non-disruptive action.
BLOCK_TRAFFIC_PROFILE,1,True,EG-O-0113,ieee-access-0050,True,"['RFC8520-0031', 'ETSI.EN.303.645.V3.1.3-0035', 'RFC8576-0026']",original,DDoS,Primary containment for a likely DDoS pattern to stop the offending traffic profile from consuming gateway or downstream resources.,distributed denial of service flooding resource exhaustion availability filtering network traffic block filter validated malicious network traffic profile access control IoT predicted family DDoS proposed action BLOCK_TRAFFIC_PROFILE observed protocols TCP observed indicators traffic packet rate volume frequency average packet size traffic profile inter arrival time traffic timing TCP SYN connection attempts TCP SYN flag connection attempts,plan,RFC8520.txt; ETSI.EN.303.645.V3.1.3.pdf; RFC8576.txt,unsupported,The excerpts do not support blocking the traffic profile to stop gateway or downstream resource consumption.,generally_supported,"RFC 8520 directly supports a form of packet dropping based on policy conditions, which generally supports traffic blocking for containment. It does not specifically support blocking a DDoS traffic profile to protect gateway/downstream resources.",remove,The independent checker found no useful support for the action.
CAPTURE_TRAFFIC,2,False,EG-O-0114,ieee-access-0050,True,"['RFC8520-0031', 'ETSI.EN.303.645.V3.1.3-0035', 'RFC8576-0026']",original,DDoS,Preserve evidence and support validation of attack characteristics without assuming a validated device identifier.,distributed denial of service flooding resource exhaustion availability filtering network traffic collect network traffic evidence incident analysis monitoring IoT predicted family DDoS proposed action CAPTURE_TRAFFIC observed protocols TCP observed indicators traffic packet rate volume frequency average packet size traffic profile inter arrival time traffic timing TCP SYN connection attempts TCP SYN flag connection attempts,plan,RFC8520.txt; ETSI.EN.303.645.V3.1.3.pdf; RFC8576.txt,unsupported,No cited evidence supports capturing traffic in this way.,unsupported,None of the excerpts discuss capturing traffic or preserving evidence for validation. The evidence is unrelated to this action.,remove,The independent checker found no useful support for the action.
NOTIFY_OPERATOR,3,False,EG-O-0115,ieee-access-0050,True,"['RFC8520-0031', 'ETSI.EN.303.645.V3.1.3-0035', 'RFC8576-0026']",original,DDoS,"Operator awareness is needed for coordinated response, especially because mitigation is intent-only and device identity is not established.",distributed denial of service flooding resource exhaustion availability filtering network traffic incident notification response escalation operator IoT predicted family DDoS proposed action NOTIFY_OPERATOR observed protocols TCP observed indicators traffic packet rate volume frequency average packet size traffic profile inter arrival time traffic timing TCP SYN connection attempts TCP SYN flag connection attempts,plan,RFC8520.txt; ETSI.EN.303.645.V3.1.3.pdf; RFC8576.txt,generally_supported,"The cited incident-response guidance supports operator awareness and reporting, but not the specific rationale about intent-only mitigation and missing identity.",unsupported,"The excerpts do not support notifying an operator for coordinated response in this scenario; they cover filtering, authentication controls, and routing only.",keep,General support is sufficient for this non-disruptive action.
CAPTURE_TRAFFIC,1,False,EG-O-0116,ieee-access-0051,True,"['RFC8576-0026', 'NIST.SP.800-61r3-0067', 'RFC8576-0067']",original,DoS,Collect additional evidence before a disruptive decision.,denial of service resource exhaustion availability traffic filtering collect network traffic evidence incident analysis monitoring IoT predicted family DoS proposed action CAPTURE_TRAFFIC observed protocols TCP UDP HTTPS observed indicators traffic packet rate volume frequency average packet size traffic profile inter arrival time traffic timing TCP ACK responses TCP ACK flag responses,escalate,RFC8576.txt; NIST.SP.800-61r3.pdf; RFC8576.txt,unsupported,"The excerpts discuss routing, evidence preservation in general, and privacy; none explicitly support capturing traffic as a DoS response or collecting packet evidence before a disruptive decision.",generally_supported,"NIST SP 800-61r3 explicitly supports collecting and retaining incident evidence, which generally supports capturing traffic as evidence, but it does not specifically call for traffic capture.",remove,The independent checker found no useful support for the action.
NOTIFY_OPERATOR,2,False,EG-O-0117,ieee-access-0051,True,"['RFC8576-0026', 'NIST.SP.800-61r3-0062', 'RFC8576-0041']",original,DoS,Detector confidence is below the validated threshold.,denial of service resource exhaustion availability traffic filtering incident notification response escalation operator IoT predicted family DoS proposed action NOTIFY_OPERATOR observed protocols TCP UDP HTTPS observed indicators traffic packet rate volume frequency average packet size traffic profile inter arrival time traffic timing TCP ACK responses TCP ACK flag responses,escalate,RFC8576.txt; NIST.SP.800-61r3.pdf; RFC8576.txt,unsupported,"The excerpts mention incident tracking and reporting, but not notifying an operator because detector confidence is below threshold.",generally_supported,"NIST SP 800-61r3 says confirmed incidents should be automatically reported and incident status tracked, which generally supports operator notification, though not specifically for low-confidence detections.",remove,The independent checker found no useful support for the action.
CAPTURE_TRAFFIC,1,False,EG-O-0118,ieee-access-0052,True,"['RFC8520-0031', 'ETSI.EN.303.645.V3.1.3-0035', 'RFC8576-0026']",original,DoS,Collect additional evidence before a disruptive decision.,denial of service resource exhaustion availability traffic filtering collect network traffic evidence incident analysis monitoring IoT predicted family DoS proposed action CAPTURE_TRAFFIC observed protocols TCP observed indicators traffic packet rate volume frequency average packet size traffic profile inter arrival time traffic timing TCP SYN connection attempts TCP SYN flag connection attempts,escalate,RFC8520.txt; ETSI.EN.303.645.V3.1.3.pdf; RFC8576.txt,unsupported,"The excerpts concern TCP direction-initiated drops, authentication attempts, and RPL routing, not capturing traffic for evidence gathering.",unsupported,"The cited excerpts discuss TCP directionality rules, authentication-attempt limiting, and routing; none support capturing traffic to collect evidence.",remove,The independent checker found no useful support for the action.
NOTIFY_OPERATOR,2,False,EG-O-0119,ieee-access-0052,True,"['RFC8520-0031', 'ETSI.EN.303.645.V3.1.3-0035', 'RFC8576-0026']",original,DoS,Detector confidence is below the validated threshold.,denial of service resource exhaustion availability traffic filtering incident notification response escalation operator IoT predicted family DoS proposed action NOTIFY_OPERATOR observed protocols TCP observed indicators traffic packet rate volume frequency average packet size traffic profile inter arrival time traffic timing TCP SYN connection attempts TCP SYN flag connection attempts,escalate,RFC8520.txt; ETSI.EN.303.645.V3.1.3.pdf; RFC8576.txt,unsupported,"The excerpts support detection of attacks and general incident handling, but not operator notification specifically due to low detector confidence.",unsupported,"The excerpts address TCP connection direction, rate limiting authentication attempts, and routing support, but do not support notifying an operator.",remove,The independent checker found no useful support for the action.
CAPTURE_TRAFFIC,1,False,EG-O-0120,ieee-access-0053,True,"['RFC8520-0031', 'ETSI.EN.303.645.V3.1.3-0035', 'RFC8576-0026']",original,DoS,Collect additional evidence before a disruptive decision.,denial of service resource exhaustion availability traffic filtering collect network traffic evidence incident analysis monitoring IoT predicted family DoS proposed action CAPTURE_TRAFFIC observed protocols TCP HTTPS ARP observed indicators traffic packet rate volume frequency average packet size traffic profile inter arrival time traffic timing TCP SYN connection attempts TCP SYN flag connection attempts,escalate,RFC8520.txt; ETSI.EN.303.645.V3.1.3.pdf; RFC8576.txt,unsupported,"The evidence does not justify capture-trafffic for evidence collection; it is about packet dropping, authentication throttling, and routing support.",unsupported,"The cited material does not discuss evidence collection or traffic capture; it concerns TCP policy behavior, authentication throttling, and routing.",remove,The independent checker found no useful support for the action.
NOTIFY_OPERATOR,2,False,EG-O-0121,ieee-access-0053,True,"['RFC8520-0031', 'ETSI.EN.303.645.V3.1.3-0035', 'RFC8576-0026']",original,DoS,Detector confidence is below the validated threshold.,denial of service resource exhaustion availability traffic filtering incident notification response escalation operator IoT predicted family DoS proposed action NOTIFY_OPERATOR observed protocols TCP HTTPS ARP observed indicators traffic packet rate volume frequency average packet size traffic profile inter arrival time traffic timing TCP SYN connection attempts TCP SYN flag connection attempts,escalate,RFC8520.txt; ETSI.EN.303.645.V3.1.3.pdf; RFC8576.txt,unsupported,The excerpts do not support notifying an operator because detector confidence is below threshold.,unsupported,"No excerpt supports operator notification; the evidence is about TCP direction rules, authentication-attempt controls, and routing.",remove,The independent checker found no useful support for the action.
CAPTURE_TRAFFIC,1,False,EG-O-0122,ieee-access-0054,True,"['RFC8520-0031', 'ETSI.EN.303.645.V3.1.3-0035', 'RFC8576-0026']",original,DoS,Collect additional evidence before a disruptive decision.,denial of service resource exhaustion availability traffic filtering collect network traffic evidence incident analysis monitoring IoT predicted family DoS proposed action CAPTURE_TRAFFIC observed protocols TCP UDP HTTP HTTPS ARP observed indicators traffic packet rate volume frequency average packet size traffic profile inter arrival time traffic timing TCP SYN connection attempts TCP SYN flag connection attempts,escalate,RFC8520.txt; ETSI.EN.303.645.V3.1.3.pdf; RFC8576.txt,unsupported,"The cited passages discuss packet dropping rules and authentication throttling, not traffic capture as a response.",unsupported,"The excerpts do not support capturing traffic; they cover TCP initiation policy, login attempt limiting, and routing capabilities.",remove,The independent checker found no useful support for the action.
NOTIFY_OPERATOR,2,False,EG-O-0123,ieee-access-0054,True,"['RFC8520-0031', 'ETSI.EN.303.645.V3.1.3-0035', 'RFC8576-0026']",original,DoS,Detector confidence is below the validated threshold.,denial of service resource exhaustion availability traffic filtering incident notification response escalation operator IoT predicted family DoS proposed action NOTIFY_OPERATOR observed protocols TCP UDP HTTP HTTPS ARP observed indicators traffic packet rate volume frequency average packet size traffic profile inter arrival time traffic timing TCP SYN connection attempts TCP SYN flag connection attempts,escalate,RFC8520.txt; ETSI.EN.303.645.V3.1.3.pdf; RFC8576.txt,unsupported,No excerpt supports notifying an operator for a confidence-threshold reason.,unsupported,Nothing cited supports notifying an operator; the material is unrelated to escalation or human review.,remove,The independent checker found no useful support for the action.
CAPTURE_TRAFFIC,1,False,EG-O-0124,ieee-access-0055,True,"['RFC8576-0026', 'NIST.SP.800-61r3-0067', 'RFC8576-0067']",original,DoS,Collect additional evidence before a disruptive decision.,denial of service resource exhaustion availability traffic filtering collect network traffic evidence incident analysis monitoring IoT predicted family DoS proposed action CAPTURE_TRAFFIC observed protocols TCP observed indicators traffic packet rate volume frequency average packet size traffic profile inter arrival time traffic timing,escalate,RFC8576.txt; NIST.SP.800-61r3.pdf; RFC8576.txt,unsupported,"The excerpts support collecting evidence in general and privacy considerations, but not the specific action of capturing traffic before a disruptive decision in a DoS context.",generally_supported,"NIST SP 800-61r3 supports collecting and retaining incident evidence, which generally supports capture of traffic for evidence, though not specifically packet capture.",remove,The independent checker found no useful support for the action.
NOTIFY_OPERATOR,2,False,EG-O-0125,ieee-access-0055,True,"['RFC8576-0026', 'NIST.SP.800-61r3-0062', 'RFC8576-0041']",original,DoS,Detector confidence is below the validated threshold.,denial of service resource exhaustion availability traffic filtering incident notification response escalation operator IoT predicted family DoS proposed action NOTIFY_OPERATOR observed protocols TCP observed indicators traffic packet rate volume frequency average packet size traffic profile inter arrival time traffic timing,escalate,RFC8576.txt; NIST.SP.800-61r3.pdf; RFC8576.txt,unsupported,"The excerpts support incident reporting and tracking, but not notifying an operator due to low confidence.",generally_supported,"NIST SP 800-61r3 supports automatic reporting of confirmed incidents and tracking response actions, which generally supports notifying an operator.",remove,The independent checker found no useful support for the action.
RATE_LIMIT,1,True,EG-O-0126,ieee-access-0056,True,"['RFC8576-0026', 'RFC8576-0044', 'RFC8576-0020']",original,DoS,Throttle the anomalously high traffic rate to reduce service degradation risk.,denial of service resource exhaustion availability traffic filtering rate limiting traffic filtering denial of service resource exhaustion IoT predicted family DoS proposed action RATE_LIMIT observed protocols UDP ICMP observed indicators traffic packet rate volume frequency average packet size traffic profile inter arrival time traffic timing,plan,RFC8576.txt; RFC8576.txt; RFC8576.txt,generally_supported,"The excerpts explicitly describe DoS attacks as resource-exhaustion attacks and note cookie-based countermeasures to delay state establishment. This supports the security objective of limiting DoS impact, but not rate limiting specifically.",unsupported,"The RFC excerpt supports DoS resistance via return-routability cookies, not rate limiting; the rest only describe routing and DoS susceptibility.",remove,General evidence is insufficient for a disruptive action without human approval.
CAPTURE_TRAFFIC,2,False,EG-O-0127,ieee-access-0056,True,"['RFC8576-0026', 'NIST.SP.800-61r3-0067', 'RFC8576-0067']",original,DoS,Preserve packet evidence to validate whether the burst is malicious or a false positive.,denial of service resource exhaustion availability traffic filtering collect network traffic evidence incident analysis monitoring IoT predicted family DoS proposed action CAPTURE_TRAFFIC observed protocols UDP ICMP observed indicators traffic packet rate volume frequency average packet size traffic profile inter arrival time traffic timing,plan,RFC8576.txt; NIST.SP.800-61r3.pdf; RFC8576.txt,generally_supported,"The evidence explicitly supports collecting and retaining incident evidence, which aligns with preserving packets/metadata, but it does not specifically mention traffic capture for a DoS burst.",generally_supported,"NIST SP 800-61r3 supports collecting and retaining evidence from incidents, which generally supports capturing traffic as packet evidence.",keep,General support is sufficient for this non-disruptive action.
NOTIFY_OPERATOR,3,False,EG-O-0128,ieee-access-0056,True,"['RFC8576-0026', 'NIST.SP.800-61r3-0062', 'RFC8576-0041']",original,DoS,Escalate promptly because the alert confidence is high and device identity is not validated.,denial of service resource exhaustion availability traffic filtering incident notification response escalation operator IoT predicted family DoS proposed action NOTIFY_OPERATOR observed protocols UDP ICMP observed indicators traffic packet rate volume frequency average packet size traffic profile inter arrival time traffic timing,plan,RFC8576.txt; NIST.SP.800-61r3.pdf; RFC8576.txt,unsupported,"The excerpts discuss incident reporting and network constraints, not operator notification because confidence is high and device identity is unvalidated.",generally_supported,"NIST SP 800-61r3 supports automatically reporting confirmed incidents, which generally supports notifying an operator, though not specifically because identity is unvalidated.",remove,The independent checker found no useful support for the action.
RATE_LIMIT,1,True,EG-O-0129,ieee-access-0057,True,"['ETSI.EN.303.645.V3.1.3-0035', 'RFC8576-0044', 'RFC8576-0026']",original,DoS,Reduce pressure from the observed burst and limit possible connection-exhaustion impact.,denial of service resource exhaustion availability traffic filtering rate limiting traffic filtering denial of service resource exhaustion IoT predicted family DoS proposed action RATE_LIMIT observed protocols TCP UDP HTTP HTTPS DNS observed indicators traffic packet rate volume frequency average packet size traffic profile inter arrival time traffic timing TCP SYN connection attempts TCP SYN flag connection attempts,plan,ETSI.EN.303.645.V3.1.3.pdf; RFC8576.txt; RFC8576.txt,generally_supported,"The excerpts support limiting repeated attempts and DoS countermeasures like cookie-based delay, which aligns with throttling abusive traffic generally, but not the exact rate-limit action.",generally_supported,"ETSI's example of limiting authentication attempts within a time interval generally supports throttling to reduce resource-exhaustion risk, though it is not about network traffic rate limiting for DoS.",remove,General evidence is insufficient for a disruptive action without human approval.
CAPTURE_TRAFFIC,2,False,EG-O-0130,ieee-access-0057,True,"['RFC8520-0031', 'ETSI.EN.303.645.V3.1.3-0035', 'RFC8576-0026']",original,DoS,Collect evidence to confirm whether the traffic is abusive and to support follow-up response.,denial of service resource exhaustion availability traffic filtering collect network traffic evidence incident analysis monitoring IoT predicted family DoS proposed action CAPTURE_TRAFFIC observed protocols TCP UDP HTTP HTTPS DNS observed indicators traffic packet rate volume frequency average packet size traffic profile inter arrival time traffic timing TCP SYN connection attempts TCP SYN flag connection attempts,plan,RFC8520.txt; ETSI.EN.303.645.V3.1.3.pdf; RFC8576.txt,unsupported,"The cited texts are about packet dropping, authentication throttling, and routing support; they do not justify traffic capture for abuse confirmation.",unsupported,"The cited excerpts do not discuss evidence collection or traffic capture; they focus on TCP policy, authentication throttling, and routing.",remove,The independent checker found no useful support for the action.
NOTIFY_OPERATOR,3,False,EG-O-0131,ieee-access-0057,True,"['RFC8520-0031', 'ETSI.EN.303.645.V3.1.3-0035', 'RFC8576-0026']",original,DoS,Human review is warranted because the alert is strong but device identity is not validated.,denial of service resource exhaustion availability traffic filtering incident notification response escalation operator IoT predicted family DoS proposed action NOTIFY_OPERATOR observed protocols TCP UDP HTTP HTTPS DNS observed indicators traffic packet rate volume frequency average packet size traffic profile inter arrival time traffic timing TCP SYN connection attempts TCP SYN flag connection attempts,plan,RFC8520.txt; ETSI.EN.303.645.V3.1.3.pdf; RFC8576.txt,unsupported,The excerpts do not support notifying an operator due to unvalidated device identity and intent-only mitigation.,unsupported,No cited excerpt supports notifying an operator or human review; the evidence is unrelated.,remove,The independent checker found no useful support for the action.
RATE_LIMIT,1,True,EG-O-0132,ieee-access-0058,True,"['RFC8576-0026', 'RFC8576-0044', 'RFC8576-0020']",original,DoS,Reduce traffic intensity to limit service impact while preserving partial connectivity.,denial of service resource exhaustion availability traffic filtering rate limiting traffic filtering denial of service resource exhaustion IoT predicted family DoS proposed action RATE_LIMIT observed protocols TCP UDP observed indicators traffic packet rate volume frequency average packet size traffic profile inter arrival time traffic timing TCP ACK responses TCP ACK flag responses,plan,RFC8576.txt; RFC8576.txt; RFC8576.txt,generally_supported,"The excerpts discuss DoS resistance and resource-exhaustion attacks, and cookie-based mechanisms that delay state establishment. This supports limiting traffic/impact in general, but not rate limiting specifically.",unsupported,"The excerpts discuss DoS attacks and one specific countermeasure (cookies), but do not support rate limiting as the recommended action.",remove,General evidence is insufficient for a disruptive action without human approval.
CAPTURE_TRAFFIC,2,False,EG-O-0133,ieee-access-0058,True,"['RFC8576-0026', 'NIST.SP.800-61r3-0067', 'RFC8576-0067']",original,DoS,Collect evidence to confirm the traffic pattern and support further triage.,denial of service resource exhaustion availability traffic filtering collect network traffic evidence incident analysis monitoring IoT predicted family DoS proposed action CAPTURE_TRAFFIC observed protocols TCP UDP observed indicators traffic packet rate volume frequency average packet size traffic profile inter arrival time traffic timing TCP ACK responses TCP ACK flag responses,plan,RFC8576.txt; NIST.SP.800-61r3.pdf; RFC8576.txt,unsupported,"The evidence supports collecting incident data generally, but not specifically capturing traffic to confirm a traffic pattern in a DoS case.",generally_supported,NIST SP 800-61r3's recommendation to collect and retain evidence generally supports capturing traffic to support triage.,remove,The independent checker found no useful support for the action.
NOTIFY_OPERATOR,3,False,EG-O-0134,ieee-access-0058,True,"['RFC8576-0026', 'NIST.SP.800-61r3-0062', 'RFC8576-0041']",original,DoS,Low-device-context mitigation should be reviewed by an operator before broader containment.,denial of service resource exhaustion availability traffic filtering incident notification response escalation operator IoT predicted family DoS proposed action NOTIFY_OPERATOR observed protocols TCP UDP observed indicators traffic packet rate volume frequency average packet size traffic profile inter arrival time traffic timing TCP ACK responses TCP ACK flag responses,plan,RFC8576.txt; NIST.SP.800-61r3.pdf; RFC8576.txt,unsupported,The excerpts do not support operator notification based on low-device-context mitigation or confidence issues.,generally_supported,"NIST SP 800-61r3 supports automatic reporting of confirmed incidents and tracking actions, which generally supports operator notification.",remove,The independent checker found no useful support for the action.
RATE_LIMIT,1,True,EG-O-0135,ieee-access-0059,True,"['ETSI.EN.303.645.V3.1.3-0035', 'RFC8576-0044', 'RFC8576-0026']",original,DoS,Reduce burst intensity while preserving some visibility into whether the flow continues or adapts.,denial of service resource exhaustion availability traffic filtering rate limiting traffic filtering denial of service resource exhaustion IoT predicted family DoS proposed action RATE_LIMIT observed protocols TCP HTTPS observed indicators traffic packet rate volume frequency average packet size traffic profile inter arrival time traffic timing TCP SYN connection attempts TCP SYN flag connection attempts,plan,ETSI.EN.303.645.V3.1.3.pdf; RFC8576.txt; RFC8576.txt,generally_supported,"The excerpts support detecting attacks that exhaust attempts and using cookie-based delay for DoS resistance, which is broadly consistent with throttling bursty traffic, but they do not explicitly support rate limiting.",generally_supported,"The ETSI excerpt about limiting authentication attempts over time generally supports the security objective of throttling abusive activity, but not the specific network rate-limiting action for DoS bursts.",remove,General evidence is insufficient for a disruptive action without human approval.
CAPTURE_TRAFFIC,2,False,EG-O-0136,ieee-access-0059,True,"['RFC8520-0031', 'ETSI.EN.303.645.V3.1.3-0035', 'RFC8576-0026']",original,DoS,Collect packets/metadata to confirm whether this is a SYN flood or related DoS variant and to support follow-up analysis.,denial of service resource exhaustion availability traffic filtering collect network traffic evidence incident analysis monitoring IoT predicted family DoS proposed action CAPTURE_TRAFFIC observed protocols TCP HTTPS observed indicators traffic packet rate volume frequency average packet size traffic profile inter arrival time traffic timing TCP SYN connection attempts TCP SYN flag connection attempts,plan,RFC8520.txt; ETSI.EN.303.645.V3.1.3.pdf; RFC8576.txt,unsupported,"The excerpts mention naked SYN bits and stateful mechanisms for dropping traffic, plus general security and routing text, but not packet capture as a validation step.",unsupported,"The excerpts do not support traffic capture for evidence; they discuss TCP direction policies, authentication attempt limiting, and routing.",remove,The independent checker found no useful support for the action.
NOTIFY_OPERATOR,3,False,EG-O-0137,ieee-access-0059,True,"['RFC8520-0031', 'ETSI.EN.303.645.V3.1.3-0035', 'RFC8576-0026']",original,DoS,Human review is warranted because the alert is above threshold but device identity is unvalidated and mitigation is intent-only.,denial of service resource exhaustion availability traffic filtering incident notification response escalation operator IoT predicted family DoS proposed action NOTIFY_OPERATOR observed protocols TCP HTTPS observed indicators traffic packet rate volume frequency average packet size traffic profile inter arrival time traffic timing TCP SYN connection attempts TCP SYN flag connection attempts,plan,RFC8520.txt; ETSI.EN.303.645.V3.1.3.pdf; RFC8576.txt,unsupported,The excerpts do not support notifying an operator because of unvalidated device identity and intent-only mitigation.,unsupported,No excerpt supports operator notification or human review; the citations are unrelated to escalation.,remove,The independent checker found no useful support for the action.
RATE_LIMIT,1,True,EG-O-0138,ieee-access-0060,True,"['RFC8576-0026', 'RFC8576-0044', 'RFC8576-0020']",original,DoS,Reduce potential flood impact while preserving observability.,denial of service resource exhaustion availability traffic filtering rate limiting traffic filtering denial of service resource exhaustion IoT predicted family DoS proposed action RATE_LIMIT observed protocols TCP UDP ICMP HTTP DNS observed indicators traffic packet rate volume frequency average packet size traffic profile inter arrival time traffic timing TCP ACK responses TCP ACK flag responses,plan,RFC8576.txt; RFC8576.txt; RFC8576.txt,generally_supported,"The evidence explicitly supports DoS resistance and cookie-based delay of state establishment, which is consistent with reducing flood impact, but not a direct rate-limit recommendation.",unsupported,"The evidence supports DoS awareness and specific cookie-based defenses, not rate limiting as an action.",remove,General evidence is insufficient for a disruptive action without human approval.
INCREASE_LOGGING,2,False,EG-O-0139,ieee-access-0060,True,"['RFC8576-0026', 'RFC8576-0041', 'RFC8520-0022']",original,DoS,Capture additional telemetry to confirm whether traffic is abusive or legitimate.,denial of service resource exhaustion availability traffic filtering increase security event logging monitoring incident analysis IoT predicted family DoS proposed action INCREASE_LOGGING observed protocols TCP UDP ICMP HTTP DNS observed indicators traffic packet rate volume frequency average packet size traffic profile inter arrival time traffic timing TCP ACK responses TCP ACK flag responses,plan,RFC8576.txt; RFC8576.txt; RFC8520.txt,unsupported,"The excerpts discuss incident data, fragmentation, and ACL features, but not increasing logging to validate abusive traffic.",unsupported,"None of the excerpts support increasing logging or additional telemetry collection; they discuss fragmentation risks, ACL features, and routing.",remove,The independent checker found no useful support for the action.
NOTIFY_OPERATOR,3,False,EG-O-0140,ieee-access-0060,True,"['RFC8576-0026', 'NIST.SP.800-61r3-0062', 'RFC8576-0041']",original,DoS,Escalate for human review because device identity is unvalidated and confidence is moderate.,denial of service resource exhaustion availability traffic filtering incident notification response escalation operator IoT predicted family DoS proposed action NOTIFY_OPERATOR observed protocols TCP UDP ICMP HTTP DNS observed indicators traffic packet rate volume frequency average packet size traffic profile inter arrival time traffic timing TCP ACK responses TCP ACK flag responses,plan,RFC8576.txt; NIST.SP.800-61r3.pdf; RFC8576.txt,unsupported,The excerpts do not support notifying an operator due to moderate confidence and unvalidated device identity.,generally_supported,"NIST SP 800-61r3 supports automatic reporting of confirmed incidents and response tracking, which generally supports notifying an operator.",remove,The independent checker found no useful support for the action.
CAPTURE_TRAFFIC,1,False,EG-O-0141,ieee-access-0061,True,"['RFC8520-0031', 'ETSI.EN.303.645.V3.1.3-0035', 'RFC8576-0026']",original,DoS,Collect additional evidence before a disruptive decision.,denial of service resource exhaustion availability traffic filtering collect network traffic evidence incident analysis monitoring IoT predicted family DoS proposed action CAPTURE_TRAFFIC observed protocols TCP observed indicators traffic packet rate volume frequency average packet size traffic profile inter arrival time traffic timing TCP SYN connection attempts TCP SYN flag connection attempts,escalate,RFC8520.txt; ETSI.EN.303.645.V3.1.3.pdf; RFC8576.txt,unsupported,"The cited text does not support capturing traffic before a disruptive decision; it covers packet dropping rules, authentication throttling, and routing support.",unsupported,"The cited excerpts do not support capturing traffic for evidence; they address TCP connection direction, authentication throttling, and routing.",remove,The independent checker found no useful support for the action.
NOTIFY_OPERATOR,2,False,EG-O-0142,ieee-access-0061,True,"['RFC8520-0031', 'ETSI.EN.303.645.V3.1.3-0035', 'RFC8576-0026']",original,DoS,Detector confidence is below the validated threshold.,denial of service resource exhaustion availability traffic filtering incident notification response escalation operator IoT predicted family DoS proposed action NOTIFY_OPERATOR observed protocols TCP observed indicators traffic packet rate volume frequency average packet size traffic profile inter arrival time traffic timing TCP SYN connection attempts TCP SYN flag connection attempts,escalate,RFC8520.txt; ETSI.EN.303.645.V3.1.3.pdf; RFC8576.txt,unsupported,The excerpts do not support operator notification based on confidence below threshold.,unsupported,Nothing cited supports operator notification; the excerpts are unrelated to reporting or escalation.,remove,The independent checker found no useful support for the action.
CAPTURE_TRAFFIC,1,False,EG-O-0143,ieee-access-0062,True,"['RFC8576-0026', 'NIST.SP.800-61r3-0067', 'RFC8576-0067']",original,DoS,Collect additional evidence before a disruptive decision.,denial of service resource exhaustion availability traffic filtering collect network traffic evidence incident analysis monitoring IoT predicted family DoS proposed action CAPTURE_TRAFFIC observed protocols TCP UDP ICMP HTTP observed indicators traffic packet rate volume frequency average packet size traffic profile inter arrival time traffic timing TCP ACK responses TCP ACK flag responses,escalate,RFC8576.txt; NIST.SP.800-61r3.pdf; RFC8576.txt,unsupported,"The excerpts support collecting evidence in general and privacy concerns, but not traffic capture specifically for DoS triage.",generally_supported,"NIST SP 800-61r3 explicitly supports collecting and retaining incident evidence, which generally supports capturing traffic before taking disruptive action.",remove,The independent checker found no useful support for the action.
NOTIFY_OPERATOR,2,False,EG-O-0144,ieee-access-0062,True,"['RFC8576-0026', 'NIST.SP.800-61r3-0062', 'RFC8576-0041']",original,DoS,Detector confidence is below the validated threshold.,denial of service resource exhaustion availability traffic filtering incident notification response escalation operator IoT predicted family DoS proposed action NOTIFY_OPERATOR observed protocols TCP UDP ICMP HTTP observed indicators traffic packet rate volume frequency average packet size traffic profile inter arrival time traffic timing TCP ACK responses TCP ACK flag responses,escalate,RFC8576.txt; NIST.SP.800-61r3.pdf; RFC8576.txt,unsupported,"The evidence mentions incident reporting and resource constraints, but not operator notification for low confidence.",generally_supported,"NIST SP 800-61r3 generally supports notifying/reporting incidents and tracking response actions, though not specifically for below-threshold detections.",remove,The independent checker found no useful support for the action.
CAPTURE_TRAFFIC,1,False,EG-O-0145,ieee-access-0063,True,"['RFC8576-0026', 'NIST.SP.800-61r3-0067', 'RFC8576-0067']",original,DoS,Collect additional evidence before a disruptive decision.,denial of service resource exhaustion availability traffic filtering collect network traffic evidence incident analysis monitoring IoT predicted family DoS proposed action CAPTURE_TRAFFIC observed protocols UDP ICMP observed indicators traffic packet rate volume frequency average packet size traffic profile inter arrival time traffic timing,escalate,RFC8576.txt; NIST.SP.800-61r3.pdf; RFC8576.txt,unsupported,"The excerpts support evidence preservation generally, but not capturing traffic specifically for DoS burst characterization.",generally_supported,NIST SP 800-61r3's guidance to collect and retain evidence generally supports traffic capture as evidence preservation.,remove,The independent checker found no useful support for the action.
NOTIFY_OPERATOR,2,False,EG-O-0146,ieee-access-0063,True,"['RFC8576-0026', 'NIST.SP.800-61r3-0062', 'RFC8576-0041']",original,DoS,Detector confidence is below the validated threshold.,denial of service resource exhaustion availability traffic filtering incident notification response escalation operator IoT predicted family DoS proposed action NOTIFY_OPERATOR observed protocols UDP ICMP observed indicators traffic packet rate volume frequency average packet size traffic profile inter arrival time traffic timing,escalate,RFC8576.txt; NIST.SP.800-61r3.pdf; RFC8576.txt,unsupported,The excerpts do not support notifying an operator due to confidence below threshold.,generally_supported,"NIST SP 800-61r3 generally supports incident reporting and status tracking, which supports notifying an operator.",remove,The independent checker found no useful support for the action.
CAPTURE_TRAFFIC,1,False,EG-O-0147,ieee-access-0064,True,"['RFC8576-0026', 'NIST.SP.800-61r3-0067', 'RFC8576-0067']",original,DoS,Collect additional evidence before a disruptive decision.,denial of service resource exhaustion availability traffic filtering collect network traffic evidence incident analysis monitoring IoT predicted family DoS proposed action CAPTURE_TRAFFIC observed protocols UDP observed indicators traffic packet rate volume frequency average packet size traffic profile inter arrival time traffic timing,escalate,RFC8576.txt; NIST.SP.800-61r3.pdf; RFC8576.txt,unsupported,"The evidence supports collecting incident data generally, but not traffic capture for confirming a DoS pattern.",generally_supported,"NIST SP 800-61r3 generally supports collecting and retaining evidence from incidents, which supports capture of traffic evidence.",remove,The independent checker found no useful support for the action.
NOTIFY_OPERATOR,2,False,EG-O-0148,ieee-access-0064,True,"['RFC8576-0026', 'NIST.SP.800-61r3-0062', 'RFC8576-0041']",original,DoS,Detector confidence is below the validated threshold.,denial of service resource exhaustion availability traffic filtering incident notification response escalation operator IoT predicted family DoS proposed action NOTIFY_OPERATOR observed protocols UDP observed indicators traffic packet rate volume frequency average packet size traffic profile inter arrival time traffic timing,escalate,RFC8576.txt; NIST.SP.800-61r3.pdf; RFC8576.txt,unsupported,The excerpts do not support operator notification based on confidence or device identity conditions.,generally_supported,"NIST SP 800-61r3 generally supports reporting confirmed incidents and tracking assigned actions, which supports notifying an operator.",remove,The independent checker found no useful support for the action.
CAPTURE_TRAFFIC,1,False,EG-O-0149,ieee-access-0065,True,"['RFC8520-0031', 'ETSI.EN.303.645.V3.1.3-0035', 'RFC8576-0026']",original,DoS,Collect additional evidence before a disruptive decision.,denial of service resource exhaustion availability traffic filtering collect network traffic evidence incident analysis monitoring IoT predicted family DoS proposed action CAPTURE_TRAFFIC observed protocols TCP observed indicators traffic packet rate volume frequency average packet size traffic profile inter arrival time traffic timing TCP SYN connection attempts TCP SYN flag connection attempts,escalate,RFC8520.txt; ETSI.EN.303.645.V3.1.3.pdf; RFC8576.txt,unsupported,"The cited passages discuss packet dropping and authentication throttling, not traffic capture.",unsupported,"The excerpts discuss TCP direction controls, authentication throttling, and routing; they do not support traffic capture for evidence.",remove,The independent checker found no useful support for the action.
NOTIFY_OPERATOR,2,False,EG-O-0150,ieee-access-0065,True,"['RFC8520-0031', 'ETSI.EN.303.645.V3.1.3-0035', 'RFC8576-0026']",original,DoS,Detector confidence is below the validated threshold.,denial of service resource exhaustion availability traffic filtering incident notification response escalation operator IoT predicted family DoS proposed action NOTIFY_OPERATOR observed protocols TCP observed indicators traffic packet rate volume frequency average packet size traffic profile inter arrival time traffic timing TCP SYN connection attempts TCP SYN flag connection attempts,escalate,RFC8520.txt; ETSI.EN.303.645.V3.1.3.pdf; RFC8576.txt,unsupported,The excerpts do not support notifying an operator due to confidence below threshold.,unsupported,The cited material does not support operator notification; it is unrelated to incident reporting or escalation.,remove,The independent checker found no useful support for the action.
BLOCK_TRAFFIC_PROFILE,1,True,EG-O-0151,ieee-access-0066,True,"['RFC8576-0026', 'RFC8576-0067', 'RFC8576-0041']",original,DoS,"The flow is dominated by high-rate UDP traffic and lacks normal session/handshake characteristics, making profile-based blocking appropriate for immediate containment intent.",denial of service resource exhaustion availability traffic filtering block filter validated malicious network traffic profile access control IoT predicted family DoS proposed action BLOCK_TRAFFIC_PROFILE observed protocols UDP observed indicators traffic packet rate volume frequency average packet size traffic profile inter arrival time traffic timing,plan,RFC8576.txt; RFC8576.txt; RFC8576.txt,unsupported,"The evidence concerns resource-exhaustion attacks and cryptographic agility, but not blocking a traffic profile.",unsupported,"The excerpts discuss routing, quantum-resistant cryptography overhead, and general IoT constraints; none support blocking a traffic profile, especially UDP-dominant traffic.",remove,The independent checker found no useful support for the action.
CAPTURE_TRAFFIC,2,False,EG-O-0152,ieee-access-0066,True,"['RFC8576-0026', 'NIST.SP.800-61r3-0067', 'RFC8576-0067']",original,DoS,"Packet/flow capture will help confirm whether this is a flood, reflection pattern, or other volumetric DoS variant and support downstream analysis.",denial of service resource exhaustion availability traffic filtering collect network traffic evidence incident analysis monitoring IoT predicted family DoS proposed action CAPTURE_TRAFFIC observed protocols UDP observed indicators traffic packet rate volume frequency average packet size traffic profile inter arrival time traffic timing,plan,RFC8576.txt; NIST.SP.800-61r3.pdf; RFC8576.txt,unsupported,"The excerpts support incident evidence preservation generally, but not packet/flow capture to confirm flood characteristics.",generally_supported,"NIST SP 800-61r3 supports collecting and retaining incident evidence, which generally supports packet/flow capture for downstream DoS analysis.",remove,The independent checker found no useful support for the action.
NOTIFY_OPERATOR,3,False,EG-O-0153,ieee-access-0066,True,"['RFC8576-0026', 'NIST.SP.800-61r3-0062', 'RFC8576-0041']",original,DoS,"Operator awareness is warranted because the alert is high confidence, mitigation is intent-only, and no validated device identity is available.",denial of service resource exhaustion availability traffic filtering incident notification response escalation operator IoT predicted family DoS proposed action NOTIFY_OPERATOR observed protocols UDP observed indicators traffic packet rate volume frequency average packet size traffic profile inter arrival time traffic timing,plan,RFC8576.txt; NIST.SP.800-61r3.pdf; RFC8576.txt,unsupported,The excerpts do not support operator awareness because mitigation is intent-only and device identity is unconfirmed.,generally_supported,"NIST SP 800-61r3 supports automatic reporting of confirmed incidents, which generally supports notifying an operator, though not for the specific rationale given.",remove,The independent checker found no useful support for the action.
RATE_LIMIT,1,True,EG-O-0154,ieee-access-0067,True,"['RFC8576-0026', 'RFC8576-0044', 'RFC8576-0020']",original,DoS,Reduce potential volumetric impact from the UDP-dominant high-rate flow while limiting disruption to unrelated traffic.,denial of service resource exhaustion availability traffic filtering rate limiting traffic filtering denial of service resource exhaustion IoT predicted family DoS proposed action RATE_LIMIT observed protocols UDP DNS observed indicators traffic packet rate volume frequency average packet size traffic profile inter arrival time traffic timing,plan,RFC8576.txt; RFC8576.txt; RFC8576.txt,generally_supported,"The excerpts explicitly describe DoS attacks as resource-exhaustion attacks and support cookie-based countermeasures, which aligns with reducing volumetric impact, but they do not specifically justify rate limiting.",unsupported,"The excerpts describe DoS/resource exhaustion and a cookie-based countermeasure, but do not support rate limiting as the recommended containment action.",remove,General evidence is insufficient for a disruptive action without human approval.
CAPTURE_TRAFFIC,2,False,EG-O-0155,ieee-access-0067,True,"['RFC8576-0026', 'NIST.SP.800-61r3-0067', 'RFC8576-0067']",original,DoS,"Preserve evidence and characterize the source, destination patterns, and burst behavior for follow-up analysis.",denial of service resource exhaustion availability traffic filtering collect network traffic evidence incident analysis monitoring IoT predicted family DoS proposed action CAPTURE_TRAFFIC observed protocols UDP DNS observed indicators traffic packet rate volume frequency average packet size traffic profile inter arrival time traffic timing,plan,RFC8576.txt; NIST.SP.800-61r3.pdf; RFC8576.txt,unsupported,"The excerpts support collecting evidence generally, but not the specific action of preserving packets/flow data for burst analysis.",generally_supported,"NIST SP 800-61r3 generally supports collecting and retaining incident evidence, which supports traffic capture to preserve burst characteristics.",remove,The independent checker found no useful support for the action.
NOTIFY_OPERATOR,3,False,EG-O-0156,ieee-access-0067,True,"['RFC8576-0026', 'NIST.SP.800-61r3-0062', 'RFC8576-0041']",original,DoS,Human review is warranted to confirm whether broader containment or service-level response is needed.,denial of service resource exhaustion availability traffic filtering incident notification response escalation operator IoT predicted family DoS proposed action NOTIFY_OPERATOR observed protocols UDP DNS observed indicators traffic packet rate volume frequency average packet size traffic profile inter arrival time traffic timing,plan,RFC8576.txt; NIST.SP.800-61r3.pdf; RFC8576.txt,unsupported,The excerpts do not support operator review to confirm whether broader containment or service response is needed.,generally_supported,"NIST SP 800-61r3 supports reporting confirmed incidents and tracking response actions, which generally supports notifying an operator for review.",remove,The independent checker found no useful support for the action.
RATE_LIMIT,1,True,EG-O-0157,ieee-access-0068,True,"['RFC8576-0026', 'RFC8576-0044', 'RFC8576-0020']",original,DoS,Reduce impact from unusually high-rate UDP traffic while preserving visibility.,denial of service resource exhaustion availability traffic filtering rate limiting traffic filtering denial of service resource exhaustion IoT predicted family DoS proposed action RATE_LIMIT observed protocols UDP observed indicators traffic packet rate volume frequency average packet size traffic profile inter arrival time traffic timing,plan,RFC8576.txt; RFC8576.txt; RFC8576.txt,generally_supported,"The excerpts support DoS resistance, resource-exhaustion concerns, and delaying state establishment, which is broadly consistent with limiting high-rate traffic, but not rate limiting per se.",unsupported,"The evidence supports awareness of DoS/resource exhaustion and a specific cookie-based defense, not rate limiting high-rate UDP traffic.",remove,General evidence is insufficient for a disruptive action without human approval.
CAPTURE_TRAFFIC,2,False,EG-O-0158,ieee-access-0068,True,"['RFC8576-0026', 'NIST.SP.800-61r3-0067', 'RFC8576-0067']",original,DoS,Collect packet evidence to confirm flood characteristics and support containment decisions.,denial of service resource exhaustion availability traffic filtering collect network traffic evidence incident analysis monitoring IoT predicted family DoS proposed action CAPTURE_TRAFFIC observed protocols UDP observed indicators traffic packet rate volume frequency average packet size traffic profile inter arrival time traffic timing,plan,RFC8576.txt; NIST.SP.800-61r3.pdf; RFC8576.txt,unsupported,"The evidence supports collecting incident data generally, but not packet capture to confirm flood characteristics.",generally_supported,"NIST SP 800-61r3 supports collecting and retaining evidence from incidents, which generally supports capturing packet evidence for DoS confirmation.",remove,The independent checker found no useful support for the action.
NOTIFY_OPERATOR,3,False,EG-O-0159,ieee-access-0068,True,"['RFC8576-0026', 'NIST.SP.800-61r3-0062', 'RFC8576-0041']",original,DoS,Escalate for human review because mitigation is intent-only and device identity is not confirmed.,denial of service resource exhaustion availability traffic filtering incident notification response escalation operator IoT predicted family DoS proposed action NOTIFY_OPERATOR observed protocols UDP observed indicators traffic packet rate volume frequency average packet size traffic profile inter arrival time traffic timing,plan,RFC8576.txt; NIST.SP.800-61r3.pdf; RFC8576.txt,unsupported,The excerpts do not support operator escalation based on unconfirmed device identity.,generally_supported,"NIST SP 800-61r3 supports automatic reporting of confirmed incidents, which generally supports operator notification.",remove,The independent checker found no useful support for the action.
CAPTURE_TRAFFIC,1,False,EG-O-0160,ieee-access-0069,True,"['RFC8520-0031', 'ETSI.EN.303.645.V3.1.3-0035', 'RFC8576-0026']",original,DoS,Collect packet evidence to confirm whether the high-rate UDP pattern is a flood or benign burst before stronger containment.,denial of service resource exhaustion availability traffic filtering collect network traffic evidence incident analysis monitoring IoT predicted family DoS proposed action CAPTURE_TRAFFIC observed protocols TCP UDP ICMP HTTPS observed indicators traffic packet rate volume frequency average packet size traffic profile inter arrival time traffic timing TCP SYN connection attempts TCP SYN flag connection attempts,plan,RFC8520.txt; ETSI.EN.303.645.V3.1.3.pdf; RFC8576.txt,unsupported,The cited text does not justify traffic capture for confirming a flood or benign burst.,unsupported,"The cited excerpts do not discuss evidence preservation or traffic capture; they concern TCP direction policy, authentication attempt throttling, and routing.",remove,The independent checker found no useful support for the action.
RATE_LIMIT,2,True,EG-O-0161,ieee-access-0069,True,"['ETSI.EN.303.645.V3.1.3-0035', 'RFC8576-0044', 'RFC8576-0026']",original,DoS,High-rate traffic suggests a flooding condition; rate limiting can reduce impact while avoiding an unnecessary full block.,denial of service resource exhaustion availability traffic filtering rate limiting traffic filtering denial of service resource exhaustion IoT predicted family DoS proposed action RATE_LIMIT observed protocols TCP UDP ICMP HTTPS observed indicators traffic packet rate volume frequency average packet size traffic profile inter arrival time traffic timing TCP SYN connection attempts TCP SYN flag connection attempts,plan,ETSI.EN.303.645.V3.1.3.pdf; RFC8576.txt; RFC8576.txt,generally_supported,"The excerpts discuss limiting repeated authentication attempts and DoS countermeasures, which support the general goal of reducing high-rate impact, but they do not explicitly support rate limiting.",generally_supported,"The ETSI example of limiting attempts over time generally supports throttling abusive activity, but not specifically network rate limiting for high-rate traffic floods.",remove,General evidence is insufficient for a disruptive action without human approval.
NOTIFY_OPERATOR,3,False,EG-O-0162,ieee-access-0069,True,"['RFC8520-0031', 'ETSI.EN.303.645.V3.1.3-0035', 'RFC8576-0026']",original,DoS,Human review is appropriate because device identity is unvalidated and the action is mitigation intent only.,denial of service resource exhaustion availability traffic filtering incident notification response escalation operator IoT predicted family DoS proposed action NOTIFY_OPERATOR observed protocols TCP UDP ICMP HTTPS observed indicators traffic packet rate volume frequency average packet size traffic profile inter arrival time traffic timing TCP SYN connection attempts TCP SYN flag connection attempts,plan,RFC8520.txt; ETSI.EN.303.645.V3.1.3.pdf; RFC8576.txt,unsupported,The excerpts do not support notifying an operator because device identity is unvalidated and mitigation is intent-only.,unsupported,No cited excerpt supports notifying an operator or human review; the evidence is unrelated to escalation.,remove,The independent checker found no useful support for the action.
RATE_LIMIT,1,True,EG-O-0163,ieee-access-0070,True,"['ETSI.EN.303.645.V3.1.3-0035', 'RFC8576-0044', 'RFC8576-0026']",original,DoS,"Reduce impact from SYN-dominant, high-rate traffic while preserving visibility.",denial of service resource exhaustion availability traffic filtering rate limiting traffic filtering denial of service resource exhaustion IoT predicted family DoS proposed action RATE_LIMIT observed protocols TCP observed indicators traffic packet rate volume frequency average packet size traffic profile inter arrival time traffic timing TCP SYN connection attempts TCP SYN flag connection attempts,plan,ETSI.EN.303.645.V3.1.3.pdf; RFC8576.txt; RFC8576.txt,generally_supported,"The evidence on DoS resistance, resource-exhaustion attacks, and cookie-based delay supports the goal of reducing impact from high-rate traffic, but not rate limiting specifically.",generally_supported,"The ETSI excerpt generally supports limiting repeated abusive activity over time, which loosely supports throttling, but it does not specifically support network rate limiting for SYN-heavy DoS traffic.",remove,General evidence is insufficient for a disruptive action without human approval.
CAPTURE_TRAFFIC,2,False,EG-O-0164,ieee-access-0070,True,"['RFC8520-0031', 'ETSI.EN.303.645.V3.1.3-0035', 'RFC8576-0026']",original,DoS,Collect packet and flow evidence to confirm flood characteristics and support triage.,denial of service resource exhaustion availability traffic filtering collect network traffic evidence incident analysis monitoring IoT predicted family DoS proposed action CAPTURE_TRAFFIC observed protocols TCP observed indicators traffic packet rate volume frequency average packet size traffic profile inter arrival time traffic timing TCP SYN connection attempts TCP SYN flag connection attempts,plan,RFC8520.txt; ETSI.EN.303.645.V3.1.3.pdf; RFC8576.txt,unsupported,The excerpts do not support packet and flow capture for DoS triage.,unsupported,"The excerpts do not support packet/flow capture for evidence; they address TCP direction policy, authentication limits, and routing.",remove,The independent checker found no useful support for the action.
NOTIFY_OPERATOR,3,False,EG-O-0165,ieee-access-0070,True,"['RFC8520-0031', 'ETSI.EN.303.645.V3.1.3-0035', 'RFC8576-0026']",original,DoS,Escalate for human review because the model is above threshold and mitigation intent is non-executable.,denial of service resource exhaustion availability traffic filtering incident notification response escalation operator IoT predicted family DoS proposed action NOTIFY_OPERATOR observed protocols TCP observed indicators traffic packet rate volume frequency average packet size traffic profile inter arrival time traffic timing TCP SYN connection attempts TCP SYN flag connection attempts,plan,RFC8520.txt; ETSI.EN.303.645.V3.1.3.pdf; RFC8576.txt,unsupported,The excerpts do not support operator escalation for a high-confidence alert with unvalidated device identity.,unsupported,Nothing cited supports notifying an operator; the evidence is unrelated to reporting or human escalation.,remove,The independent checker found no useful support for the action.
CAPTURE_TRAFFIC,1,False,EG-O-0166,ieee-access-0071,True,"['RFC8520-0031', 'ETSI.EN.303.645.V3.1.3-0035', 'RFC8576-0026']",original,DDoS,Collect additional evidence before a disruptive decision.,distributed denial of service flooding resource exhaustion availability filtering network traffic collect network traffic evidence incident analysis monitoring IoT predicted family DDoS proposed action CAPTURE_TRAFFIC observed protocols TCP observed indicators traffic packet rate volume frequency average packet size traffic profile inter arrival time traffic timing TCP SYN connection attempts TCP SYN flag connection attempts,escalate,RFC8520.txt; ETSI.EN.303.645.V3.1.3.pdf; RFC8576.txt,unsupported,The excerpts do not support traffic capture as a DDoS action.,unsupported,No cited excerpt supports traffic capture or evidence collection before making a disruptive decision.,remove,The independent checker found no useful support for the action.
NOTIFY_OPERATOR,2,False,EG-O-0167,ieee-access-0071,True,"['RFC8520-0031', 'ETSI.EN.303.645.V3.1.3-0035', 'RFC8576-0026']",original,DDoS,Detector confidence is below the validated threshold.,distributed denial of service flooding resource exhaustion availability filtering network traffic incident notification response escalation operator IoT predicted family DDoS proposed action NOTIFY_OPERATOR observed protocols TCP observed indicators traffic packet rate volume frequency average packet size traffic profile inter arrival time traffic timing TCP SYN connection attempts TCP SYN flag connection attempts,escalate,RFC8520.txt; ETSI.EN.303.645.V3.1.3.pdf; RFC8576.txt,unsupported,No cited excerpt supports notifying an operator due to low confidence.,unsupported,The excerpts do not discuss operator notification or human review for below-threshold DDoS detections.,remove,The independent checker found no useful support for the action.
CAPTURE_TRAFFIC,1,False,EG-O-0168,ieee-access-0072,True,"['RFC8520-0031', 'ETSI.EN.303.645.V3.1.3-0035', 'RFC8576-0026']",original,DDoS,Collect additional evidence before a disruptive decision.,distributed denial of service flooding resource exhaustion availability filtering network traffic collect network traffic evidence incident analysis monitoring IoT predicted family DDoS proposed action CAPTURE_TRAFFIC observed protocols TCP UDP ICMP observed indicators traffic packet rate volume frequency average packet size traffic profile inter arrival time traffic timing TCP SYN connection attempts TCP SYN flag connection attempts,escalate,RFC8520.txt; ETSI.EN.303.645.V3.1.3.pdf; RFC8576.txt,unsupported,The excerpts do not support capturing traffic for the stated purpose.,unsupported,The evidence does not mention capturing traffic or preserving/collecting incident evidence.,remove,The independent checker found no useful support for the action.
NOTIFY_OPERATOR,2,False,EG-O-0169,ieee-access-0072,True,"['RFC8520-0031', 'ETSI.EN.303.645.V3.1.3-0035', 'RFC8576-0026']",original,DDoS,Detector confidence is below the validated threshold.,distributed denial of service flooding resource exhaustion availability filtering network traffic incident notification response escalation operator IoT predicted family DDoS proposed action NOTIFY_OPERATOR observed protocols TCP UDP ICMP observed indicators traffic packet rate volume frequency average packet size traffic profile inter arrival time traffic timing TCP SYN connection attempts TCP SYN flag connection attempts,escalate,RFC8520.txt; ETSI.EN.303.645.V3.1.3.pdf; RFC8576.txt,unsupported,The cited evidence does not justify notifying an operator in this case.,unsupported,"No excerpt supports notifying an operator; the evidence is about filtering, authentication throttling, and routing.",remove,The independent checker found no useful support for the action.
CAPTURE_TRAFFIC,1,False,EG-O-0170,ieee-access-0073,True,"['RFC8576-0026', 'RFC8576-0067', 'RFC8576-0019']",original,DDoS,Collect additional evidence before a disruptive decision.,distributed denial of service flooding resource exhaustion availability filtering network traffic collect network traffic evidence incident analysis monitoring IoT predicted family DDoS proposed action CAPTURE_TRAFFIC observed protocols UDP ARP observed indicators traffic packet rate volume frequency average packet size traffic profile inter arrival time traffic timing,escalate,RFC8576.txt; RFC8576.txt; RFC8576.txt,unsupported,The excerpts do not support traffic capture for DDoS evidence collection.,unsupported,"The excerpts reference routing support and privacy/traffic analysis concerns, but do not recommend traffic capture for DDoS evidence gathering.",remove,The independent checker found no useful support for the action.
NOTIFY_OPERATOR,2,False,EG-O-0171,ieee-access-0073,True,"['RFC8576-0026', 'NIST.SP.800-61r3-0062', 'RFC8576-0041']",original,DDoS,Detector confidence is below the validated threshold.,distributed denial of service flooding resource exhaustion availability filtering network traffic incident notification response escalation operator IoT predicted family DDoS proposed action NOTIFY_OPERATOR observed protocols UDP ARP observed indicators traffic packet rate volume frequency average packet size traffic profile inter arrival time traffic timing,escalate,RFC8576.txt; NIST.SP.800-61r3.pdf; RFC8576.txt,generally_supported,"NIST incident-response guidance supports automatic reporting and operator involvement for confirmed incidents, but not the exact rationale given.",generally_supported,NIST guidance that confirmed incidents should be automatically reported generally supports incident notification. It does not specifically justify operator notification because detector confidence is below threshold.,keep,General support is sufficient for this non-disruptive action.
CAPTURE_TRAFFIC,1,False,EG-O-0172,ieee-access-0074,True,"['RFC8576-0026', 'RFC8576-0067', 'RFC8576-0019']",original,DDoS,Collect additional evidence before a disruptive decision.,distributed denial of service flooding resource exhaustion availability filtering network traffic collect network traffic evidence incident analysis monitoring IoT predicted family DDoS proposed action CAPTURE_TRAFFIC observed protocols UDP observed indicators traffic packet rate volume frequency average packet size traffic profile inter arrival time traffic timing,escalate,RFC8576.txt; RFC8576.txt; RFC8576.txt,unsupported,The excerpts do not support capturing traffic as a DDoS response.,unsupported,The excerpts do not support traffic capture. They concern routing support and privacy/traffic-analysis concerns instead.,remove,The independent checker found no useful support for the action.
NOTIFY_OPERATOR,2,False,EG-O-0173,ieee-access-0074,True,"['RFC8576-0026', 'NIST.SP.800-61r3-0062', 'RFC8576-0041']",original,DDoS,Detector confidence is below the validated threshold.,distributed denial of service flooding resource exhaustion availability filtering network traffic incident notification response escalation operator IoT predicted family DDoS proposed action NOTIFY_OPERATOR observed protocols UDP observed indicators traffic packet rate volume frequency average packet size traffic profile inter arrival time traffic timing,escalate,RFC8576.txt; NIST.SP.800-61r3.pdf; RFC8576.txt,generally_supported,"The incident-response excerpt supports notifying an operator for incident tracking/reporting, but not the specific low-confidence rationale.",generally_supported,"NIST incident-response reporting guidance generally supports notifying responders/operators about incidents, but does not specifically support the low-confidence-threshold rationale given here.",keep,General support is sufficient for this non-disruptive action.
CAPTURE_TRAFFIC,1,False,EG-O-0174,ieee-access-0075,True,"['RFC8576-0026', 'RFC8576-0067', 'RFC8576-0019']",original,DDoS,Collect additional evidence before a disruptive decision.,distributed denial of service flooding resource exhaustion availability filtering network traffic collect network traffic evidence incident analysis monitoring IoT predicted family DDoS proposed action CAPTURE_TRAFFIC observed protocols TCP ARP observed indicators traffic packet rate volume frequency average packet size traffic profile inter arrival time traffic timing,escalate,RFC8576.txt; RFC8576.txt; RFC8576.txt,unsupported,The excerpts do not support capture traffic for DDoS.,unsupported,No cited evidence supports capturing traffic for additional evidence before a disruptive decision.,remove,The independent checker found no useful support for the action.
NOTIFY_OPERATOR,2,False,EG-O-0175,ieee-access-0075,True,"['RFC8576-0026', 'NIST.SP.800-61r3-0062', 'RFC8576-0041']",original,DDoS,Detector confidence is below the validated threshold.,distributed denial of service flooding resource exhaustion availability filtering network traffic incident notification response escalation operator IoT predicted family DDoS proposed action NOTIFY_OPERATOR observed protocols TCP ARP observed indicators traffic packet rate volume frequency average packet size traffic profile inter arrival time traffic timing,escalate,RFC8576.txt; NIST.SP.800-61r3.pdf; RFC8576.txt,generally_supported,"NIST incident-response guidance supports operator notification and tracking, but not the particular low-confidence justification.",generally_supported,"NIST SP 800-61r3 generally supports reporting confirmed incidents and tracking incident actions, which broadly supports operator notification. It does not specifically support notification because detector confidence is below threshold.",keep,General support is sufficient for this non-disruptive action.
RATE_LIMIT,1,True,EG-O-0176,ieee-access-0076,True,"['RFC8576-0026', 'RFC8576-0044', 'RFC8576-0020']",original,DDoS,Primary containment for flooding behavior while preserving service availability for legitimate traffic.,distributed denial of service flooding resource exhaustion availability filtering network traffic rate limiting traffic filtering denial of service resource exhaustion IoT predicted family DDoS proposed action RATE_LIMIT observed protocols UDP ICMP observed indicators traffic packet rate volume frequency average packet size traffic profile inter arrival time traffic timing,plan,RFC8576.txt; RFC8576.txt; RFC8576.txt,generally_supported,"RFC 8576 supports DoS resistance and resource-exhaustion countermeasures, which is consistent with rate limiting, but it does not explicitly endorse this action as stated.",generally_supported,"RFC 8576 discusses DoS/resource-exhaustion threats and countermeasures, which generally supports load-reduction mitigations. It does not explicitly support rate limiting as the specific action.",remove,General evidence is insufficient for a disruptive action without human approval.
CAPTURE_TRAFFIC,2,False,EG-O-0177,ieee-access-0076,True,"['RFC8576-0026', 'RFC8576-0067', 'RFC8576-0019']",original,DDoS,Collect evidence to confirm attack pattern and support downstream analysis without assuming a device identity.,distributed denial of service flooding resource exhaustion availability filtering network traffic collect network traffic evidence incident analysis monitoring IoT predicted family DDoS proposed action CAPTURE_TRAFFIC observed protocols UDP ICMP observed indicators traffic packet rate volume frequency average packet size traffic profile inter arrival time traffic timing,plan,RFC8576.txt; RFC8576.txt; RFC8576.txt,unsupported,The cited material does not support traffic capture for DDoS analysis.,unsupported,"The excerpts do not mention packet capture, flow capture, or evidence preservation for analysis.",remove,The independent checker found no useful support for the action.
NOTIFY_OPERATOR,3,False,EG-O-0178,ieee-access-0076,True,"['RFC8576-0026', 'NIST.SP.800-61r3-0062', 'RFC8576-0041']",original,DDoS,Operator awareness is warranted because the alert confidence is maximal and mitigation is intent-only.,distributed denial of service flooding resource exhaustion availability filtering network traffic incident notification response escalation operator IoT predicted family DDoS proposed action NOTIFY_OPERATOR observed protocols UDP ICMP observed indicators traffic packet rate volume frequency average packet size traffic profile inter arrival time traffic timing,plan,RFC8576.txt; NIST.SP.800-61r3.pdf; RFC8576.txt,generally_supported,"NIST guidance supports automatic reporting and incident tracking, which is consistent with operator notification, but not the specific high-confidence/intent-only rationale.",generally_supported,NIST guidance about automatically reporting confirmed incidents generally supports notifying an operator. It does not specifically support notification because alert confidence is maximal or mitigation is intent-only.,keep,General support is sufficient for this non-disruptive action.
RATE_LIMIT,1,True,EG-O-0179,ieee-access-0077,True,"['ETSI.EN.303.645.V3.1.3-0035', 'RFC8576-0026', 'RFC8576-0044']",original,DDoS,Reduce apparent flood intensity while preserving limited service availability under suspected SYN-based DDoS conditions.,distributed denial of service flooding resource exhaustion availability filtering network traffic rate limiting traffic filtering denial of service resource exhaustion IoT predicted family DDoS proposed action RATE_LIMIT observed protocols TCP observed indicators traffic packet rate volume frequency average packet size traffic profile inter arrival time traffic timing TCP SYN connection attempts TCP SYN flag connection attempts,plan,ETSI.EN.303.645.V3.1.3.pdf; RFC8576.txt; RFC8576.txt,generally_supported,"ETSI and RFC 8576 discuss limiting attempts and DoS resistance, which supports a throttling objective, but not specifically rate-limiting SYN-based DDoS traffic.",generally_supported,"RFC 8576 addresses DoS resistance and resource-exhaustion attacks, which generally supports measures to reduce abusive traffic impact. It does not explicitly endorse rate limiting, especially for suspected SYN-based DDoS.",remove,General evidence is insufficient for a disruptive action without human approval.
CAPTURE_TRAFFIC,2,False,EG-O-0180,ieee-access-0077,True,"['RFC8520-0031', 'ETSI.EN.303.645.V3.1.3-0035', 'RFC8576-0026']",original,DDoS,Collect packet evidence to confirm attack characteristics and support downstream triage without assuming device identity.,distributed denial of service flooding resource exhaustion availability filtering network traffic collect network traffic evidence incident analysis monitoring IoT predicted family DDoS proposed action CAPTURE_TRAFFIC observed protocols TCP observed indicators traffic packet rate volume frequency average packet size traffic profile inter arrival time traffic timing TCP SYN connection attempts TCP SYN flag connection attempts,plan,RFC8520.txt; ETSI.EN.303.645.V3.1.3.pdf; RFC8576.txt,unsupported,The excerpts do not support capturing traffic for downstream triage.,unsupported,The excerpts do not support capturing packets as evidence for DDoS confirmation or triage.,remove,The independent checker found no useful support for the action.
NOTIFY_OPERATOR,3,False,EG-O-0181,ieee-access-0077,True,"['RFC8520-0031', 'ETSI.EN.303.645.V3.1.3-0035', 'RFC8576-0026']",original,DDoS,Human review is warranted because the alert is high-confidence but device identity is unavailable and mitigation is intent-only.,distributed denial of service flooding resource exhaustion availability filtering network traffic incident notification response escalation operator IoT predicted family DDoS proposed action NOTIFY_OPERATOR observed protocols TCP observed indicators traffic packet rate volume frequency average packet size traffic profile inter arrival time traffic timing TCP SYN connection attempts TCP SYN flag connection attempts,plan,RFC8520.txt; ETSI.EN.303.645.V3.1.3.pdf; RFC8576.txt,generally_supported,"The incident-response excerpt supports notifying an operator and assigning an incident lead, but not the specific rationale about high confidence and unavailable identity.",unsupported,The cited excerpts do not discuss operator notification or human review; they are unrelated to escalation based on confidence/identity concerns.,keep,General support is sufficient for this non-disruptive action.
RATE_LIMIT,1,True,EG-O-0182,ieee-access-0078,True,"['RFC8576-0026', 'RFC8576-0044', 'RFC8576-0020']",original,DDoS,Throttle the high-rate UDP pattern to reduce probable flood impact while preserving some observability.,distributed denial of service flooding resource exhaustion availability filtering network traffic rate limiting traffic filtering denial of service resource exhaustion IoT predicted family DDoS proposed action RATE_LIMIT observed protocols UDP observed indicators traffic packet rate volume frequency average packet size traffic profile inter arrival time traffic timing,plan,RFC8576.txt; RFC8576.txt; RFC8576.txt,generally_supported,"RFC 8576 supports resource-exhaustion DoS resistance and cookie-based delay mechanisms, which aligns with rate limiting, but not the specific UDP flood framing.",generally_supported,"RFC 8576 discusses DoS/resource exhaustion and countermeasures generally, which supports mitigating high-rate abusive traffic. It does not specifically support throttling a UDP pattern via rate limiting.",remove,General evidence is insufficient for a disruptive action without human approval.
CAPTURE_TRAFFIC,2,False,EG-O-0183,ieee-access-0078,True,"['RFC8576-0026', 'RFC8576-0067', 'RFC8576-0019']",original,DDoS,Collect packet evidence to confirm flood characteristics and support downstream analysis.,distributed denial of service flooding resource exhaustion availability filtering network traffic collect network traffic evidence incident analysis monitoring IoT predicted family DDoS proposed action CAPTURE_TRAFFIC observed protocols UDP observed indicators traffic packet rate volume frequency average packet size traffic profile inter arrival time traffic timing,plan,RFC8576.txt; RFC8576.txt; RFC8576.txt,unsupported,The excerpts do not support collecting packet evidence for flood confirmation.,unsupported,The excerpts do not mention traffic capture or evidence collection; they concern routing and privacy/traffic-analysis issues.,remove,The independent checker found no useful support for the action.
NOTIFY_OPERATOR,3,False,EG-O-0184,ieee-access-0078,True,"['RFC8576-0026', 'NIST.SP.800-61r3-0062', 'RFC8576-0041']",original,DDoS,High-confidence mitigation should be surfaced to an operator because identity is not validated and impact may be service-wide.,distributed denial of service flooding resource exhaustion availability filtering network traffic incident notification response escalation operator IoT predicted family DDoS proposed action NOTIFY_OPERATOR observed protocols UDP observed indicators traffic packet rate volume frequency average packet size traffic profile inter arrival time traffic timing,plan,RFC8576.txt; NIST.SP.800-61r3.pdf; RFC8576.txt,generally_supported,"The NIST excerpt supports automatic reporting and incident coordination, which is compatible with notifying an operator, but not the specific high-confidence, service-wide impact rationale.",generally_supported,"NIST SP 800-61r3 generally supports incident reporting and coordination, which broadly supports notifying an operator. It does not specifically support the stated rationale about unvalidated identity or service-wide impact.",keep,General support is sufficient for this non-disruptive action.
RATE_LIMIT,1,True,EG-O-0185,ieee-access-0079,True,"['RFC8576-0026', 'RFC8576-0044', 'RFC8576-0020']",original,DDoS,"Reduce resource-exhaustion pressure from the observed bursty, high-rate traffic while preserving limited connectivity.",distributed denial of service flooding resource exhaustion availability filtering network traffic rate limiting traffic filtering denial of service resource exhaustion IoT predicted family DDoS proposed action RATE_LIMIT observed protocols UDP ARP observed indicators traffic packet rate volume frequency average packet size traffic profile inter arrival time traffic timing,plan,RFC8576.txt; RFC8576.txt; RFC8576.txt,generally_supported,"RFC 8576 discusses DoS resistance and resource-exhaustion attacks, supporting the objective of reducing pressure via throttling, but not the exact action wording.",generally_supported,"RFC 8576 identifies DoS/resource-exhaustion threats and discusses countermeasures, which generally supports reducing traffic pressure. The excerpts do not specifically justify rate limiting as the concrete mechanism.",remove,General evidence is insufficient for a disruptive action without human approval.
CAPTURE_TRAFFIC,2,False,EG-O-0186,ieee-access-0079,True,"['RFC8576-0026', 'RFC8576-0067', 'RFC8576-0019']",original,DDoS,"Collect evidence to confirm whether the traffic is attack-driven and to support downstream analysis, since device identity is not validated.",distributed denial of service flooding resource exhaustion availability filtering network traffic collect network traffic evidence incident analysis monitoring IoT predicted family DDoS proposed action CAPTURE_TRAFFIC observed protocols UDP ARP observed indicators traffic packet rate volume frequency average packet size traffic profile inter arrival time traffic timing,plan,RFC8576.txt; RFC8576.txt; RFC8576.txt,unsupported,The cited evidence does not support capturing traffic to determine whether it is attack-driven.,unsupported,The cited excerpts do not support traffic capture for attack confirmation or downstream analysis; they instead discuss routing and privacy risks from observed traffic.,remove,The independent checker found no useful support for the action.
NOTIFY_OPERATOR,3,False,EG-O-0187,ieee-access-0079,True,"['RFC8576-0026', 'NIST.SP.800-61r3-0062', 'RFC8576-0041']",original,DDoS,Human review is warranted because this is a high-confidence mitigation intent without device-level attribution or execution capability.,distributed denial of service flooding resource exhaustion availability filtering network traffic incident notification response escalation operator IoT predicted family DDoS proposed action NOTIFY_OPERATOR observed protocols UDP ARP observed indicators traffic packet rate volume frequency average packet size traffic profile inter arrival time traffic timing,plan,RFC8576.txt; NIST.SP.800-61r3.pdf; RFC8576.txt,generally_supported,"Incident-response guidance supports operator notification and incident coordination, but not the specific rationale about high-confidence mitigation without device attribution.",generally_supported,NIST guidance that confirmed incidents should be automatically reported generally supports notifying an operator as part of incident handling. It does not specifically support notification because mitigation is intent-only or execution capability is absent.,keep,General support is sufficient for this non-disruptive action.
RATE_LIMIT,1,True,EG-O-0188,ieee-access-0080,True,"['RFC8576-0026', 'RFC8576-0044', 'RFC8576-0020']",original,DDoS,Applied the predefined bounded policy default.,distributed denial of service flooding resource exhaustion availability filtering network traffic rate limiting traffic filtering denial of service resource exhaustion IoT predicted family DDoS proposed action RATE_LIMIT observed protocols UDP observed indicators traffic packet rate volume frequency average packet size traffic profile inter arrival time traffic timing,plan,RFC8576.txt; RFC8576.txt; RFC8576.txt,unsupported,The excerpts do not support a generic rate-limit default.,generally_supported,"RFC 8576 discusses DoS/resource-exhaustion threats and countermeasures, which generally supports bounded mitigations to reduce pressure. It does not explicitly support rate limiting as the specific predefined default.",remove,The independent checker found no useful support for the action.
CAPTURE_TRAFFIC,2,False,EG-O-0189,ieee-access-0080,True,"['RFC8576-0026', 'RFC8576-0067', 'RFC8576-0019']",original,DDoS,Applied the predefined bounded policy default.,distributed denial of service flooding resource exhaustion availability filtering network traffic collect network traffic evidence incident analysis monitoring IoT predicted family DDoS proposed action CAPTURE_TRAFFIC observed protocols UDP observed indicators traffic packet rate volume frequency average packet size traffic profile inter arrival time traffic timing,plan,RFC8576.txt; RFC8576.txt; RFC8576.txt,unsupported,The cited evidence does not support capturing traffic as a default action.,unsupported,The excerpts do not support CAPTURE_TRAFFIC. Privacy text about observing packets and traffic analysis does not justify collecting traffic as incident evidence.,remove,The independent checker found no useful support for the action.
NOTIFY_OPERATOR,3,False,EG-O-0190,ieee-access-0080,True,"['RFC8576-0026', 'NIST.SP.800-61r3-0062', 'RFC8576-0041']",original,DDoS,Applied the predefined bounded policy default.,distributed denial of service flooding resource exhaustion availability filtering network traffic incident notification response escalation operator IoT predicted family DDoS proposed action NOTIFY_OPERATOR observed protocols UDP observed indicators traffic packet rate volume frequency average packet size traffic profile inter arrival time traffic timing,plan,RFC8576.txt; NIST.SP.800-61r3.pdf; RFC8576.txt,generally_supported,"NIST guidance supports reporting confirmed incidents and coordinating response, which is consistent with notifying an operator, but not the exact default rationale.",generally_supported,"NIST SP 800-61r3 generally supports reporting confirmed incidents and coordinating response, which broadly supports notifying an operator. It does not specifically justify this predefined default rationale.",keep,General support is sufficient for this non-disruptive action.
CAPTURE_TRAFFIC,1,False,EG-O-0191,ieee-access-0081,True,"['NIST.IR.8259A-0018', 'NIST.SP.800-213A-0129', 'RFC8520-0031']",original,Mirai,Collect additional evidence before a disruptive decision.,botnet compromised malware malicious code logically disable network interfaces restrict access authorized communication collect network traffic evidence incident analysis monitoring IoT predicted family Mirai proposed action CAPTURE_TRAFFIC observed protocols TCP UDP DNS ARP observed indicators traffic packet rate volume frequency average packet size traffic profile inter arrival time traffic timing TCP SYN connection attempts TCP SYN flag connection attempts,escalate,NIST.IR.8259A.pdf; NIST.SP.800-213A.pdf; RFC8520.txt,unsupported,"The excerpts discuss access control, malicious code protection, and dropping TCP packets from-device unless first initiated, but they do not support capturing traffic as the recommended action.",unsupported,"The excerpts discuss restricting interfaces, malware-protection education, and TCP connection-direction filtering. None support capturing traffic or collecting packet evidence before a decision.",remove,The independent checker found no useful support for the action.
NOTIFY_OPERATOR,2,False,EG-O-0192,ieee-access-0081,True,"['NIST.IR.8259A-0018', 'NIST.SP.800-213A-0129', 'RFC8520-0031']",original,Mirai,Detector confidence is below the validated threshold.,botnet compromised malware malicious code logically disable network interfaces restrict access authorized communication incident notification response escalation operator IoT predicted family Mirai proposed action NOTIFY_OPERATOR observed protocols TCP UDP DNS ARP observed indicators traffic packet rate volume frequency average packet size traffic profile inter arrival time traffic timing TCP SYN connection attempts TCP SYN flag connection attempts,escalate,NIST.IR.8259A.pdf; NIST.SP.800-213A.pdf; RFC8520.txt,unsupported,"The evidence discusses malicious code protection education and response options, not notifying an operator because detector confidence is below threshold.",generally_supported,"SP 800-213A mentions providing options and recommended responses to malicious code identification, which generally supports operator involvement, but none of the excerpts explicitly support notifying an operator due to low detector confidence.",remove,The independent checker found no useful support for the action.
CAPTURE_TRAFFIC,1,False,EG-O-0193,ieee-access-0082,True,"['NIST.IR.8259A-0018', 'NIST.SP.800-213A-0129', 'RFC8520-0031']",original,Mirai,Collect additional evidence before a disruptive decision.,botnet compromised malware malicious code logically disable network interfaces restrict access authorized communication collect network traffic evidence incident analysis monitoring IoT predicted family Mirai proposed action CAPTURE_TRAFFIC observed protocols TCP UDP ICMP HTTPS DNS ARP observed indicators traffic packet rate volume frequency average packet size traffic profile inter arrival time traffic timing TCP SYN connection attempts TCP SYN flag connection attempts,escalate,NIST.IR.8259A.pdf; NIST.SP.800-213A.pdf; RFC8520.txt,generally_supported,"The excerpts support collecting evidence and preserving incident data, which aligns with capturing traffic for later analysis, but they do not explicitly mention traffic capture.",unsupported,"The cited passages cover interface restriction, malware-protection guidance, and TCP filtering, not traffic capture or evidence collection.",keep,General support is sufficient for this non-disruptive action.
NOTIFY_OPERATOR,2,False,EG-O-0194,ieee-access-0082,True,"['NIST.IR.8259A-0018', 'NIST.SP.800-213A-0129', 'RFC8520-0031']",original,Mirai,Detector confidence is below the validated threshold.,botnet compromised malware malicious code logically disable network interfaces restrict access authorized communication incident notification response escalation operator IoT predicted family Mirai proposed action NOTIFY_OPERATOR observed protocols TCP UDP ICMP HTTPS DNS ARP observed indicators traffic packet rate volume frequency average packet size traffic profile inter arrival time traffic timing TCP SYN connection attempts TCP SYN flag connection attempts,escalate,NIST.IR.8259A.pdf; NIST.SP.800-213A.pdf; RFC8520.txt,unsupported,"The cited excerpts concern malicious code protection education and network-interface access control, not notifying an operator due to low detector confidence.",generally_supported,"The cited malware-response guidance generally supports taking some response action with customer awareness, but it does not explicitly support notifying an operator, immediate human review, or acting because confidence is below threshold.",remove,The independent checker found no useful support for the action.
CAPTURE_TRAFFIC,1,False,EG-O-0195,ieee-access-0083,True,"['NIST.IR.8259A-0018', 'NIST.SP.800-213A-0129', 'RFC8520-0031']",original,Mirai,Collect additional evidence before a disruptive decision.,botnet compromised malware malicious code logically disable network interfaces restrict access authorized communication collect network traffic evidence incident analysis monitoring IoT predicted family Mirai proposed action CAPTURE_TRAFFIC observed protocols TCP UDP ICMP HTTP HTTPS ARP observed indicators traffic packet rate volume frequency average packet size traffic profile inter arrival time traffic timing TCP SYN connection attempts TCP SYN flag connection attempts,escalate,NIST.IR.8259A.pdf; NIST.SP.800-213A.pdf; RFC8520.txt,generally_supported,"The evidence supports collecting incident data and preserving evidence, which is directionally consistent with traffic capture, but does not explicitly justify capture traffic.",unsupported,"The evidence is about restricting interfaces, malware protection education, and TCP initiation-based dropping. It does not justify capturing traffic as an action.",keep,General support is sufficient for this non-disruptive action.
NOTIFY_OPERATOR,2,False,EG-O-0196,ieee-access-0083,True,"['NIST.IR.8259A-0018', 'NIST.SP.800-213A-0129', 'RFC8520-0031']",original,Mirai,Detector confidence is below the validated threshold.,botnet compromised malware malicious code logically disable network interfaces restrict access authorized communication incident notification response escalation operator IoT predicted family Mirai proposed action NOTIFY_OPERATOR observed protocols TCP UDP ICMP HTTP HTTPS ARP observed indicators traffic packet rate volume frequency average packet size traffic profile inter arrival time traffic timing TCP SYN connection attempts TCP SYN flag connection attempts,escalate,NIST.IR.8259A.pdf; NIST.SP.800-213A.pdf; RFC8520.txt,unsupported,"The excerpts discuss malicious code protection education and access restrictions, not notifying an operator because confidence is below threshold.",generally_supported,"The excerpts generally relate to responding to malicious code and recommended responses, but they do not explicitly support notifying an operator because of low-confidence detection.",remove,The independent checker found no useful support for the action.
CAPTURE_TRAFFIC,1,False,EG-O-0197,ieee-access-0084,True,"['NIST.IR.8259A-0018', 'NIST.SP.800-213A-0129', 'NIST.SP.800-61r3-0067']",original,Mirai,Collect additional evidence before a disruptive decision.,botnet compromised malware malicious code logically disable network interfaces restrict access authorized communication collect network traffic evidence incident analysis monitoring IoT predicted family Mirai proposed action CAPTURE_TRAFFIC observed protocols TCP UDP HTTPS DNS ARP observed indicators traffic packet rate volume frequency average packet size traffic profile inter arrival time traffic timing TCP ACK responses TCP ACK flag responses,escalate,NIST.IR.8259A.pdf; NIST.SP.800-213A.pdf; NIST.SP.800-61r3.pdf,generally_supported,"The cited incident-response guidance supports collecting and retaining evidence, which is broadly consistent with capturing traffic, but it does not explicitly recommend traffic capture.",directly_supported,"NIST SP 800-61r3 explicitly says to collect and retain evidence from an incident. That directly supports capturing traffic to collect evidence, regardless of the specific Mirai rationale details.",keep,General support is sufficient for this non-disruptive action.
NOTIFY_OPERATOR,2,False,EG-O-0198,ieee-access-0084,True,"['NIST.SP.800-213A-0129', 'NIST.IR.8259A-0018', 'NIST.SP.800-213A-0048']",original,Mirai,Detector confidence is below the validated threshold.,botnet compromised malware malicious code logically disable network interfaces restrict access authorized communication incident notification response escalation operator IoT predicted family Mirai proposed action NOTIFY_OPERATOR observed protocols TCP UDP HTTPS DNS ARP observed indicators traffic packet rate volume frequency average packet size traffic profile inter arrival time traffic timing TCP ACK responses TCP ACK flag responses,escalate,NIST.SP.800-213A.pdf; NIST.IR.8259A.pdf; NIST.SP.800-213A.pdf,unsupported,"The excerpts describe access-control and anti-malware capabilities, not notifying an operator for manual review.",generally_supported,"The excerpts support restricting access and describe response options to malicious code, which generally align with human/operator involvement, but they do not explicitly call for notifying an operator.",remove,The independent checker found no useful support for the action.
CAPTURE_TRAFFIC,1,False,EG-O-0199,ieee-access-0085,True,"['NIST.IR.8259A-0018', 'NIST.SP.800-213A-0129', 'NIST.SP.800-61r3-0067']",original,Mirai,Collect additional evidence before a disruptive decision.,botnet compromised malware malicious code logically disable network interfaces restrict access authorized communication collect network traffic evidence incident analysis monitoring IoT predicted family Mirai proposed action CAPTURE_TRAFFIC observed protocols TCP UDP ICMP HTTPS ARP observed indicators traffic packet rate volume frequency average packet size traffic profile inter arrival time traffic timing TCP ACK responses TCP ACK flag responses,escalate,NIST.IR.8259A.pdf; NIST.SP.800-213A.pdf; NIST.SP.800-61r3.pdf,generally_supported,"The evidence supports collecting and retaining incident evidence, which is compatible with traffic capture, but it is not an explicit traffic-capture recommendation.",directly_supported,"NIST SP 800-61r3 explicitly supports collecting and retaining incident evidence, which directly supports the action to capture traffic for evidence before a disruptive decision.",keep,General support is sufficient for this non-disruptive action.
NOTIFY_OPERATOR,2,False,EG-O-0200,ieee-access-0085,True,"['NIST.SP.800-213A-0129', 'NIST.IR.8259A-0018', 'NIST.SP.800-213A-0048']",original,Mirai,Detector confidence is below the validated threshold.,botnet compromised malware malicious code logically disable network interfaces restrict access authorized communication incident notification response escalation operator IoT predicted family Mirai proposed action NOTIFY_OPERATOR observed protocols TCP UDP ICMP HTTPS ARP observed indicators traffic packet rate volume frequency average packet size traffic profile inter arrival time traffic timing TCP ACK responses TCP ACK flag responses,escalate,NIST.SP.800-213A.pdf; NIST.IR.8259A.pdf; NIST.SP.800-213A.pdf,unsupported,"The cited material addresses malicious code protection, access control, and interface restrictions, not notifying an operator for low confidence.",generally_supported,"The cited material generally addresses malicious-code response options and access control, but it does not explicitly support notifying an operator due to low confidence.",remove,The independent checker found no useful support for the action.
NOTIFY_OPERATOR,1,False,EG-O-0201,ieee-access-0086,True,"['NIST.IR.8259A-0018', 'NIST.SP.800-213A-0129', 'RFC8520-0031']",original,Mirai,Immediate human review is warranted because the alert is high-confidence and device identity is not validated.,botnet compromised malware malicious code logically disable network interfaces restrict access authorized communication incident notification response escalation operator IoT predicted family Mirai proposed action NOTIFY_OPERATOR observed protocols TCP UDP HTTPS observed indicators traffic packet rate volume frequency average packet size traffic profile inter arrival time traffic timing TCP SYN connection attempts TCP SYN flag connection attempts,plan,NIST.IR.8259A.pdf; NIST.SP.800-213A.pdf; RFC8520.txt,unsupported,"The excerpts do not mention high-confidence alerts, device identity validation, or human review/notification.",generally_supported,"SP 800-213A discusses recommended responses to malicious code identification, which generally supports operator-oriented response handling, but none of the excerpts explicitly support notifying an operator because device identity is unvalidated.",remove,The independent checker found no useful support for the action.
CAPTURE_TRAFFIC,2,False,EG-O-0202,ieee-access-0086,True,"['NIST.IR.8259A-0018', 'NIST.SP.800-213A-0129', 'RFC8520-0031']",original,Mirai,"Collect evidence to confirm whether this is scanning, command-and-control, or other botnet activity before stronger containment.",botnet compromised malware malicious code logically disable network interfaces restrict access authorized communication collect network traffic evidence incident analysis monitoring IoT predicted family Mirai proposed action CAPTURE_TRAFFIC observed protocols TCP UDP HTTPS observed indicators traffic packet rate volume frequency average packet size traffic profile inter arrival time traffic timing TCP SYN connection attempts TCP SYN flag connection attempts,plan,NIST.IR.8259A.pdf; NIST.SP.800-213A.pdf; RFC8520.txt,generally_supported,"The excerpts support collecting incident evidence and preserving it, which is broadly consistent with capturing traffic, but they do not explicitly call for traffic capture.",unsupported,"The excerpts address interface restriction, malware detection/eradication guidance, and TCP filtering. They do not support capturing traffic to confirm scanning, C2, or botnet activity.",keep,General support is sufficient for this non-disruptive action.
RESTRICT_EGRESS,3,True,EG-O-0203,ieee-access-0086,True,"['NIST.IR.8259A-0018', 'NIST.SP.800-213A-0129', 'RFC8520-0031']",original,Mirai,Reduce potential propagation or outbound abuse while minimizing impact because the profile is strongly suspicious.,botnet compromised malware malicious code logically disable network interfaces restrict access authorized communication restrict outbound communication approved destinations network access policy MUD IoT predicted family Mirai proposed action RESTRICT_EGRESS observed protocols TCP UDP HTTPS observed indicators traffic packet rate volume frequency average packet size traffic profile inter arrival time traffic timing TCP SYN connection attempts TCP SYN flag connection attempts,plan,NIST.IR.8259A.pdf; NIST.SP.800-213A.pdf; RFC8520.txt,generally_supported,"The network-interface restriction guidance supports limiting communications, but it does not specifically justify restricting egress as an incident response action.",directly_supported,"RFC 8520 explicitly describes dropping packets transmitted toward a Thing unless it first initiated the TCP connection, which is a concrete egress-restriction mechanism. NIST IR 8259A also supports restricting access to network interfaces.",remove,General evidence is insufficient for a disruptive action without human approval.
CAPTURE_TRAFFIC,1,False,EG-O-0204,ieee-access-0087,True,"['NIST.IR.8259A-0018', 'NIST.SP.800-213A-0129', 'NIST.SP.800-61r3-0067']",original,Mirai,Preserve evidence for validation and scope assessment of the high-rate anomalous traffic.,botnet compromised malware malicious code logically disable network interfaces restrict access authorized communication collect network traffic evidence incident analysis monitoring IoT predicted family Mirai proposed action CAPTURE_TRAFFIC observed protocols unspecified observed indicators traffic packet rate volume frequency average packet size traffic profile inter arrival time traffic timing,plan,NIST.IR.8259A.pdf; NIST.SP.800-213A.pdf; NIST.SP.800-61r3.pdf,generally_supported,"The evidence supports collecting and retaining incident data for evidence preservation, which is broadly aligned with traffic capture, but not explicitly.",directly_supported,"NIST SP 800-61r3 explicitly supports collecting and retaining incident evidence, which directly supports capturing traffic to preserve evidence for validation and scoping.",keep,General support is sufficient for this non-disruptive action.
RESTRICT_EGRESS,2,True,EG-O-0205,ieee-access-0087,True,"['NIST.IR.8259A-0018', 'NIST.SP.800-213A-0129', 'NIST.SP.800-213A-0048']",original,Mirai,Limit outbound communication from the anomalous profile while minimizing disruption to unrelated traffic.,botnet compromised malware malicious code logically disable network interfaces restrict access authorized communication restrict outbound communication approved destinations network access policy MUD IoT predicted family Mirai proposed action RESTRICT_EGRESS observed protocols unspecified observed indicators traffic packet rate volume frequency average packet size traffic profile inter arrival time traffic timing,plan,NIST.IR.8259A.pdf; NIST.SP.800-213A.pdf; NIST.SP.800-213A.pdf,generally_supported,"The excerpts support restricting interfaces and access, which is related to limiting outbound communication, but they do not directly support egress restriction as the recommended action.",generally_supported,"NIST IR 8259A and SP 800-213A support restricting logical access to interfaces and services, which generally supports limiting outbound communication, but they do not specifically describe egress restriction in the stated minimized-disruption form.",remove,General evidence is insufficient for a disruptive action without human approval.
NOTIFY_OPERATOR,3,False,EG-O-0206,ieee-access-0087,True,"['NIST.IR.8259A-0018', 'NIST.SP.800-213A-0129', 'NIST.SP.800-61r3-0068']",original,Mirai,Human review is warranted because no device identity is validated and the action is mitigation intent only.,botnet compromised malware malicious code logically disable network interfaces restrict access authorized communication incident notification response escalation operator IoT predicted family Mirai proposed action NOTIFY_OPERATOR observed protocols unspecified observed indicators traffic packet rate volume frequency average packet size traffic profile inter arrival time traffic timing,plan,NIST.IR.8259A.pdf; NIST.SP.800-213A.pdf; NIST.SP.800-61r3.pdf,unsupported,"The excerpts discuss incident response reporting and communication plus device access control, but not notifying an operator for an action intended only as mitigation.",directly_supported,"NIST SP 800-61r3 RS.CO explicitly covers incident reporting, communication, coordination, and notification with stakeholders. That directly supports notifying an operator for human review/coordination.",remove,The independent checker found no useful support for the action.
CAPTURE_TRAFFIC,1,False,EG-O-0207,ieee-access-0088,True,"['NIST.IR.8259A-0018', 'NIST.SP.800-213A-0129', 'NIST.SP.800-61r3-0067']",original,Mirai,Collect packet evidence for validation because the alert lacks a validated device identifier and the intent is mitigation only.,botnet compromised malware malicious code logically disable network interfaces restrict access authorized communication collect network traffic evidence incident analysis monitoring IoT predicted family Mirai proposed action CAPTURE_TRAFFIC observed protocols UDP DNS observed indicators traffic packet rate volume frequency average packet size traffic profile inter arrival time traffic timing,plan,NIST.IR.8259A.pdf; NIST.SP.800-213A.pdf; NIST.SP.800-61r3.pdf,generally_supported,"The evidence supports collecting incident evidence for later analysis, which is broadly consistent with packet capture, but does not explicitly mention capture traffic.",directly_supported,"NIST SP 800-61r3 explicitly directs collecting and retaining incident evidence, directly supporting traffic capture for validation.",keep,General support is sufficient for this non-disruptive action.
INCREASE_LOGGING,2,False,EG-O-0208,ieee-access-0088,True,"['NIST.IR.8259A-0018', 'NIST.SP.800-213A-0129', 'NIST.SP.800-213A-0048']",original,Mirai,Improve visibility into the anomalous flow profile to distinguish benign bursty behavior from Mirai-like activity.,botnet compromised malware malicious code logically disable network interfaces restrict access authorized communication increase security event logging monitoring incident analysis IoT predicted family Mirai proposed action INCREASE_LOGGING observed protocols UDP DNS observed indicators traffic packet rate volume frequency average packet size traffic profile inter arrival time traffic timing,plan,NIST.IR.8259A.pdf; NIST.SP.800-213A.pdf; NIST.SP.800-213A.pdf,unsupported,"The cited guidance concerns access control and device capabilities, not increasing logging for visibility.",unsupported,"The excerpts discuss interface restriction, response options, and device control capabilities, but none mention increasing logging or collecting additional telemetry.",remove,The independent checker found no useful support for the action.
NOTIFY_OPERATOR,3,False,EG-O-0209,ieee-access-0088,True,"['NIST.IR.8259A-0018', 'NIST.SP.800-213A-0129', 'NIST.SP.800-61r3-0068']",original,Mirai,Escalate for human review because containment decisions may need asset-specific context before disruption is introduced.,botnet compromised malware malicious code logically disable network interfaces restrict access authorized communication incident notification response escalation operator IoT predicted family Mirai proposed action NOTIFY_OPERATOR observed protocols UDP DNS observed indicators traffic packet rate volume frequency average packet size traffic profile inter arrival time traffic timing,plan,NIST.IR.8259A.pdf; NIST.SP.800-213A.pdf; NIST.SP.800-61r3.pdf,unsupported,"The excerpts concern incident-response communication and access controls, but do not support notifying an operator for asset-specific context before disruption.",directly_supported,"NIST SP 800-61r3 RS.CO explicitly supports incident coordination and notification among stakeholders, which directly supports notifying an operator for human review before containment.",remove,The independent checker found no useful support for the action.
INCREASE_LOGGING,1,False,EG-O-0210,ieee-access-0089,True,"['NIST.IR.8259A-0018', 'NIST.SP.800-213A-0129', 'NIST.SP.800-213A-0048']",original,Mirai,Increase visibility on this flow profile to preserve evidence and refine characterization without assuming a specific device.,botnet compromised malware malicious code logically disable network interfaces restrict access authorized communication increase security event logging monitoring incident analysis IoT predicted family Mirai proposed action INCREASE_LOGGING observed protocols UDP observed indicators traffic packet rate volume frequency average packet size traffic profile inter arrival time traffic timing,plan,NIST.IR.8259A.pdf; NIST.SP.800-213A.pdf; NIST.SP.800-213A.pdf,unsupported,"The excerpts describe interface restrictions and device capability requirements, not increasing logging to improve visibility.",unsupported,None of the cited excerpts explicitly or concretely support increasing logging or visibility/telemetry collection.,remove,The independent checker found no useful support for the action.
CAPTURE_TRAFFIC,2,False,EG-O-0211,ieee-access-0089,True,"['NIST.IR.8259A-0018', 'NIST.SP.800-213A-0129', 'NIST.SP.800-61r3-0067']",original,Mirai,Collect packets or samples to support validation of Mirai-like activity and enable follow-up analysis.,botnet compromised malware malicious code logically disable network interfaces restrict access authorized communication collect network traffic evidence incident analysis monitoring IoT predicted family Mirai proposed action CAPTURE_TRAFFIC observed protocols UDP observed indicators traffic packet rate volume frequency average packet size traffic profile inter arrival time traffic timing,plan,NIST.IR.8259A.pdf; NIST.SP.800-213A.pdf; NIST.SP.800-61r3.pdf,generally_supported,"The incident-response evidence supports collecting and retaining evidence, which is broadly compatible with packet capture, but it is not explicit about capturing traffic or samples.",directly_supported,"NIST SP 800-61r3 explicitly supports collecting and retaining evidence from an incident, directly supporting capture of packets or samples.",keep,General support is sufficient for this non-disruptive action.
NOTIFY_OPERATOR,3,False,EG-O-0212,ieee-access-0089,True,"['NIST.IR.8259A-0018', 'NIST.SP.800-213A-0129', 'NIST.SP.800-61r3-0068']",original,Mirai,High-confidence alert with no device identifier warrants immediate human review and coordination for next-step containment.,botnet compromised malware malicious code logically disable network interfaces restrict access authorized communication incident notification response escalation operator IoT predicted family Mirai proposed action NOTIFY_OPERATOR observed protocols UDP observed indicators traffic packet rate volume frequency average packet size traffic profile inter arrival time traffic timing,plan,NIST.IR.8259A.pdf; NIST.SP.800-213A.pdf; NIST.SP.800-61r3.pdf,unsupported,"The excerpts describe malicious code protection education and incident communication, but not immediate human review due to high confidence and inability to remediate autonomously.",directly_supported,"NIST SP 800-61r3 RS.CO explicitly supports incident notification and coordination with stakeholders, directly supporting notifying an operator for immediate human review and next-step coordination.",remove,The independent checker found no useful support for the action.
INCREASE_LOGGING,1,False,EG-O-0213,ieee-access-0090,True,"['NIST.IR.8259A-0018', 'NIST.SP.800-213A-0129', 'NIST.SP.800-213A-0048']",original,Mirai,Increase visibility for confirmation and triage of the anomalous high-rate profile.,botnet compromised malware malicious code logically disable network interfaces restrict access authorized communication increase security event logging monitoring incident analysis IoT predicted family Mirai proposed action INCREASE_LOGGING observed protocols unspecified observed indicators traffic packet rate volume frequency average packet size traffic profile inter arrival time traffic timing,plan,NIST.IR.8259A.pdf; NIST.SP.800-213A.pdf; NIST.SP.800-213A.pdf,unsupported,"The cited passages discuss device capabilities and access restrictions, not increasing logging for triage of an anomalous profile.",unsupported,"The cited material does not discuss increasing logging or telemetry. It focuses on interface restriction and response guidance, not logging.",remove,The independent checker found no useful support for the action.
CAPTURE_TRAFFIC,2,False,EG-O-0214,ieee-access-0090,True,"['NIST.IR.8259A-0018', 'NIST.SP.800-213A-0129', 'NIST.SP.800-61r3-0067']",original,Mirai,"Collect evidence to validate the traffic pattern and determine whether it is scanning, flooding, or command-and-control related.",botnet compromised malware malicious code logically disable network interfaces restrict access authorized communication collect network traffic evidence incident analysis monitoring IoT predicted family Mirai proposed action CAPTURE_TRAFFIC observed protocols unspecified observed indicators traffic packet rate volume frequency average packet size traffic profile inter arrival time traffic timing,plan,NIST.IR.8259A.pdf; NIST.SP.800-213A.pdf; NIST.SP.800-61r3.pdf,generally_supported,"The evidence supports collecting and retaining incident evidence, which is consistent with traffic capture for validation, but it does not explicitly mention packet capture or traffic analysis.",directly_supported,"NIST SP 800-61r3 explicitly supports collecting and retaining incident evidence, directly supporting capturing traffic to validate the pattern and analyze its nature.",keep,General support is sufficient for this non-disruptive action.
NOTIFY_OPERATOR,3,False,EG-O-0215,ieee-access-0090,True,"['NIST.IR.8259A-0018', 'NIST.SP.800-213A-0129', 'NIST.SP.800-61r3-0068']",original,Mirai,Operator review is warranted because the alert is high confidence but lacks a validated device identifier.,botnet compromised malware malicious code logically disable network interfaces restrict access authorized communication incident notification response escalation operator IoT predicted family Mirai proposed action NOTIFY_OPERATOR observed protocols unspecified observed indicators traffic packet rate volume frequency average packet size traffic profile inter arrival time traffic timing,plan,NIST.IR.8259A.pdf; NIST.SP.800-213A.pdf; NIST.SP.800-61r3.pdf,unsupported,The excerpts do not support notifying an operator for a high-confidence alert lacking a validated device identifier.,directly_supported,"NIST SP 800-61r3 RS.CO explicitly supports incident notification and coordination, which directly supports notifying an operator for review.",remove,The independent checker found no useful support for the action.
RESTRICT_EGRESS,1,True,EG-O-0216,ieee-access-0091,True,"['NIST.IR.8259A-0018', 'NIST.SP.800-213A-0129', 'NIST.SP.800-213A-0048']",original,Mirai,"Limit outbound reachability from the observed flow profile to reduce potential propagation, scanning, or command-and-control activity.",botnet compromised malware malicious code logically disable network interfaces restrict access authorized communication restrict outbound communication approved destinations network access policy MUD IoT predicted family Mirai proposed action RESTRICT_EGRESS observed protocols UDP observed indicators traffic packet rate volume frequency average packet size traffic profile inter arrival time traffic timing,plan,NIST.IR.8259A.pdf; NIST.SP.800-213A.pdf; NIST.SP.800-213A.pdf,generally_supported,"The evidence supports disabling or restricting interfaces and access, which is directionally consistent with limiting outbound reachability, but it does not explicitly recommend egress restriction.",generally_supported,"NIST IR 8259A and SP 800-213A support restricting logical access to network interfaces and services, which generally supports limiting outbound reachability, but they do not explicitly specify egress restriction for propagation/scanning/C2.",remove,General evidence is insufficient for a disruptive action without human approval.
INCREASE_LOGGING,2,False,EG-O-0217,ieee-access-0091,True,"['NIST.IR.8259A-0018', 'NIST.SP.800-213A-0129', 'NIST.SP.800-213A-0048']",original,Mirai,"Collect additional telemetry to support confirmation and incident scoping, since the CSV features do not provide a validated device identifier.",botnet compromised malware malicious code logically disable network interfaces restrict access authorized communication increase security event logging monitoring incident analysis IoT predicted family Mirai proposed action INCREASE_LOGGING observed protocols UDP observed indicators traffic packet rate volume frequency average packet size traffic profile inter arrival time traffic timing,plan,NIST.IR.8259A.pdf; NIST.SP.800-213A.pdf; NIST.SP.800-213A.pdf,unsupported,"The excerpts address device access restrictions and anti-malware education, not increasing logging for confirmation and triage.",unsupported,The evidence does not mention logging or added telemetry collection. Access control and malware-response education do not justify increasing logging specifically.,remove,The independent checker found no useful support for the action.
NOTIFY_OPERATOR,3,False,EG-O-0218,ieee-access-0091,True,"['NIST.IR.8259A-0018', 'NIST.SP.800-213A-0129', 'NIST.SP.800-61r3-0068']",original,Mirai,Escalate immediately for human review because the detector confidence is high and the gateway cannot execute remediation autonomously.,botnet compromised malware malicious code logically disable network interfaces restrict access authorized communication incident notification response escalation operator IoT predicted family Mirai proposed action NOTIFY_OPERATOR observed protocols UDP observed indicators traffic packet rate volume frequency average packet size traffic profile inter arrival time traffic timing,plan,NIST.IR.8259A.pdf; NIST.SP.800-213A.pdf; NIST.SP.800-61r3.pdf,unsupported,"The excerpts mention incident communication and device capabilities, but not immediate human review because the gateway cannot execute remediation autonomously.",directly_supported,"NIST SP 800-61r3 RS.CO explicitly supports incident reporting, coordination, and notification, directly supporting notifying an operator when autonomous remediation is not being used.",remove,The independent checker found no useful support for the action.
INCREASE_LOGGING,1,False,EG-O-0219,ieee-access-0092,True,"['NIST.SP.800-213A-0129', 'NIST.IR.8259A-0018', 'NIST.SP.800-213A-0048']",original,Mirai,Capture more detail for this anomalous high-rate UDP profile to support validation and containment decisions.,botnet compromised malware malicious code logically disable network interfaces restrict access authorized communication increase security event logging monitoring incident analysis IoT predicted family Mirai proposed action INCREASE_LOGGING observed protocols TCP UDP observed indicators traffic packet rate volume frequency average packet size traffic profile inter arrival time traffic timing TCP ACK responses TCP ACK flag responses,plan,NIST.SP.800-213A.pdf; NIST.IR.8259A.pdf; NIST.SP.800-213A.pdf,unsupported,"The cited passages discuss malicious code protection and interface capabilities, not increasing logging for an anomalous UDP profile.",unsupported,The cited passages do not mention increasing logging or capturing more detail via telemetry. They concern response guidance and interface restriction instead.,remove,The independent checker found no useful support for the action.
CAPTURE_TRAFFIC,2,False,EG-O-0220,ieee-access-0092,True,"['NIST.IR.8259A-0018', 'NIST.SP.800-213A-0129', 'NIST.SP.800-61r3-0067']",original,Mirai,"Preserve packet evidence for offline analysis of payloads, destinations, and possible botnet indicators.",botnet compromised malware malicious code logically disable network interfaces restrict access authorized communication collect network traffic evidence incident analysis monitoring IoT predicted family Mirai proposed action CAPTURE_TRAFFIC observed protocols TCP UDP observed indicators traffic packet rate volume frequency average packet size traffic profile inter arrival time traffic timing TCP ACK responses TCP ACK flag responses,plan,NIST.IR.8259A.pdf; NIST.SP.800-213A.pdf; NIST.SP.800-61r3.pdf,generally_supported,"The evidence supports collecting and retaining incident data, which can include packet evidence, but it does not explicitly support capture traffic.",directly_supported,"NIST SP 800-61r3 explicitly supports collecting and retaining incident evidence, directly supporting capture of packet evidence for offline analysis.",keep,General support is sufficient for this non-disruptive action.
NOTIFY_OPERATOR,3,False,EG-O-0221,ieee-access-0092,True,"['NIST.SP.800-213A-0129', 'NIST.IR.8259A-0018', 'NIST.SP.800-213A-0048']",original,Mirai,High-confidence alert warrants immediate human review because the gateway cannot identify the device and cannot execute containment itself.,botnet compromised malware malicious code logically disable network interfaces restrict access authorized communication incident notification response escalation operator IoT predicted family Mirai proposed action NOTIFY_OPERATOR observed protocols TCP UDP observed indicators traffic packet rate volume frequency average packet size traffic profile inter arrival time traffic timing TCP ACK responses TCP ACK flag responses,plan,NIST.SP.800-213A.pdf; NIST.IR.8259A.pdf; NIST.SP.800-213A.pdf,unsupported,The excerpts do not support notifying an operator due to high confidence and lack of device identification.,generally_supported,"SP 800-213A discusses recommended responses to malicious code identification, which generally supports operator response, but the excerpts do not explicitly support notifying an operator because the gateway cannot identify the device or execute containment.",remove,The independent checker found no useful support for the action.
CAPTURE_TRAFFIC,1,False,EG-O-0222,ieee-access-0093,True,"['NIST.IR.8259A-0018', 'NIST.SP.800-213A-0129', 'RFC8520-0031']",original,Mirai,"Collects evidence to confirm whether this is Mirai-like scanning, propagation, or another abusive pattern.",botnet compromised malware malicious code logically disable network interfaces restrict access authorized communication collect network traffic evidence incident analysis monitoring IoT predicted family Mirai proposed action CAPTURE_TRAFFIC observed protocols TCP UDP HTTPS ARP observed indicators traffic packet rate volume frequency average packet size traffic profile inter arrival time traffic timing TCP SYN connection attempts TCP SYN flag connection attempts,plan,NIST.IR.8259A.pdf; NIST.SP.800-213A.pdf; RFC8520.txt,generally_supported,"The evidence supports collecting and retaining incident evidence, which is broadly aligned with traffic capture, but not explicitly traffic capture itself.",unsupported,"The evidence provided does not address evidence capture; it covers interface restrictions, malware guidance, and TCP filtering. That does not justify capturing traffic.",keep,General support is sufficient for this non-disruptive action.
NOTIFY_OPERATOR,2,False,EG-O-0223,ieee-access-0093,True,"['NIST.IR.8259A-0018', 'NIST.SP.800-213A-0129', 'RFC8520-0031']",original,Mirai,Human review is appropriate because containment may affect an unknown asset and the alert is intent-only.,botnet compromised malware malicious code logically disable network interfaces restrict access authorized communication incident notification response escalation operator IoT predicted family Mirai proposed action NOTIFY_OPERATOR observed protocols TCP UDP HTTPS ARP observed indicators traffic packet rate volume frequency average packet size traffic profile inter arrival time traffic timing TCP SYN connection attempts TCP SYN flag connection attempts,plan,NIST.IR.8259A.pdf; NIST.SP.800-213A.pdf; RFC8520.txt,unsupported,The cited material does not support notifying an operator because containment may affect an unknown asset.,generally_supported,"The cited excerpts generally support response to malicious code and network restrictions, but do not explicitly support notifying an operator because the asset is unknown or containment is intent-only.",remove,The independent checker found no useful support for the action.
CAPTURE_TRAFFIC,1,False,EG-O-0224,ieee-access-0094,True,"['NIST.IR.8259A-0018', 'NIST.SP.800-213A-0129', 'NIST.SP.800-61r3-0067']",original,Mirai,Collect packet evidence for validation and potential command-and-control or scanning indicators.,botnet compromised malware malicious code logically disable network interfaces restrict access authorized communication collect network traffic evidence incident analysis monitoring IoT predicted family Mirai proposed action CAPTURE_TRAFFIC observed protocols UDP observed indicators traffic packet rate volume frequency average packet size traffic profile inter arrival time traffic timing,plan,NIST.IR.8259A.pdf; NIST.SP.800-213A.pdf; NIST.SP.800-61r3.pdf,generally_supported,"The incident-response evidence supports collecting and retaining evidence, which is broadly consistent with packet capture, but not explicitly.",directly_supported,"NIST SP 800-61r3 explicitly supports collecting and retaining evidence from incidents, directly supporting traffic capture for validation and indicator analysis.",keep,General support is sufficient for this non-disruptive action.
INCREASE_LOGGING,2,False,EG-O-0225,ieee-access-0094,True,"['NIST.IR.8259A-0018', 'NIST.SP.800-213A-0129', 'NIST.SP.800-213A-0048']",original,Mirai,Increase telemetry to support continuous monitoring and incident characterization.,botnet compromised malware malicious code logically disable network interfaces restrict access authorized communication increase security event logging monitoring incident analysis IoT predicted family Mirai proposed action INCREASE_LOGGING observed protocols UDP observed indicators traffic packet rate volume frequency average packet size traffic profile inter arrival time traffic timing,plan,NIST.IR.8259A.pdf; NIST.SP.800-213A.pdf; NIST.SP.800-213A.pdf,unsupported,"The excerpts discuss device capabilities and access controls, not increasing logging to improve visibility.",unsupported,"None of the excerpts mention increasing logging, telemetry, or monitoring detail. They do not support the specific action.",remove,The independent checker found no useful support for the action.
NOTIFY_OPERATOR,3,False,EG-O-0226,ieee-access-0094,True,"['NIST.IR.8259A-0018', 'NIST.SP.800-213A-0129', 'NIST.SP.800-61r3-0068']",original,Mirai,Human review is warranted before stronger containment because the device identity is not established.,botnet compromised malware malicious code logically disable network interfaces restrict access authorized communication incident notification response escalation operator IoT predicted family Mirai proposed action NOTIFY_OPERATOR observed protocols UDP observed indicators traffic packet rate volume frequency average packet size traffic profile inter arrival time traffic timing,plan,NIST.IR.8259A.pdf; NIST.SP.800-213A.pdf; NIST.SP.800-61r3.pdf,unsupported,The excerpts do not support notifying an operator before stronger containment because the device identity is not established.,directly_supported,"NIST SP 800-61r3 RS.CO explicitly supports incident notification and coordination, directly supporting notifying an operator before stronger containment.",remove,The independent checker found no useful support for the action.
INCREASE_LOGGING,1,False,EG-O-0227,ieee-access-0095,True,"['NIST.IR.8259A-0018', 'NIST.SP.800-213A-0129', 'NIST.SP.800-213A-0048']",original,Mirai,Improves visibility into the suspicious profile before any disruptive control is applied.,botnet compromised malware malicious code logically disable network interfaces restrict access authorized communication increase security event logging monitoring incident analysis IoT predicted family Mirai proposed action INCREASE_LOGGING observed protocols UDP DNS observed indicators traffic packet rate volume frequency average packet size traffic profile inter arrival time traffic timing,plan,NIST.IR.8259A.pdf; NIST.SP.800-213A.pdf; NIST.SP.800-213A.pdf,unsupported,"The evidence addresses device capabilities and access restrictions, not increasing logging before control is applied.",unsupported,"The evidence is about access restrictions and malware-response guidance, not increased logging or improved visibility through telemetry.",remove,The independent checker found no useful support for the action.
CAPTURE_TRAFFIC,2,False,EG-O-0228,ieee-access-0095,True,"['NIST.IR.8259A-0018', 'NIST.SP.800-213A-0129', 'NIST.SP.800-61r3-0067']",original,Mirai,Supports confirmation of Mirai-like behavior and helps distinguish false positives from active compromise.,botnet compromised malware malicious code logically disable network interfaces restrict access authorized communication collect network traffic evidence incident analysis monitoring IoT predicted family Mirai proposed action CAPTURE_TRAFFIC observed protocols UDP DNS observed indicators traffic packet rate volume frequency average packet size traffic profile inter arrival time traffic timing,plan,NIST.IR.8259A.pdf; NIST.SP.800-213A.pdf; NIST.SP.800-61r3.pdf,generally_supported,"The evidence supports collecting and retaining incident evidence, which is broadly consistent with traffic capture for validation, but not explicit.",directly_supported,"NIST SP 800-61r3 explicitly supports collecting and retaining incident evidence, directly supporting traffic capture to confirm behavior and distinguish false positives.",keep,General support is sufficient for this non-disruptive action.
NOTIFY_OPERATOR,3,False,EG-O-0229,ieee-access-0095,True,"['NIST.IR.8259A-0018', 'NIST.SP.800-213A-0129', 'NIST.SP.800-61r3-0068']",original,Mirai,Human review is appropriate because the alert lacks a validated device identifier and containment may affect unintended assets.,botnet compromised malware malicious code logically disable network interfaces restrict access authorized communication incident notification response escalation operator IoT predicted family Mirai proposed action NOTIFY_OPERATOR observed protocols UDP DNS observed indicators traffic packet rate volume frequency average packet size traffic profile inter arrival time traffic timing,plan,NIST.IR.8259A.pdf; NIST.SP.800-213A.pdf; NIST.SP.800-61r3.pdf,unsupported,The excerpts do not support notifying an operator due to missing device identification and possible unintended containment impact.,directly_supported,"NIST SP 800-61r3 RS.CO explicitly supports incident notification and coordination among stakeholders, directly supporting operator notification for human review before affecting assets.",remove,The independent checker found no useful support for the action.
CAPTURE_TRAFFIC,1,False,EG-O-0230,ieee-access-0096,True,"['RFC8520-0031', 'ETSI.EN.303.645.V3.1.3-0035', 'RFC8576-0026']",original,DoS,Collect additional evidence before a disruptive decision.,denial of service resource exhaustion availability traffic filtering collect network traffic evidence incident analysis monitoring IoT predicted family DoS proposed action CAPTURE_TRAFFIC observed protocols TCP UDP HTTPS ARP observed indicators traffic packet rate volume frequency average packet size traffic profile inter arrival time traffic timing TCP SYN connection attempts TCP SYN flag connection attempts,escalate,RFC8520.txt; ETSI.EN.303.645.V3.1.3.pdf; RFC8576.txt,unsupported,The evidence does not support traffic capture; it concerns authentication throttling and packet dropping rules rather than burst analysis.,unsupported,"The cited excerpts do not support capturing traffic to collect evidence; they concern TCP direction rules, authentication-attempt throttling, and routing.",remove,The independent checker found no useful support for the action.
NOTIFY_OPERATOR,2,False,EG-O-0231,ieee-access-0096,True,"['RFC8520-0031', 'ETSI.EN.303.645.V3.1.3-0035', 'RFC8576-0026']",original,DoS,Detector confidence is below the validated threshold.,denial of service resource exhaustion availability traffic filtering incident notification response escalation operator IoT predicted family DoS proposed action NOTIFY_OPERATOR observed protocols TCP UDP HTTPS ARP observed indicators traffic packet rate volume frequency average packet size traffic profile inter arrival time traffic timing TCP SYN connection attempts TCP SYN flag connection attempts,escalate,RFC8520.txt; ETSI.EN.303.645.V3.1.3.pdf; RFC8576.txt,unsupported,The excerpts do not support notifying an operator because detector confidence is below threshold.,unsupported,No excerpt supports operator notification; the evidence is unrelated to reporting or escalation.,remove,The independent checker found no useful support for the action.
CAPTURE_TRAFFIC,1,False,EG-O-0232,ieee-access-0097,True,"['RFC8576-0026', 'RFC8576-0067', 'RFC8576-0019']",original,DDoS,Collect additional evidence before a disruptive decision.,distributed denial of service flooding resource exhaustion availability filtering network traffic collect network traffic evidence incident analysis monitoring IoT predicted family DDoS proposed action CAPTURE_TRAFFIC observed protocols TCP UDP ICMP HTTP HTTPS DNS ARP observed indicators traffic packet rate volume frequency average packet size traffic profile inter arrival time traffic timing TCP ACK responses TCP ACK flag responses,escalate,RFC8576.txt; RFC8576.txt; RFC8576.txt,unsupported,The excerpts do not support capture traffic for attack confirmation in this case.,unsupported,"The excerpts discuss routing, privacy, and routing attacks, but do not recommend traffic capture or evidence preservation for DDoS investigation.",remove,The independent checker found no useful support for the action.
NOTIFY_OPERATOR,2,False,EG-O-0233,ieee-access-0097,True,"['RFC8576-0026', 'ETSI.EN.303.645.V3.1.3-0026', 'NIST.SP.800-61r3-0062']",original,DDoS,Detector confidence is below the validated threshold.,distributed denial of service flooding resource exhaustion availability filtering network traffic incident notification response escalation operator IoT predicted family DDoS proposed action NOTIFY_OPERATOR observed protocols TCP UDP ICMP HTTP HTTPS DNS ARP observed indicators traffic packet rate volume frequency average packet size traffic profile inter arrival time traffic timing TCP ACK responses TCP ACK flag responses,escalate,RFC8576.txt; ETSI.EN.303.645.V3.1.3.pdf; NIST.SP.800-61r3.pdf,generally_supported,"NIST incident-response guidance supports reporting and tracking incidents, which is compatible with notifying an operator, but not the specific low-threshold rationale.",generally_supported,"NIST incident-response guidance generally supports reporting incidents, which broadly supports notifying an operator. The other excerpts are irrelevant, and none specifically justify notification because confidence is below threshold.",keep,General support is sufficient for this non-disruptive action.
CAPTURE_TRAFFIC,1,False,EG-O-0234,ieee-access-0098,True,"['RFC8520-0031', 'ETSI.EN.303.645.V3.1.3-0035', 'RFC8576-0026']",original,DDoS,Collect additional evidence before a disruptive decision.,distributed denial of service flooding resource exhaustion availability filtering network traffic collect network traffic evidence incident analysis monitoring IoT predicted family DDoS proposed action CAPTURE_TRAFFIC observed protocols TCP UDP HTTPS DNS observed indicators traffic packet rate volume frequency average packet size traffic profile inter arrival time traffic timing TCP SYN connection attempts TCP SYN flag connection attempts,escalate,RFC8520.txt; ETSI.EN.303.645.V3.1.3.pdf; RFC8576.txt,unsupported,The cited excerpts do not support capturing traffic before a disruptive decision.,unsupported,None of the excerpts support capturing traffic or collecting packet evidence prior to a disruptive decision.,remove,The independent checker found no useful support for the action.
NOTIFY_OPERATOR,2,False,EG-O-0235,ieee-access-0098,True,"['RFC8520-0031', 'ETSI.EN.303.645.V3.1.3-0035', 'RFC8576-0026']",original,DDoS,Detector confidence is below the validated threshold.,distributed denial of service flooding resource exhaustion availability filtering network traffic incident notification response escalation operator IoT predicted family DDoS proposed action NOTIFY_OPERATOR observed protocols TCP UDP HTTPS DNS observed indicators traffic packet rate volume frequency average packet size traffic profile inter arrival time traffic timing TCP SYN connection attempts TCP SYN flag connection attempts,escalate,RFC8520.txt; ETSI.EN.303.645.V3.1.3.pdf; RFC8576.txt,generally_supported,"The incident-response excerpt supports operator reporting and coordination, but not the specific low-confidence rationale.",unsupported,"The cited text does not support notifying an operator; it addresses TCP filtering, authentication throttling, and routing instead.",keep,General support is sufficient for this non-disruptive action.
CAPTURE_TRAFFIC,1,False,EG-O-0236,ieee-access-0099,True,"['RFC8520-0031', 'ETSI.EN.303.645.V3.1.3-0035', 'RFC8576-0026']",original,DoS,Collect additional evidence before a disruptive decision.,denial of service resource exhaustion availability traffic filtering collect network traffic evidence incident analysis monitoring IoT predicted family DoS proposed action CAPTURE_TRAFFIC observed protocols TCP UDP ICMP HTTPS DNS ARP observed indicators traffic packet rate volume frequency average packet size traffic profile inter arrival time traffic timing TCP SYN connection attempts TCP SYN flag connection attempts,escalate,RFC8520.txt; ETSI.EN.303.645.V3.1.3.pdf; RFC8576.txt,unsupported,The cited passages do not support traffic capture for a DoS case.,unsupported,The cited excerpts do not support traffic capture or evidence preservation.,remove,The independent checker found no useful support for the action.
NOTIFY_OPERATOR,2,False,EG-O-0237,ieee-access-0099,True,"['RFC8520-0031', 'ETSI.EN.303.645.V3.1.3-0035', 'RFC8576-0026']",original,DoS,Detector confidence is below the validated threshold.,denial of service resource exhaustion availability traffic filtering incident notification response escalation operator IoT predicted family DoS proposed action NOTIFY_OPERATOR observed protocols TCP UDP ICMP HTTPS DNS ARP observed indicators traffic packet rate volume frequency average packet size traffic profile inter arrival time traffic timing TCP SYN connection attempts TCP SYN flag connection attempts,escalate,RFC8520.txt; ETSI.EN.303.645.V3.1.3.pdf; RFC8576.txt,unsupported,The excerpts do not support notifying an operator due to confidence below threshold.,unsupported,Nothing cited supports notifying an operator; the excerpts are unrelated to incident reporting.,remove,The independent checker found no useful support for the action.
CAPTURE_TRAFFIC,1,False,EG-O-0238,ieee-access-0100,True,"['RFC8576-0026', 'RFC8576-0067', 'RFC8576-0019']",original,DDoS,Collect additional evidence before a disruptive decision.,distributed denial of service flooding resource exhaustion availability filtering network traffic collect network traffic evidence incident analysis monitoring IoT predicted family DDoS proposed action CAPTURE_TRAFFIC observed protocols TCP UDP HTTPS DNS observed indicators traffic packet rate volume frequency average packet size traffic profile inter arrival time traffic timing TCP ACK responses TCP ACK flag responses,escalate,RFC8576.txt; RFC8576.txt; RFC8576.txt,unsupported,The excerpts do not support collecting packet evidence as described.,unsupported,"The excerpts do not mention traffic capture, evidence collection, or preserving packets for analysis.",remove,The independent checker found no useful support for the action.
NOTIFY_OPERATOR,2,False,EG-O-0239,ieee-access-0100,True,"['RFC8576-0026', 'NIST.SP.800-61r3-0062', 'RFC8576-0041']",original,DDoS,Detector confidence is below the validated threshold.,distributed denial of service flooding resource exhaustion availability filtering network traffic incident notification response escalation operator IoT predicted family DDoS proposed action NOTIFY_OPERATOR observed protocols TCP UDP HTTPS DNS observed indicators traffic packet rate volume frequency average packet size traffic profile inter arrival time traffic timing TCP ACK responses TCP ACK flag responses,escalate,RFC8576.txt; NIST.SP.800-61r3.pdf; RFC8576.txt,generally_supported,"NIST incident-response guidance supports notifying an operator and tracking incidents, but not the precise rationale given.",generally_supported,NIST guidance that confirmed incidents should be automatically reported generally supports incident notification. It does not specifically support notifying an operator because confidence is below threshold.,keep,General support is sufficient for this non-disruptive action.
CAPTURE_TRAFFIC,1,False,EG-O-0240,ieee-access-0101,True,"['NIST.SP.800-61r3-0055', 'RFC8520-0031', 'NIST.SP.800-61r3-0067']",original,Recon,Collect additional evidence before a disruptive decision.,reconnaissance scanning probing unauthorized activity continuous monitoring logging collect network traffic evidence incident analysis monitoring IoT predicted family Recon proposed action CAPTURE_TRAFFIC observed protocols TCP HTTP HTTPS observed indicators traffic packet rate volume frequency average packet size traffic profile inter arrival time traffic timing TCP SYN connection attempts TCP SYN flag connection attempts,escalate,NIST.SP.800-61r3.pdf; RFC8520.txt; NIST.SP.800-61r3.pdf,generally_supported,"The excerpts support monitoring and evidence collection, but they do not directly support the concrete action of capturing traffic before a disruptive decision.",generally_supported,"The excerpts support continuous monitoring and collection/retention of incident evidence, but they do not explicitly support capturing traffic as the concrete evidence-gathering action.",keep,General support is sufficient for this non-disruptive action.
NOTIFY_OPERATOR,2,False,EG-O-0241,ieee-access-0101,True,"['NIST.SP.800-61r3-0055', 'RFC8520-0031', 'NIST.SP.800-61r3-0068']",original,Recon,Detector confidence is below the validated threshold.,reconnaissance scanning probing unauthorized activity continuous monitoring logging incident notification response escalation operator IoT predicted family Recon proposed action NOTIFY_OPERATOR observed protocols TCP HTTP HTTPS observed indicators traffic packet rate volume frequency average packet size traffic profile inter arrival time traffic timing TCP SYN connection attempts TCP SYN flag connection attempts,escalate,NIST.SP.800-61r3.pdf; RFC8520.txt; NIST.SP.800-61r3.pdf,generally_supported,"The evidence supports monitoring and incident notification/coordination, but it does not justify the threshold-based notify-operator rationale.",generally_supported,"The cited response communication material supports notification/reporting of incidents, which generally supports notifying an operator, but not specifically due to low detector confidence.",keep,General support is sufficient for this non-disruptive action.
CAPTURE_TRAFFIC,1,False,EG-O-0242,ieee-access-0102,True,"['NIST.SP.800-61r3-0055', 'RFC8520-0031', 'NIST.SP.800-61r3-0067']",original,Recon,Collect additional evidence before a disruptive decision.,reconnaissance scanning probing unauthorized activity continuous monitoring logging collect network traffic evidence incident analysis monitoring IoT predicted family Recon proposed action CAPTURE_TRAFFIC observed protocols TCP UDP HTTP HTTPS DNS observed indicators traffic packet rate volume frequency average packet size traffic profile inter arrival time traffic timing TCP SYN connection attempts TCP SYN flag connection attempts,escalate,NIST.SP.800-61r3.pdf; RFC8520.txt; NIST.SP.800-61r3.pdf,generally_supported,"The excerpts support monitoring and evidence preservation, which aligns with collecting evidence, but they do not directly support traffic capture as the specific action.",generally_supported,"The evidence supports monitoring and evidence collection in general, but does not explicitly support packet capture/traffic capture as the means.",keep,General support is sufficient for this non-disruptive action.
NOTIFY_OPERATOR,2,False,EG-O-0243,ieee-access-0102,True,"['NIST.SP.800-61r3-0055', 'RFC8520-0031', 'NIST.SP.800-61r3-0068']",original,Recon,Detector confidence is below the validated threshold.,reconnaissance scanning probing unauthorized activity continuous monitoring logging incident notification response escalation operator IoT predicted family Recon proposed action NOTIFY_OPERATOR observed protocols TCP UDP HTTP HTTPS DNS observed indicators traffic packet rate volume frequency average packet size traffic profile inter arrival time traffic timing TCP SYN connection attempts TCP SYN flag connection attempts,escalate,NIST.SP.800-61r3.pdf; RFC8520.txt; NIST.SP.800-61r3.pdf,generally_supported,"The evidence supports monitoring and incident communication, which is compatible with operator review, but it does not specifically support notifying the operator because confidence is below threshold.",generally_supported,"The excerpts generally support incident notification/reporting, but do not specifically justify operator notification because detector confidence is below a threshold.",keep,General support is sufficient for this non-disruptive action.
CAPTURE_TRAFFIC,1,False,EG-O-0244,ieee-access-0103,True,"['NIST.SP.800-61r3-0055', 'RFC8520-0031', 'NIST.SP.800-61r3-0067']",original,Recon,Collect additional evidence before a disruptive decision.,reconnaissance scanning probing unauthorized activity continuous monitoring logging collect network traffic evidence incident analysis monitoring IoT predicted family Recon proposed action CAPTURE_TRAFFIC observed protocols TCP UDP HTTP HTTPS observed indicators traffic packet rate volume frequency average packet size traffic profile inter arrival time traffic timing TCP SYN connection attempts TCP SYN flag connection attempts,escalate,NIST.SP.800-61r3.pdf; RFC8520.txt; NIST.SP.800-61r3.pdf,generally_supported,"The excerpts support continuous monitoring and evidence preservation, but they do not explicitly justify packet capture as the recommended action.",generally_supported,"The evidence supports collecting and retaining incident evidence and monitoring, but not specifically capturing traffic as the action.",keep,General support is sufficient for this non-disruptive action.
NOTIFY_OPERATOR,2,False,EG-O-0245,ieee-access-0103,True,"['NIST.SP.800-61r3-0055', 'RFC8520-0031', 'NIST.SP.800-61r3-0068']",original,Recon,Detector confidence is below the validated threshold.,reconnaissance scanning probing unauthorized activity continuous monitoring logging incident notification response escalation operator IoT predicted family Recon proposed action NOTIFY_OPERATOR observed protocols TCP UDP HTTP HTTPS observed indicators traffic packet rate volume frequency average packet size traffic profile inter arrival time traffic timing TCP SYN connection attempts TCP SYN flag connection attempts,escalate,NIST.SP.800-61r3.pdf; RFC8520.txt; NIST.SP.800-61r3.pdf,generally_supported,"The evidence supports monitoring and incident communication, which is broadly compatible with notifying an operator, but it does not specifically support the low-confidence threshold rationale.",generally_supported,"The response communication excerpt generally supports notifying stakeholders about incidents, but not specifically operator notification triggered by below-threshold confidence.",keep,General support is sufficient for this non-disruptive action.
CAPTURE_TRAFFIC,1,False,EG-O-0246,ieee-access-0104,True,"['NIST.SP.800-61r3-0055', 'RFC8520-0031', 'NIST.SP.800-61r3-0067']",original,Recon,Collect additional evidence before a disruptive decision.,reconnaissance scanning probing unauthorized activity continuous monitoring logging collect network traffic evidence incident analysis monitoring IoT predicted family Recon proposed action CAPTURE_TRAFFIC observed protocols TCP UDP ICMP HTTP HTTPS DNS observed indicators traffic packet rate volume frequency average packet size traffic profile inter arrival time traffic timing TCP SYN connection attempts TCP SYN flag connection attempts,escalate,NIST.SP.800-61r3.pdf; RFC8520.txt; NIST.SP.800-61r3.pdf,generally_supported,"The excerpts support monitoring and evidence retention, which is consistent with capturing traffic, but they do not directly justify the specific packet-capture action.",generally_supported,"The excerpts support collecting/retaining incident evidence and monitoring, which generally supports gathering more evidence, but not specifically traffic capture.",keep,General support is sufficient for this non-disruptive action.
NOTIFY_OPERATOR,2,False,EG-O-0247,ieee-access-0104,True,"['NIST.SP.800-61r3-0055', 'RFC8520-0031', 'NIST.SP.800-61r3-0068']",original,Recon,Detector confidence is below the validated threshold.,reconnaissance scanning probing unauthorized activity continuous monitoring logging incident notification response escalation operator IoT predicted family Recon proposed action NOTIFY_OPERATOR observed protocols TCP UDP ICMP HTTP HTTPS DNS observed indicators traffic packet rate volume frequency average packet size traffic profile inter arrival time traffic timing TCP SYN connection attempts TCP SYN flag connection attempts,escalate,NIST.SP.800-61r3.pdf; RFC8520.txt; NIST.SP.800-61r3.pdf,generally_supported,"The evidence supports monitoring and incident communication, which is compatible with operator notification, but it does not specifically support notifying the operator due to missing validated identity.",generally_supported,"The cited NIST communication material generally supports incident notification/coordination, but does not explicitly support notifying an operator due to low detector confidence.",keep,General support is sufficient for this non-disruptive action.
CAPTURE_TRAFFIC,1,False,EG-O-0248,ieee-access-0105,True,"['NIST.SP.800-61r3-0055', 'RFC8520-0031', 'NIST.SP.800-61r3-0067']",original,Recon,Collect additional evidence before a disruptive decision.,reconnaissance scanning probing unauthorized activity continuous monitoring logging collect network traffic evidence incident analysis monitoring IoT predicted family Recon proposed action CAPTURE_TRAFFIC observed protocols TCP UDP HTTP HTTPS observed indicators traffic packet rate volume frequency average packet size traffic profile inter arrival time traffic timing TCP SYN connection attempts TCP SYN flag connection attempts,escalate,NIST.SP.800-61r3.pdf; RFC8520.txt; NIST.SP.800-61r3.pdf,generally_supported,"The excerpts support monitoring and evidence preservation, but they do not explicitly support traffic capture as the concrete response.",generally_supported,"The evidence supports monitoring and incident evidence retention, but not the specific mechanism of capturing traffic.",keep,General support is sufficient for this non-disruptive action.
NOTIFY_OPERATOR,2,False,EG-O-0249,ieee-access-0105,True,"['NIST.SP.800-61r3-0055', 'RFC8520-0031', 'NIST.SP.800-61r3-0068']",original,Recon,Detector confidence is below the validated threshold.,reconnaissance scanning probing unauthorized activity continuous monitoring logging incident notification response escalation operator IoT predicted family Recon proposed action NOTIFY_OPERATOR observed protocols TCP UDP HTTP HTTPS observed indicators traffic packet rate volume frequency average packet size traffic profile inter arrival time traffic timing TCP SYN connection attempts TCP SYN flag connection attempts,escalate,NIST.SP.800-61r3.pdf; RFC8520.txt; NIST.SP.800-61r3.pdf,generally_supported,"The evidence supports monitoring and incident communication, which is broadly compatible with operator notification, but it does not specifically justify the low-confidence rationale.",generally_supported,"The excerpts generally support incident reporting/notification, but do not specifically support notifying an operator because confidence is below a validated threshold.",keep,General support is sufficient for this non-disruptive action.
INCREASE_LOGGING,1,False,EG-O-0250,ieee-access-0106,True,"['NIST.SP.800-61r3-0055', 'NIST.SP.800-213A-0053', 'NIST.SP.800-61r3-0062']",original,Recon,Increase visibility on this flow profile to preserve evidence and confirm whether probing expands or repeats.,reconnaissance scanning probing unauthorized activity continuous monitoring logging increase security event logging monitoring incident analysis IoT predicted family Recon proposed action INCREASE_LOGGING observed protocols TCP observed indicators traffic packet rate volume frequency average packet size traffic profile inter arrival time traffic timing TCP ACK responses TCP ACK flag responses,plan,NIST.SP.800-61r3.pdf; NIST.SP.800-213A.pdf; NIST.SP.800-61r3.pdf,generally_supported,"The excerpts support continuous monitoring and event identification, but they do not directly support increasing logging as the recommended action.",generally_supported,"The cited material supports continuous monitoring, event identification/monitoring, and incident tracking, which generally supports improving visibility and preserving evidence, but not explicitly increasing logging.",keep,General support is sufficient for this non-disruptive action.
CAPTURE_TRAFFIC,2,False,EG-O-0251,ieee-access-0106,True,"['NIST.SP.800-61r3-0055', 'NIST.SP.800-61r3-0067', 'RFC8576-0067']",original,Recon,Capture representative traffic for offline review because the observed pattern suggests reconnaissance and the device identity is not validated.,reconnaissance scanning probing unauthorized activity continuous monitoring logging collect network traffic evidence incident analysis monitoring IoT predicted family Recon proposed action CAPTURE_TRAFFIC observed protocols TCP observed indicators traffic packet rate volume frequency average packet size traffic profile inter arrival time traffic timing TCP ACK responses TCP ACK flag responses,plan,NIST.SP.800-61r3.pdf; NIST.SP.800-61r3.pdf; RFC8576.txt,generally_supported,"The evidence supports monitoring and evidence preservation, which aligns with capturing traffic, but it does not explicitly recommend traffic capture.",generally_supported,"The excerpts support continuous monitoring and collecting/retaining incident evidence, which generally supports gathering representative traffic evidence, but do not explicitly support traffic capture itself.",keep,General support is sufficient for this non-disruptive action.
NOTIFY_OPERATOR,3,False,EG-O-0252,ieee-access-0106,True,"['NIST.SP.800-61r3-0055', 'NIST.SP.800-61r3-0068', 'NIST.SP.800-61r3-0062']",original,Recon,Human review is appropriate because mitigation is intent-only and identity is unavailable.,reconnaissance scanning probing unauthorized activity continuous monitoring logging incident notification response escalation operator IoT predicted family Recon proposed action NOTIFY_OPERATOR observed protocols TCP observed indicators traffic packet rate volume frequency average packet size traffic profile inter arrival time traffic timing TCP ACK responses TCP ACK flag responses,plan,NIST.SP.800-61r3.pdf; NIST.SP.800-61r3.pdf; NIST.SP.800-61r3.pdf,generally_supported,"The excerpts support incident reporting/communication and status tracking, which is compatible with human review, but they do not specifically support notifying an operator for intent-only mitigation.",generally_supported,"The NIST excerpts support incident reporting/communication and automatic reporting by detection technologies, which generally supports notifying an operator, but not specifically for intent-only mitigation and unavailable identity.",keep,General support is sufficient for this non-disruptive action.
INCREASE_LOGGING,1,False,EG-O-0253,ieee-access-0107,True,"['NIST.SP.800-61r3-0055', 'RFC8520-0031', 'NIST.SP.800-213A-0053']",original,Recon,Improves evidence capture for a high-confidence recon pattern and supports later attribution without assuming a validated device identifier.,reconnaissance scanning probing unauthorized activity continuous monitoring logging increase security event logging monitoring incident analysis IoT predicted family Recon proposed action INCREASE_LOGGING observed protocols TCP observed indicators traffic packet rate volume frequency average packet size traffic profile inter arrival time traffic timing TCP SYN connection attempts TCP SYN flag connection attempts,plan,NIST.SP.800-61r3.pdf; RFC8520.txt; NIST.SP.800-213A.pdf,generally_supported,"The evidence supports continuous monitoring and event identification, but it does not explicitly support increasing logging as the action.",generally_supported,"The evidence supports event identification, monitoring, and continuous monitoring, which generally supports improving evidence capture, but not specifically increasing logging.",keep,General support is sufficient for this non-disruptive action.
CAPTURE_TRAFFIC,2,False,EG-O-0254,ieee-access-0107,True,"['NIST.SP.800-61r3-0055', 'RFC8520-0031', 'NIST.SP.800-61r3-0067']",original,Recon,"Provides packet-level context to confirm whether the observed TCP activity is probing, scanning, or benign troubleshooting.",reconnaissance scanning probing unauthorized activity continuous monitoring logging collect network traffic evidence incident analysis monitoring IoT predicted family Recon proposed action CAPTURE_TRAFFIC observed protocols TCP observed indicators traffic packet rate volume frequency average packet size traffic profile inter arrival time traffic timing TCP SYN connection attempts TCP SYN flag connection attempts,plan,NIST.SP.800-61r3.pdf; RFC8520.txt; NIST.SP.800-61r3.pdf,generally_supported,"The excerpts support continuous monitoring and evidence collection, which is compatible with traffic capture, but they do not directly justify the specific packet-level capture action.",generally_supported,"The excerpts support monitoring and collecting/retaining incident evidence, but do not explicitly direct packet capture as the mechanism to obtain packet-level context.",keep,General support is sufficient for this non-disruptive action.
NOTIFY_OPERATOR,3,False,EG-O-0255,ieee-access-0107,True,"['NIST.SP.800-61r3-0055', 'RFC8520-0031', 'NIST.SP.800-61r3-0068']",original,Recon,Operator awareness is appropriate for a likely reconnaissance event and for deciding any further containment.,reconnaissance scanning probing unauthorized activity continuous monitoring logging incident notification response escalation operator IoT predicted family Recon proposed action NOTIFY_OPERATOR observed protocols TCP observed indicators traffic packet rate volume frequency average packet size traffic profile inter arrival time traffic timing TCP SYN connection attempts TCP SYN flag connection attempts,plan,NIST.SP.800-61r3.pdf; RFC8520.txt; NIST.SP.800-61r3.pdf,generally_supported,"The evidence supports monitoring and incident communication, which is broadly consistent with operator awareness, but it does not explicitly support notifying the operator for a likely reconnaissance event.",generally_supported,"The communication excerpt generally supports notifying stakeholders/operators about incidents, but not specifically for operator awareness to decide further containment.",keep,General support is sufficient for this non-disruptive action.
CAPTURE_TRAFFIC,1,False,EG-O-0256,ieee-access-0108,True,"['NIST.SP.800-61r3-0055', 'RFC8520-0031', 'NIST.SP.800-61r3-0067']",original,Recon,"Collect packet-level evidence to confirm whether the activity is scanning, misconfiguration, or benign but anomalous access attempts.",reconnaissance scanning probing unauthorized activity continuous monitoring logging collect network traffic evidence incident analysis monitoring IoT predicted family Recon proposed action CAPTURE_TRAFFIC observed protocols TCP observed indicators traffic packet rate volume frequency average packet size traffic profile inter arrival time traffic timing TCP SYN connection attempts TCP SYN flag connection attempts,plan,NIST.SP.800-61r3.pdf; RFC8520.txt; NIST.SP.800-61r3.pdf,generally_supported,"The excerpts support monitoring and evidence preservation, which fits packet capture, but they do not directly support the specific action.",generally_supported,"The evidence supports monitoring and evidence retention, which generally supports evidence gathering, but not explicitly capturing traffic as the concrete action.",keep,General support is sufficient for this non-disruptive action.
NOTIFY_OPERATOR,2,False,EG-O-0257,ieee-access-0108,True,"['NIST.SP.800-61r3-0055', 'RFC8520-0031', 'NIST.SP.800-61r3-0068']",original,Recon,Human review is appropriate because the alert is high confidence but device identity is unavailable and the output is mitigation intent only.,reconnaissance scanning probing unauthorized activity continuous monitoring logging incident notification response escalation operator IoT predicted family Recon proposed action NOTIFY_OPERATOR observed protocols TCP observed indicators traffic packet rate volume frequency average packet size traffic profile inter arrival time traffic timing TCP SYN connection attempts TCP SYN flag connection attempts,plan,NIST.SP.800-61r3.pdf; RFC8520.txt; NIST.SP.800-61r3.pdf,generally_supported,"The evidence supports monitoring and incident communication, which is compatible with operator review, but it does not specifically justify notification based on high confidence and unavailable identity.",generally_supported,"The cited response communication text generally supports notifying appropriate stakeholders/operators, but does not specifically support this rationale about unavailable identity and intent-only mitigation.",keep,General support is sufficient for this non-disruptive action.
CAPTURE_TRAFFIC,1,False,EG-O-0258,ieee-access-0109,True,"['NIST.SP.800-61r3-0055', 'RFC8520-0031', 'NIST.SP.800-61r3-0067']",original,Recon,Preserve packet evidence for confirming probe behavior and distinguishing benign connection retries from scanning.,reconnaissance scanning probing unauthorized activity continuous monitoring logging collect network traffic evidence incident analysis monitoring IoT predicted family Recon proposed action CAPTURE_TRAFFIC observed protocols TCP observed indicators traffic packet rate volume frequency average packet size traffic profile inter arrival time traffic timing TCP SYN connection attempts TCP SYN flag connection attempts,plan,NIST.SP.800-61r3.pdf; RFC8520.txt; NIST.SP.800-61r3.pdf,generally_supported,"The excerpts support monitoring and evidence preservation, which aligns with preserving packet evidence, but they do not directly support capture traffic.",generally_supported,"The excerpts support continuous monitoring and collecting incident evidence, but not specifically packet capture as the chosen method.",keep,General support is sufficient for this non-disruptive action.
INCREASE_LOGGING,2,False,EG-O-0259,ieee-access-0109,True,"['NIST.SP.800-61r3-0055', 'RFC8520-0031', 'NIST.SP.800-213A-0053']",original,Recon,Improve forensic detail around repeated SYN/RST patterns and rate characteristics.,reconnaissance scanning probing unauthorized activity continuous monitoring logging increase security event logging monitoring incident analysis IoT predicted family Recon proposed action INCREASE_LOGGING observed protocols TCP observed indicators traffic packet rate volume frequency average packet size traffic profile inter arrival time traffic timing TCP SYN connection attempts TCP SYN flag connection attempts,plan,NIST.SP.800-61r3.pdf; RFC8520.txt; NIST.SP.800-213A.pdf,generally_supported,"The evidence supports continuous monitoring and event identification, but it does not explicitly support increasing logging for SYN/RST patterns.",generally_supported,"The evidence supports monitoring and event identification for adverse events, which generally aligns with improving forensic detail, but does not explicitly support increasing logging.",keep,General support is sufficient for this non-disruptive action.
NOTIFY_OPERATOR,3,False,EG-O-0260,ieee-access-0109,True,"['NIST.SP.800-61r3-0055', 'RFC8520-0031', 'NIST.SP.800-61r3-0068']",original,Recon,Human review is appropriate because no validated device identifier is available and mitigation should remain intent-only.,reconnaissance scanning probing unauthorized activity continuous monitoring logging incident notification response escalation operator IoT predicted family Recon proposed action NOTIFY_OPERATOR observed protocols TCP observed indicators traffic packet rate volume frequency average packet size traffic profile inter arrival time traffic timing TCP SYN connection attempts TCP SYN flag connection attempts,plan,NIST.SP.800-61r3.pdf; RFC8520.txt; NIST.SP.800-61r3.pdf,generally_supported,"The excerpts support monitoring and incident communication, which is consistent with operator notification, but they do not specifically support the no-validated-identifier rationale.",generally_supported,"The excerpts generally support incident notification/reporting to stakeholders, but not specifically operator notification because no validated device identifier is available.",keep,General support is sufficient for this non-disruptive action.
INCREASE_LOGGING,1,False,EG-O-0261,ieee-access-0110,True,"['NIST.SP.800-61r3-0055', 'RFC8520-0031', 'NIST.SP.800-213A-0053']",original,Recon,Improves evidence collection for suspected recon without immediate disruption.,reconnaissance scanning probing unauthorized activity continuous monitoring logging increase security event logging monitoring incident analysis IoT predicted family Recon proposed action INCREASE_LOGGING observed protocols TCP UDP HTTP HTTPS observed indicators traffic packet rate volume frequency average packet size traffic profile inter arrival time traffic timing TCP SYN connection attempts TCP SYN flag connection attempts,plan,NIST.SP.800-61r3.pdf; RFC8520.txt; NIST.SP.800-213A.pdf,generally_supported,"The evidence supports continuous monitoring and event identification, but it does not directly support increasing logging as the action.",generally_supported,"The cited material supports continuous monitoring and event identification/monitoring, which generally supports improving evidence collection, but it does not explicitly call for increasing logging.",keep,General support is sufficient for this non-disruptive action.
CAPTURE_TRAFFIC,2,False,EG-O-0262,ieee-access-0110,True,"['NIST.SP.800-61r3-0055', 'RFC8520-0031', 'NIST.SP.800-61r3-0067']",original,Recon,Supports offline verification of probing patterns and helps confirm whether activity is benign scanning or malicious reconnaissance.,reconnaissance scanning probing unauthorized activity continuous monitoring logging collect network traffic evidence incident analysis monitoring IoT predicted family Recon proposed action CAPTURE_TRAFFIC observed protocols TCP UDP HTTP HTTPS observed indicators traffic packet rate volume frequency average packet size traffic profile inter arrival time traffic timing TCP SYN connection attempts TCP SYN flag connection attempts,plan,NIST.SP.800-61r3.pdf; RFC8520.txt; NIST.SP.800-61r3.pdf,generally_supported,"The excerpts support monitoring and evidence preservation, which is compatible with traffic capture, but they do not explicitly support the action.",generally_supported,"The excerpts support monitoring and collecting/retaining incident evidence, which generally supports offline verification, but not explicitly traffic capture as the mechanism.",keep,General support is sufficient for this non-disruptive action.
NOTIFY_OPERATOR,3,False,EG-O-0263,ieee-access-0110,True,"['NIST.SP.800-61r3-0055', 'RFC8520-0031', 'NIST.SP.800-61r3-0068']",original,Recon,Operator review is appropriate given uncertainty and the inability to execute containment directly.,reconnaissance scanning probing unauthorized activity continuous monitoring logging incident notification response escalation operator IoT predicted family Recon proposed action NOTIFY_OPERATOR observed protocols TCP UDP HTTP HTTPS observed indicators traffic packet rate volume frequency average packet size traffic profile inter arrival time traffic timing TCP SYN connection attempts TCP SYN flag connection attempts,plan,NIST.SP.800-61r3.pdf; RFC8520.txt; NIST.SP.800-61r3.pdf,generally_supported,"The evidence supports monitoring and incident communication, which is broadly compatible with operator review, but it does not specifically support notifying the operator because containment cannot be executed directly.",generally_supported,"The response communication excerpt generally supports notification and coordination with stakeholders, which supports operator review, but not specifically because direct containment cannot be executed.",keep,General support is sufficient for this non-disruptive action.
CAPTURE_TRAFFIC,1,False,EG-O-0264,ieee-access-0111,True,"['NIST.SP.800-61r3-0055', 'NIST.SP.800-213A-0053', 'NIST.SP.800-61r3-0067']",original,Benign,Collect additional evidence before a disruptive decision.,normal activity continuous monitoring avoid unnecessary disruption cybersecurity state logging collect network traffic evidence incident analysis monitoring IoT predicted family Benign proposed action CAPTURE_TRAFFIC observed protocols TCP UDP HTTPS DNS observed indicators traffic packet rate volume frequency average packet size traffic profile inter arrival time traffic timing TCP ACK responses TCP ACK flag responses,escalate,NIST.SP.800-61r3.pdf; NIST.SP.800-213A.pdf; NIST.SP.800-61r3.pdf,generally_supported,"The evidence supports continuous monitoring and evidence preservation, but does not explicitly support capturing traffic.",generally_supported,"The evidence supports monitoring and collecting/retaining evidence, but not the specific mechanism of capturing traffic.",keep,General support is sufficient for this non-disruptive action.
NOTIFY_OPERATOR,2,False,EG-O-0265,ieee-access-0111,True,"['NIST.SP.800-61r3-0055', 'NIST.IR.8259A-0022', 'NIST.SP.800-61r3-0068']",original,Benign,Detector confidence is below the validated threshold.,normal activity continuous monitoring avoid unnecessary disruption cybersecurity state logging incident notification response escalation operator IoT predicted family Benign proposed action NOTIFY_OPERATOR observed protocols TCP UDP HTTPS DNS observed indicators traffic packet rate volume frequency average packet size traffic profile inter arrival time traffic timing TCP ACK responses TCP ACK flag responses,escalate,NIST.SP.800-61r3.pdf; NIST.IR.8259A.pdf; NIST.SP.800-61r3.pdf,unsupported,"The excerpts support monitoring and incident reporting, but not notifying the operator because of low confidence.",generally_supported,"The excerpts generally support notification/reporting and device state reporting, though not the specific low-confidence-based operator notification.",remove,The independent checker found no useful support for the action.
CAPTURE_TRAFFIC,1,False,EG-O-0266,ieee-access-0112,True,"['NIST.SP.800-61r3-0055', 'NIST.SP.800-213A-0053', 'NIST.SP.800-61r3-0067']",original,Benign,Collect additional evidence before a disruptive decision.,normal activity continuous monitoring avoid unnecessary disruption cybersecurity state logging collect network traffic evidence incident analysis monitoring IoT predicted family Benign proposed action CAPTURE_TRAFFIC observed protocols TCP UDP HTTPS DNS observed indicators traffic packet rate volume frequency average packet size traffic profile inter arrival time traffic timing TCP ACK responses TCP ACK flag responses,escalate,NIST.SP.800-61r3.pdf; NIST.SP.800-213A.pdf; NIST.SP.800-61r3.pdf,generally_supported,"The cited material supports monitoring and evidence preservation, which are related to capturing traffic, but not specifically traffic capture.",generally_supported,"The citations support monitoring and evidence collection generally, but do not explicitly support traffic capture.",keep,General support is sufficient for this non-disruptive action.
NOTIFY_OPERATOR,2,False,EG-O-0267,ieee-access-0112,True,"['NIST.SP.800-61r3-0055', 'NIST.IR.8259A-0022', 'NIST.SP.800-61r3-0068']",original,Benign,Detector confidence is below the validated threshold.,normal activity continuous monitoring avoid unnecessary disruption cybersecurity state logging incident notification response escalation operator IoT predicted family Benign proposed action NOTIFY_OPERATOR observed protocols TCP UDP HTTPS DNS observed indicators traffic packet rate volume frequency average packet size traffic profile inter arrival time traffic timing TCP ACK responses TCP ACK flag responses,escalate,NIST.SP.800-61r3.pdf; NIST.IR.8259A.pdf; NIST.SP.800-61r3.pdf,unsupported,"The evidence supports monitoring and incident reporting, but not the threshold-based notify-operator action.",generally_supported,"The evidence supports communication/notification and state reporting generally, though not this exact trigger.",remove,The independent checker found no useful support for the action.
CAPTURE_TRAFFIC,1,False,EG-O-0268,ieee-access-0113,True,"['NIST.SP.800-61r3-0055', 'NIST.SP.800-213A-0053', 'RFC8520-0031']",original,Benign,Collect additional evidence before a disruptive decision.,normal activity continuous monitoring avoid unnecessary disruption cybersecurity state logging collect network traffic evidence incident analysis monitoring IoT predicted family Benign proposed action CAPTURE_TRAFFIC observed protocols TCP UDP HTTPS observed indicators traffic packet rate volume frequency average packet size traffic profile inter arrival time traffic timing TCP SYN connection attempts TCP SYN flag connection attempts,escalate,NIST.SP.800-61r3.pdf; NIST.SP.800-213A.pdf; RFC8520.txt,generally_supported,"The excerpts support continuous monitoring and event identification, which broadly support monitoring.",generally_supported,"The NIST excerpts support monitoring generally, but RFC8520 discusses packet-dropping behavior rather than traffic capture; specific CAPTURE_TRAFFIC support is absent.",keep,General support is sufficient for this non-disruptive action.
NOTIFY_OPERATOR,2,False,EG-O-0269,ieee-access-0113,True,"['NIST.SP.800-61r3-0055', 'RFC8520-0031', 'NIST.IR.8259A-0022']",original,Benign,Detector confidence is below the validated threshold.,normal activity continuous monitoring avoid unnecessary disruption cybersecurity state logging incident notification response escalation operator IoT predicted family Benign proposed action NOTIFY_OPERATOR observed protocols TCP UDP HTTPS observed indicators traffic packet rate volume frequency average packet size traffic profile inter arrival time traffic timing TCP SYN connection attempts TCP SYN flag connection attempts,escalate,NIST.SP.800-61r3.pdf; RFC8520.txt; NIST.IR.8259A.pdf,unsupported,"The cited material supports monitoring and packet direction rules, but not notifying the operator due to low confidence.",unsupported,"The excerpts do not support operator notification; RFC8520 is unrelated to notification, and the other excerpts only support monitoring/state awareness.",remove,The independent checker found no useful support for the action.
CAPTURE_TRAFFIC,1,False,EG-O-0270,ieee-access-0114,True,"['ETSI.EN.303.645.V3.1.3-0078', 'ETSI.EN.303.645.V3.1.3-0079', 'NIST.SP.800-61r3-0067']",original,Web,Collect additional evidence before a disruptive decision.,SQL injection invalid data input application layer user interface prevent system manipulation collect network traffic evidence incident analysis monitoring IoT predicted family Web proposed action CAPTURE_TRAFFIC observed protocols TCP UDP HTTPS observed indicators traffic packet rate volume frequency average packet size traffic profile inter arrival time traffic timing TCP ACK responses TCP ACK flag responses,escalate,ETSI.EN.303.645.V3.1.3.pdf; ETSI.EN.303.645.V3.1.3.pdf; NIST.SP.800-61r3.pdf,generally_supported,"The evidence supports collecting and retaining incident evidence, which generally supports traffic capture, but not explicitly.",directly_supported,NIST's requirement to collect and retain incident evidence directly supports traffic capture for evidentiary purposes.,keep,General support is sufficient for this non-disruptive action.
NOTIFY_OPERATOR,2,False,EG-O-0271,ieee-access-0114,True,"['ETSI.EN.303.645.V3.1.3-0078', 'ETSI.EN.303.645.V3.1.3-0079', 'NIST.SP.800-61r3-0062']",original,Web,Detector confidence is below the validated threshold.,SQL injection invalid data input application layer user interface prevent system manipulation incident notification response escalation operator IoT predicted family Web proposed action NOTIFY_OPERATOR observed protocols TCP UDP HTTPS observed indicators traffic packet rate volume frequency average packet size traffic profile inter arrival time traffic timing TCP ACK responses TCP ACK flag responses,escalate,ETSI.EN.303.645.V3.1.3.pdf; ETSI.EN.303.645.V3.1.3.pdf; NIST.SP.800-61r3.pdf,unsupported,The excerpts do not support notifying an operator for below-threshold confidence.,generally_supported,"Automatic incident reporting in NIST generally supports notifying an operator, but not specifically as a fallback for below-threshold confidence.",remove,The independent checker found no useful support for the action.
CAPTURE_TRAFFIC,1,False,EG-O-0272,ieee-access-0115,True,"['NIST.SP.800-61r3-0055', 'NIST.SP.800-213A-0053', 'RFC8520-0031']",original,Benign,Collect additional evidence before a disruptive decision.,normal activity continuous monitoring avoid unnecessary disruption cybersecurity state logging collect network traffic evidence incident analysis monitoring IoT predicted family Benign proposed action CAPTURE_TRAFFIC observed protocols TCP UDP ICMP HTTPS observed indicators traffic packet rate volume frequency average packet size traffic profile inter arrival time traffic timing TCP SYN connection attempts TCP SYN flag connection attempts,escalate,NIST.SP.800-61r3.pdf; NIST.SP.800-213A.pdf; RFC8520.txt,generally_supported,"The evidence supports continuous monitoring and event identification, which are consistent with monitoring, but not explicit traffic capture.",generally_supported,"The evidence supports security monitoring broadly, but not the concrete action of capturing traffic; RFC8520 is unrelated to capture.",keep,General support is sufficient for this non-disruptive action.
NOTIFY_OPERATOR,2,False,EG-O-0273,ieee-access-0115,True,"['NIST.SP.800-61r3-0055', 'RFC8520-0031', 'NIST.IR.8259A-0022']",original,Benign,Detector confidence is below the validated threshold.,normal activity continuous monitoring avoid unnecessary disruption cybersecurity state logging incident notification response escalation operator IoT predicted family Benign proposed action NOTIFY_OPERATOR observed protocols TCP UDP ICMP HTTPS observed indicators traffic packet rate volume frequency average packet size traffic profile inter arrival time traffic timing TCP SYN connection attempts TCP SYN flag connection attempts,escalate,NIST.SP.800-61r3.pdf; RFC8520.txt; NIST.IR.8259A.pdf,unsupported,"The excerpts support monitoring and incident reporting, but not the confidence-threshold operator notification.",unsupported,"The cited excerpts do not justify notifying an operator; they cover monitoring, state awareness, and packet filtering.",remove,The independent checker found no useful support for the action.
NO_ACTION,1,False,EG-O-0274,ieee-access-0116,True,"['NIST.SP.800-61r3-0055', 'NIST.IR.8259A-0022', 'NIST.SP.800-213A-0053']",original,Benign,The detector classified the observation as benign.,normal activity continuous monitoring avoid unnecessary disruption cybersecurity state logging avoid unnecessary disruption continue observation IoT predicted family Benign proposed action NO_ACTION observed protocols TCP HTTPS observed indicators traffic packet rate volume frequency average packet size traffic profile inter arrival time traffic timing TCP ACK responses TCP ACK flag responses,monitor,NIST.SP.800-61r3.pdf; NIST.IR.8259A.pdf; NIST.SP.800-213A.pdf,unsupported,"The cited material supports monitoring and state awareness, but not the no-action recommendation.",unsupported,The evidence does not support a NO_ACTION recommendation; it supports monitoring-related capabilities instead.,remove,The independent checker found no useful support for the action.
MONITOR,2,False,EG-O-0275,ieee-access-0116,True,"['NIST.SP.800-61r3-0055', 'NIST.SP.800-213A-0053', 'NIST.SP.800-213A-0054']",original,Benign,Continue non-disruptive observation.,normal activity continuous monitoring avoid unnecessary disruption cybersecurity state logging continuous monitoring detect anomalous behavior security events IoT predicted family Benign proposed action MONITOR observed protocols TCP HTTPS observed indicators traffic packet rate volume frequency average packet size traffic profile inter arrival time traffic timing TCP ACK responses TCP ACK flag responses,monitor,NIST.SP.800-61r3.pdf; NIST.SP.800-213A.pdf; NIST.SP.800-213A.pdf,generally_supported,"The excerpts support continuous monitoring and event identification, which align with monitoring.",directly_supported,"The excerpts explicitly describe continuous monitoring and event identification/monitoring, directly supporting MONITOR.",keep,General support is sufficient for this non-disruptive action.
NO_ACTION,1,False,EG-O-0276,ieee-access-0117,True,"['NIST.SP.800-61r3-0055', 'NIST.IR.8259A-0022', 'NIST.SP.800-213A-0053']",original,Benign,The detector classified the observation as benign.,normal activity continuous monitoring avoid unnecessary disruption cybersecurity state logging avoid unnecessary disruption continue observation IoT predicted family Benign proposed action NO_ACTION observed protocols TCP HTTPS observed indicators traffic packet rate volume frequency average packet size traffic profile inter arrival time traffic timing TCP ACK responses TCP ACK flag responses,monitor,NIST.SP.800-61r3.pdf; NIST.IR.8259A.pdf; NIST.SP.800-213A.pdf,unsupported,"The evidence supports monitoring and state awareness, but not the no-action recommendation.",unsupported,The citations do not support taking no action; they instead support monitoring and cybersecurity state awareness.,remove,The independent checker found no useful support for the action.
MONITOR,2,False,EG-O-0277,ieee-access-0117,True,"['NIST.SP.800-61r3-0055', 'NIST.SP.800-213A-0053', 'NIST.SP.800-213A-0054']",original,Benign,Continue non-disruptive observation.,normal activity continuous monitoring avoid unnecessary disruption cybersecurity state logging continuous monitoring detect anomalous behavior security events IoT predicted family Benign proposed action MONITOR observed protocols TCP HTTPS observed indicators traffic packet rate volume frequency average packet size traffic profile inter arrival time traffic timing TCP ACK responses TCP ACK flag responses,monitor,NIST.SP.800-61r3.pdf; NIST.SP.800-213A.pdf; NIST.SP.800-213A.pdf,generally_supported,"The cited material supports monitoring and event identification, which broadly support monitoring.",directly_supported,"The evidence explicitly supports continuous monitoring and event identification, directly matching MONITOR.",keep,General support is sufficient for this non-disruptive action.
NO_ACTION,1,False,EG-O-0278,ieee-access-0118,True,"['NIST.SP.800-61r3-0055', 'NIST.IR.8259A-0022', 'NIST.SP.800-213A-0053']",original,Benign,The detector classified the observation as benign.,normal activity continuous monitoring avoid unnecessary disruption cybersecurity state logging avoid unnecessary disruption continue observation IoT predicted family Benign proposed action NO_ACTION observed protocols TCP UDP HTTPS observed indicators traffic packet rate volume frequency average packet size traffic profile inter arrival time traffic timing TCP ACK responses TCP ACK flag responses,monitor,NIST.SP.800-61r3.pdf; NIST.IR.8259A.pdf; NIST.SP.800-213A.pdf,unsupported,"The excerpts support monitoring and state awareness, but not the no-action recommendation.",unsupported,No excerpt supports NO_ACTION; the cited text supports monitoring and awareness.,remove,The independent checker found no useful support for the action.
MONITOR,2,False,EG-O-0279,ieee-access-0118,True,"['NIST.SP.800-61r3-0055', 'NIST.SP.800-213A-0053', 'NIST.SP.800-213A-0054']",original,Benign,Continue non-disruptive observation.,normal activity continuous monitoring avoid unnecessary disruption cybersecurity state logging continuous monitoring detect anomalous behavior security events IoT predicted family Benign proposed action MONITOR observed protocols TCP UDP HTTPS observed indicators traffic packet rate volume frequency average packet size traffic profile inter arrival time traffic timing TCP ACK responses TCP ACK flag responses,monitor,NIST.SP.800-61r3.pdf; NIST.SP.800-213A.pdf; NIST.SP.800-213A.pdf,generally_supported,"The evidence supports continuous monitoring and event identification, which are compatible with monitoring.",directly_supported,"Continuous monitoring and event identification/monitoring capabilities are explicitly supported, directly justifying MONITOR.",keep,General support is sufficient for this non-disruptive action.
NO_ACTION,1,False,EG-O-0280,ieee-access-0119,True,"['NIST.SP.800-61r3-0055', 'NIST.IR.8259A-0022', 'NIST.SP.800-213A-0053']",original,Benign,The detector classified the observation as benign.,normal activity continuous monitoring avoid unnecessary disruption cybersecurity state logging avoid unnecessary disruption continue observation IoT predicted family Benign proposed action NO_ACTION observed protocols TCP UDP HTTPS DNS observed indicators traffic packet rate volume frequency average packet size traffic profile inter arrival time traffic timing TCP ACK responses TCP ACK flag responses,monitor,NIST.SP.800-61r3.pdf; NIST.IR.8259A.pdf; NIST.SP.800-213A.pdf,unsupported,"The cited material supports monitoring and state awareness, but not the no-action recommendation.",unsupported,The evidence does not justify NO_ACTION for benign classification; it points toward monitoring instead.,remove,The independent checker found no useful support for the action.
MONITOR,2,False,EG-O-0281,ieee-access-0119,True,"['NIST.SP.800-61r3-0055', 'NIST.SP.800-213A-0053', 'NIST.SP.800-213A-0054']",original,Benign,Continue non-disruptive observation.,normal activity continuous monitoring avoid unnecessary disruption cybersecurity state logging continuous monitoring detect anomalous behavior security events IoT predicted family Benign proposed action MONITOR observed protocols TCP UDP HTTPS DNS observed indicators traffic packet rate volume frequency average packet size traffic profile inter arrival time traffic timing TCP ACK responses TCP ACK flag responses,monitor,NIST.SP.800-61r3.pdf; NIST.SP.800-213A.pdf; NIST.SP.800-213A.pdf,generally_supported,"The excerpts support monitoring and event identification, which align with monitoring.",directly_supported,"The excerpts explicitly endorse monitoring assets and cybersecurity events, directly supporting MONITOR.",keep,General support is sufficient for this non-disruptive action.
NO_ACTION,1,False,EG-O-0282,ieee-access-0120,True,"['NIST.SP.800-61r3-0055', 'NIST.IR.8259A-0022', 'NIST.SP.800-213A-0053']",original,Benign,The detector classified the observation as benign.,normal activity continuous monitoring avoid unnecessary disruption cybersecurity state logging avoid unnecessary disruption continue observation IoT predicted family Benign proposed action NO_ACTION observed protocols TCP UDP HTTPS observed indicators traffic packet rate volume frequency average packet size traffic profile inter arrival time traffic timing TCP ACK responses TCP ACK flag responses,monitor,NIST.SP.800-61r3.pdf; NIST.IR.8259A.pdf; NIST.SP.800-213A.pdf,unsupported,"The cited material supports monitoring and state awareness, but not the no-action recommendation.",unsupported,"The cited material discusses monitoring and awareness, not a no-action decision.",remove,The independent checker found no useful support for the action.
MONITOR,2,False,EG-O-0283,ieee-access-0120,True,"['NIST.SP.800-61r3-0055', 'NIST.SP.800-213A-0053', 'NIST.SP.800-213A-0054']",original,Benign,Continue non-disruptive observation.,normal activity continuous monitoring avoid unnecessary disruption cybersecurity state logging continuous monitoring detect anomalous behavior security events IoT predicted family Benign proposed action MONITOR observed protocols TCP UDP HTTPS observed indicators traffic packet rate volume frequency average packet size traffic profile inter arrival time traffic timing TCP ACK responses TCP ACK flag responses,monitor,NIST.SP.800-61r3.pdf; NIST.SP.800-213A.pdf; NIST.SP.800-213A.pdf,generally_supported,"The evidence supports continuous monitoring and event identification, which broadly support monitoring.",directly_supported,"The excerpts explicitly support continuous/event monitoring, directly matching the MONITOR action.",keep,General support is sufficient for this non-disruptive action.
CAPTURE_TRAFFIC,1,False,EG-O-0284,ieee-access-0121,True,"['NIST.SP.800-61r3-0067', 'RFC8576-0026', 'RFC8520-0022']",original,Spoofing,Collect additional evidence before a disruptive decision.,spoofing impersonation authentication network access control identity collect network traffic evidence incident analysis monitoring IoT predicted family Spoofing proposed action CAPTURE_TRAFFIC observed protocols TCP UDP HTTP HTTPS observed indicators traffic packet rate volume frequency average packet size traffic profile inter arrival time traffic timing TCP ACK responses TCP ACK flag responses,escalate,NIST.SP.800-61r3.pdf; RFC8576.txt; RFC8520.txt,directly_supported,"The NIST evidence-preservation language explicitly supports collecting and retaining incident data, which directly supports capturing traffic.",generally_supported,"NIST SP 800-61r3 supports collecting and retaining evidence from an incident, which generally supports additional evidence collection. It does not specifically endorse capturing traffic.",keep,The action has direct documentary support.
NOTIFY_OPERATOR,2,False,EG-O-0285,ieee-access-0121,True,"['RFC8520-0022', 'NIST.SP.800-61r3-0062', 'NIST.SP.800-61r3-0068']",original,Spoofing,Detector confidence is below the validated threshold.,spoofing impersonation authentication network access control identity incident notification response escalation operator IoT predicted family Spoofing proposed action NOTIFY_OPERATOR observed protocols TCP UDP HTTP HTTPS observed indicators traffic packet rate volume frequency average packet size traffic profile inter arrival time traffic timing TCP ACK responses TCP ACK flag responses,escalate,RFC8520.txt; NIST.SP.800-61r3.pdf; NIST.SP.800-61r3.pdf,generally_supported,"The cited excerpts support incident notification/reporting and ACL/MUD policy concepts, but not notifying an operator because of low detector confidence.",generally_supported,The NIST incident-response communication/reporting excerpts generally support notifying relevant parties or operators. The excerpts do not specifically support notification because detector confidence is below threshold.,keep,General support is sufficient for this non-disruptive action.
CAPTURE_TRAFFIC,1,False,EG-O-0286,ieee-access-0122,True,"['NIST.SP.800-61r3-0067', 'RFC8576-0026', 'RFC8576-0067']",original,Spoofing,Collect additional evidence before a disruptive decision.,spoofing impersonation authentication network access control identity collect network traffic evidence incident analysis monitoring IoT predicted family Spoofing proposed action CAPTURE_TRAFFIC observed protocols TCP HTTPS observed indicators traffic packet rate volume frequency average packet size traffic profile inter arrival time traffic timing TCP ACK responses TCP ACK flag responses,escalate,NIST.SP.800-61r3.pdf; RFC8576.txt; RFC8576.txt,directly_supported,"The cited NIST excerpt explicitly says to collect and retain evidence from an incident, supporting traffic capture for evidence preservation.",generally_supported,"The NIST evidence collection excerpt generally supports collecting additional evidence from incidents, but not specifically traffic capture as the means.",keep,The action has direct documentary support.
NOTIFY_OPERATOR,2,False,EG-O-0287,ieee-access-0122,True,"['NIST.SP.800-61r3-0062', 'NIST.SP.800-61r3-0068', 'NIST.SP.800-213A-0065']",original,Spoofing,Detector confidence is below the validated threshold.,spoofing impersonation authentication network access control identity incident notification response escalation operator IoT predicted family Spoofing proposed action NOTIFY_OPERATOR observed protocols TCP HTTPS observed indicators traffic packet rate volume frequency average packet size traffic profile inter arrival time traffic timing TCP ACK responses TCP ACK flag responses,escalate,NIST.SP.800-61r3.pdf; NIST.SP.800-61r3.pdf; NIST.SP.800-213A.pdf,generally_supported,"The excerpts support incident reporting and coordination, but not operator notification specifically as a response to below-threshold confidence.",generally_supported,The cited NIST excerpts support incident notification/coordination generally. They do not specifically justify notifying an operator because the detector confidence is below a validated threshold.,keep,General support is sufficient for this non-disruptive action.
CAPTURE_TRAFFIC,1,False,EG-O-0288,ieee-access-0123,True,"['NIST.SP.800-61r3-0067', 'RFC8576-0026', 'RFC8576-0067']",original,Spoofing,Collect additional evidence before a disruptive decision.,spoofing impersonation authentication network access control identity collect network traffic evidence incident analysis monitoring IoT predicted family Spoofing proposed action CAPTURE_TRAFFIC observed protocols TCP HTTPS observed indicators traffic packet rate volume frequency average packet size traffic profile inter arrival time traffic timing TCP ACK responses TCP ACK flag responses,escalate,NIST.SP.800-61r3.pdf; RFC8576.txt; RFC8576.txt,directly_supported,The evidence-preservation recommendation in NIST directly supports capturing traffic as incident evidence.,generally_supported,"The NIST evidence-preservation text generally supports collecting incident evidence, but does not explicitly support packet capture or traffic capture.",keep,The action has direct documentary support.
NOTIFY_OPERATOR,2,False,EG-O-0289,ieee-access-0123,True,"['NIST.SP.800-61r3-0062', 'NIST.SP.800-61r3-0068', 'NIST.SP.800-213A-0065']",original,Spoofing,Detector confidence is below the validated threshold.,spoofing impersonation authentication network access control identity incident notification response escalation operator IoT predicted family Spoofing proposed action NOTIFY_OPERATOR observed protocols TCP HTTPS observed indicators traffic packet rate volume frequency average packet size traffic profile inter arrival time traffic timing TCP ACK responses TCP ACK flag responses,escalate,NIST.SP.800-61r3.pdf; NIST.SP.800-61r3.pdf; NIST.SP.800-213A.pdf,generally_supported,"The cited excerpts support incident notification and communication, but do not specifically justify operator notification for this confidence condition.",generally_supported,"The excerpts generally support incident reporting and communication with stakeholders, which supports notifying an operator at a high level. They do not specifically support the threshold-based rationale.",keep,General support is sufficient for this non-disruptive action.
CAPTURE_TRAFFIC,1,False,EG-O-0290,ieee-access-0124,True,"['NIST.SP.800-61r3-0067', 'RFC8576-0026', 'RFC8576-0067']",original,Spoofing,Collect additional evidence before a disruptive decision.,spoofing impersonation authentication network access control identity collect network traffic evidence incident analysis monitoring IoT predicted family Spoofing proposed action CAPTURE_TRAFFIC observed protocols TCP HTTPS observed indicators traffic packet rate volume frequency average packet size traffic profile inter arrival time traffic timing TCP ACK responses TCP ACK flag responses,escalate,NIST.SP.800-61r3.pdf; RFC8576.txt; RFC8576.txt,directly_supported,"NIST explicitly supports collecting and retaining incident evidence, which directly supports capturing traffic.",generally_supported,"NIST SP 800-61r3 supports collecting and retaining incident evidence, generally supporting evidence-gathering before disruptive action. It does not explicitly support traffic capture.",keep,The action has direct documentary support.
NOTIFY_OPERATOR,2,False,EG-O-0291,ieee-access-0124,True,"['NIST.SP.800-61r3-0062', 'NIST.SP.800-61r3-0068', 'NIST.SP.800-213A-0065']",original,Spoofing,Detector confidence is below the validated threshold.,spoofing impersonation authentication network access control identity incident notification response escalation operator IoT predicted family Spoofing proposed action NOTIFY_OPERATOR observed protocols TCP HTTPS observed indicators traffic packet rate volume frequency average packet size traffic profile inter arrival time traffic timing TCP ACK responses TCP ACK flag responses,escalate,NIST.SP.800-61r3.pdf; NIST.SP.800-61r3.pdf; NIST.SP.800-213A.pdf,generally_supported,"The evidence supports reporting and coordinating incident response, but not the specific action of notifying the operator due to confidence threshold concerns.",generally_supported,The NIST excerpts generally support incident communication/notification. They do not specifically support notifying an operator due to detector-confidence considerations.,keep,General support is sufficient for this non-disruptive action.
CAPTURE_TRAFFIC,1,False,EG-O-0292,ieee-access-0125,True,"['NIST.SP.800-61r3-0067', 'RFC8576-0026', 'RFC8520-0022']",original,Spoofing,Collect additional evidence before a disruptive decision.,spoofing impersonation authentication network access control identity collect network traffic evidence incident analysis monitoring IoT predicted family Spoofing proposed action CAPTURE_TRAFFIC observed protocols TCP UDP HTTPS ARP observed indicators traffic packet rate volume frequency average packet size traffic profile inter arrival time traffic timing TCP ACK responses TCP ACK flag responses,escalate,NIST.SP.800-61r3.pdf; RFC8576.txt; RFC8520.txt,directly_supported,"The NIST excerpt explicitly endorses collecting and retaining evidence from an incident, which supports capturing traffic.",generally_supported,"The evidence-preservation excerpt generally supports collecting incident evidence, but none of the citations explicitly support capturing traffic as the method.",keep,The action has direct documentary support.
NOTIFY_OPERATOR,2,False,EG-O-0293,ieee-access-0125,True,"['RFC8520-0022', 'NIST.SP.800-61r3-0062', 'NIST.SP.800-61r3-0068']",original,Spoofing,Detector confidence is below the validated threshold.,spoofing impersonation authentication network access control identity incident notification response escalation operator IoT predicted family Spoofing proposed action NOTIFY_OPERATOR observed protocols TCP UDP HTTPS ARP observed indicators traffic packet rate volume frequency average packet size traffic profile inter arrival time traffic timing TCP ACK responses TCP ACK flag responses,escalate,RFC8520.txt; NIST.SP.800-61r3.pdf; NIST.SP.800-61r3.pdf,generally_supported,"The excerpts support incident reporting and communication, but not operator notification specifically because of low confidence.",generally_supported,The NIST communication/reporting excerpts generally support notifying stakeholders/operators. They do not specifically support doing so because confidence is below threshold.,keep,General support is sufficient for this non-disruptive action.
CAPTURE_TRAFFIC,1,False,EG-O-0294,ieee-access-0126,True,"['NIST.SP.800-61r3-0067', 'RFC8576-0026', 'RFC8520-0022']",original,Spoofing,"Preserve evidence to confirm whether the flow reflects spoofing, misconfiguration, or benign anomaly.",spoofing impersonation authentication network access control identity collect network traffic evidence incident analysis monitoring IoT predicted family Spoofing proposed action CAPTURE_TRAFFIC observed protocols TCP UDP observed indicators traffic packet rate volume frequency average packet size traffic profile inter arrival time traffic timing TCP ACK responses TCP ACK flag responses,plan,NIST.SP.800-61r3.pdf; RFC8576.txt; RFC8520.txt,directly_supported,"The cited evidence explicitly supports collecting and retaining incident evidence, which matches capturing traffic for later analysis.",generally_supported,NIST SP 800-61r3 generally supports preserving incident evidence. The excerpts do not explicitly support packet/traffic capture to distinguish spoofing from misconfiguration or benign anomalies.,keep,The action has direct documentary support.
NOTIFY_OPERATOR,2,False,EG-O-0295,ieee-access-0126,True,"['RFC8520-0022', 'NIST.SP.800-61r3-0062', 'NIST.SP.800-61r3-0068']",original,Spoofing,Human review is appropriate because device identity is not validated and mitigation intent cannot execute changes.,spoofing impersonation authentication network access control identity incident notification response escalation operator IoT predicted family Spoofing proposed action NOTIFY_OPERATOR observed protocols TCP UDP observed indicators traffic packet rate volume frequency average packet size traffic profile inter arrival time traffic timing TCP ACK responses TCP ACK flag responses,plan,RFC8520.txt; NIST.SP.800-61r3.pdf; NIST.SP.800-61r3.pdf,generally_supported,"The excerpts support incident reporting and ACL/MUD policy handling, but they do not justify notifying an operator for the stated rationale.",generally_supported,"The NIST excerpts generally support incident coordination and notification, which supports notifying an operator in broad terms. They do not specifically support the rationale about unvalidated identity or inability to execute mitigation.",keep,General support is sufficient for this non-disruptive action.
INCREASE_LOGGING,1,False,EG-O-0296,ieee-access-0127,True,"['NIST.SP.800-213A-0065', 'NIST.SP.800-61r3-0062', 'RFC8576-0026']",original,Spoofing,Collect more context to confirm spoofing indicators without assuming a device identity.,spoofing impersonation authentication network access control identity increase security event logging monitoring incident analysis IoT predicted family Spoofing proposed action INCREASE_LOGGING observed protocols TCP HTTPS observed indicators traffic packet rate volume frequency average packet size traffic profile inter arrival time traffic timing TCP ACK responses TCP ACK flag responses,plan,NIST.SP.800-213A.pdf; NIST.SP.800-61r3.pdf; RFC8576.txt,generally_supported,"The evidence supports anti-spoofing capabilities and incident tracking, which are related to validation and visibility, but it does not explicitly support increasing logging.",unsupported,"The cited excerpts discuss anti-spoofing capability and incident status tracking, but do not support increasing logging to collect more context.",keep,General support is sufficient for this non-disruptive action.
CAPTURE_TRAFFIC,2,False,EG-O-0297,ieee-access-0127,True,"['NIST.SP.800-61r3-0067', 'RFC8576-0026', 'RFC8576-0067']",original,Spoofing,Preserve evidence for operator review and correlation with any downstream service or authentication anomalies.,spoofing impersonation authentication network access control identity collect network traffic evidence incident analysis monitoring IoT predicted family Spoofing proposed action CAPTURE_TRAFFIC observed protocols TCP HTTPS observed indicators traffic packet rate volume frequency average packet size traffic profile inter arrival time traffic timing TCP ACK responses TCP ACK flag responses,plan,NIST.SP.800-61r3.pdf; RFC8576.txt; RFC8576.txt,directly_supported,"NIST explicitly recommends collecting and retaining incident evidence, which directly supports capturing traffic for review and correlation.",generally_supported,The NIST evidence collection excerpt generally supports preserving evidence from an incident. It does not explicitly support traffic capture specifically.,keep,The action has direct documentary support.
BLOCK_TRAFFIC_PROFILE,3,True,EG-O-0298,ieee-access-0127,True,"['RFC8576-0026', 'NIST.SP.800-213A-0065', 'RFC8576-0067']",original,Spoofing,Contain likely spoofed traffic at the observed-flow-profile level while avoiding device-specific enforcement.,spoofing impersonation authentication network access control identity block filter validated malicious network traffic profile access control IoT predicted family Spoofing proposed action BLOCK_TRAFFIC_PROFILE observed protocols TCP HTTPS observed indicators traffic packet rate volume frequency average packet size traffic profile inter arrival time traffic timing TCP ACK responses TCP ACK flag responses,plan,RFC8576.txt; NIST.SP.800-213A.pdf; RFC8576.txt,unsupported,"The cited excerpts describe anti-spoofing mechanisms and privacy protection, not blocking a traffic profile.",generally_supported,"NIST SP 800-213A mentions the ability to terminate connections and use anti-spoofing mechanisms, which generally supports containment objectives against spoofing. However, it does not explicitly support blocking an observed traffic profile as the concrete action.",remove,The independent checker found no useful support for the action.
RESTRICT_EGRESS,1,True,EG-O-0299,ieee-access-0128,True,"['RFC8520-0031', 'RFC8520-0022', 'NIST.IR.8259A-0018']",original,Spoofing,Limit outbound reachability while spoofing is assessed to reduce potential misuse and lateral movement.,spoofing impersonation authentication network access control identity restrict outbound communication approved destinations network access policy MUD IoT predicted family Spoofing proposed action RESTRICT_EGRESS observed protocols TCP UDP HTTP HTTPS DNS ARP observed indicators traffic packet rate volume frequency average packet size traffic profile inter arrival time traffic timing TCP SYN connection attempts TCP SYN flag connection attempts,plan,RFC8520.txt; RFC8520.txt; NIST.IR.8259A.pdf,generally_supported,"The MUD excerpt supports dropping traffic and restricting logical access, but it does not specifically justify restricting egress in response to spoofing assessment.",directly_supported,"RFC 8520 explicitly describes policy behavior that drops traffic based on connection direction, and NIST IR 8259A explicitly supports restricting access on network interfaces to authorized entities only. Together these directly support restricting egress/outbound reachability as a containment action.",remove,General evidence is insufficient for a disruptive action without human approval.
CAPTURE_TRAFFIC,2,False,EG-O-0300,ieee-access-0128,True,"['RFC8520-0031', 'NIST.SP.800-61r3-0067', 'NIST.SP.800-213A-0065']",original,Spoofing,"Collect packet evidence to confirm whether addresses, handshakes, or resolution behavior are being forged.",spoofing impersonation authentication network access control identity collect network traffic evidence incident analysis monitoring IoT predicted family Spoofing proposed action CAPTURE_TRAFFIC observed protocols TCP UDP HTTP HTTPS DNS ARP observed indicators traffic packet rate volume frequency average packet size traffic profile inter arrival time traffic timing TCP SYN connection attempts TCP SYN flag connection attempts,plan,RFC8520.txt; NIST.SP.800-61r3.pdf; NIST.SP.800-213A.pdf,generally_supported,"The excerpts support traffic-flow policy enforcement and stateful TCP direction controls, which are related to restricting suspicious traffic, but do not explicitly support traffic capture.",generally_supported,"NIST SP 800-61r3 explicitly supports collecting and retaining incident evidence, which generally supports packet evidence collection. The other excerpts are about traffic policy/capabilities, not specifically traffic capture.",keep,General support is sufficient for this non-disruptive action.
NOTIFY_OPERATOR,3,False,EG-O-0301,ieee-access-0128,True,"['RFC8520-0031', 'RFC8520-0022', 'NIST.SP.800-61r3-0062']",original,Spoofing,Human review is needed because the alert is high confidence but not tied to a validated device identifier.,spoofing impersonation authentication network access control identity incident notification response escalation operator IoT predicted family Spoofing proposed action NOTIFY_OPERATOR observed protocols TCP UDP HTTP HTTPS DNS ARP observed indicators traffic packet rate volume frequency average packet size traffic profile inter arrival time traffic timing TCP SYN connection attempts TCP SYN flag connection attempts,plan,RFC8520.txt; RFC8520.txt; NIST.SP.800-61r3.pdf,generally_supported,"The evidence supports notifying/coordination in incident response and access control concepts, but not operator notification as the recommended response.",generally_supported,"NIST SP 800-61r3 generally supports automatic reporting/incident management and communication, which generally supports notifying an operator. The excerpts do not specifically support the rationale about high confidence without validated device identity.",keep,General support is sufficient for this non-disruptive action.
INCREASE_LOGGING,1,False,EG-O-0302,ieee-access-0129,True,"['NIST.SP.800-213A-0065', 'NIST.SP.800-61r3-0062', 'RFC8576-0026']",original,Spoofing,Preserve evidence and improve attribution for a likely spoofing incident without assuming device identity.,spoofing impersonation authentication network access control identity increase security event logging monitoring incident analysis IoT predicted family Spoofing proposed action INCREASE_LOGGING observed protocols TCP HTTPS observed indicators traffic packet rate volume frequency average packet size traffic profile inter arrival time traffic timing TCP ACK responses TCP ACK flag responses,plan,NIST.SP.800-213A.pdf; NIST.SP.800-61r3.pdf; RFC8576.txt,generally_supported,"The excerpts support anti-spoofing and incident status tracking, which relate to better attribution and visibility, but they do not explicitly support increasing logging.",unsupported,"The excerpts do not mention increasing logging. Anti-spoofing, DNSSEC interfacing, and incident tracking do not specifically justify this concrete action.",keep,General support is sufficient for this non-disruptive action.
CAPTURE_TRAFFIC,2,False,EG-O-0303,ieee-access-0129,True,"['NIST.SP.800-61r3-0067', 'RFC8576-0026', 'RFC8576-0067']",original,Spoofing,"Collect packet-level evidence to confirm whether the pattern reflects spoofing, impersonation, or benign bursty HTTPS traffic.",spoofing impersonation authentication network access control identity collect network traffic evidence incident analysis monitoring IoT predicted family Spoofing proposed action CAPTURE_TRAFFIC observed protocols TCP HTTPS observed indicators traffic packet rate volume frequency average packet size traffic profile inter arrival time traffic timing TCP ACK responses TCP ACK flag responses,plan,NIST.SP.800-61r3.pdf; RFC8576.txt; RFC8576.txt,directly_supported,"The NIST evidence-preservation excerpt explicitly supports collecting and retaining incident data, which directly supports capturing traffic evidence.",generally_supported,"The NIST evidence-preservation excerpt generally supports collecting incident evidence, but none of the provided excerpts explicitly support packet-level traffic capture.",keep,The action has direct documentary support.
NOTIFY_OPERATOR,3,False,EG-O-0304,ieee-access-0129,True,"['NIST.SP.800-61r3-0062', 'NIST.SP.800-61r3-0068', 'NIST.SP.800-213A-0065']",original,Spoofing,Human review is warranted because the alert is high confidence but identity is unvalidated and mitigation is intent-only.,spoofing impersonation authentication network access control identity incident notification response escalation operator IoT predicted family Spoofing proposed action NOTIFY_OPERATOR observed protocols TCP HTTPS observed indicators traffic packet rate volume frequency average packet size traffic profile inter arrival time traffic timing TCP ACK responses TCP ACK flag responses,plan,NIST.SP.800-61r3.pdf; NIST.SP.800-61r3.pdf; NIST.SP.800-213A.pdf,generally_supported,"The cited excerpts support incident reporting, coordination, and automatic reporting of confirmed incidents, but not operator notification specifically for an unverified identity.",generally_supported,The NIST excerpts generally support incident communication and notification. They do not specifically justify operator notification because identity is unvalidated or mitigation is intent-only.,keep,General support is sufficient for this non-disruptive action.
RESTRICT_EGRESS,1,True,EG-O-0305,ieee-access-0130,True,"['RFC8520-0022', 'NIST.IR.8259A-0018', 'RFC8520-0044']",original,Spoofing,Applied the predefined bounded policy default.,spoofing impersonation authentication network access control identity restrict outbound communication approved destinations network access policy MUD IoT predicted family Spoofing proposed action RESTRICT_EGRESS observed protocols TCP HTTPS observed indicators traffic packet rate volume frequency average packet size traffic profile inter arrival time traffic timing TCP ACK responses TCP ACK flag responses,plan,RFC8520.txt; NIST.IR.8259A.pdf; RFC8520.txt,generally_supported,"The excerpts support ACLs with accept/drop actions and logical access restriction, which align with egress restriction as a security objective, but not the specific action in this context.",directly_supported,"RFC 8520 explicitly supports ACL-based policy with accept/drop actions for device traffic, including from-device policy examples, and NIST IR 8259A supports logically restricting network interface access to authorized entities. This directly supports restricting egress via a bounded policy.",remove,General evidence is insufficient for a disruptive action without human approval.
CAPTURE_TRAFFIC,2,False,EG-O-0306,ieee-access-0130,True,"['NIST.SP.800-61r3-0067', 'RFC8576-0026', 'RFC8576-0067']",original,Spoofing,Applied the predefined bounded policy default.,spoofing impersonation authentication network access control identity collect network traffic evidence incident analysis monitoring IoT predicted family Spoofing proposed action CAPTURE_TRAFFIC observed protocols TCP HTTPS observed indicators traffic packet rate volume frequency average packet size traffic profile inter arrival time traffic timing TCP ACK responses TCP ACK flag responses,plan,NIST.SP.800-61r3.pdf; RFC8576.txt; RFC8576.txt,directly_supported,"The NIST excerpt explicitly recommends collecting and retaining incident evidence, which directly supports capturing traffic.",generally_supported,"NIST SP 800-61r3 explicitly supports collecting and retaining evidence from incidents, which generally supports capturing evidence. It does not explicitly mention traffic capture.",keep,The action has direct documentary support.
NOTIFY_OPERATOR,3,False,EG-O-0307,ieee-access-0130,True,"['NIST.SP.800-61r3-0062', 'NIST.SP.800-61r3-0068', 'NIST.SP.800-213A-0065']",original,Spoofing,Applied the predefined bounded policy default.,spoofing impersonation authentication network access control identity incident notification response escalation operator IoT predicted family Spoofing proposed action NOTIFY_OPERATOR observed protocols TCP HTTPS observed indicators traffic packet rate volume frequency average packet size traffic profile inter arrival time traffic timing TCP ACK responses TCP ACK flag responses,plan,NIST.SP.800-61r3.pdf; NIST.SP.800-61r3.pdf; NIST.SP.800-213A.pdf,generally_supported,"The excerpts support incident reporting/communication and tracking, but not the specific action of notifying the operator.",generally_supported,"The NIST excerpts support incident reporting, coordination, and notification generally. They do not specifically support notifying an operator as a predefined bounded default.",keep,General support is sufficient for this non-disruptive action.
CAPTURE_TRAFFIC,1,False,EG-O-0308,ieee-access-0131,True,"['NIST.SP.800-61r3-0055', 'NIST.SP.800-213A-0053', 'NIST.SP.800-61r3-0067']",original,Benign,Collect additional evidence before a disruptive decision.,normal activity continuous monitoring avoid unnecessary disruption cybersecurity state logging collect network traffic evidence incident analysis monitoring IoT predicted family Benign proposed action CAPTURE_TRAFFIC observed protocols TCP UDP HTTPS ARP observed indicators traffic packet rate volume frequency average packet size traffic profile inter arrival time traffic timing TCP ACK responses TCP ACK flag responses,escalate,NIST.SP.800-61r3.pdf; NIST.SP.800-213A.pdf; NIST.SP.800-61r3.pdf,generally_supported,"The cited material supports continuous monitoring and evidence preservation, but does not specifically support traffic capture.",generally_supported,"The evidence supports monitoring and evidence collection broadly, but does not explicitly support capturing traffic as the concrete action.",keep,General support is sufficient for this non-disruptive action.
NOTIFY_OPERATOR,2,False,EG-O-0309,ieee-access-0131,True,"['NIST.SP.800-61r3-0055', 'NIST.IR.8259A-0022', 'NIST.SP.800-61r3-0068']",original,Benign,Detector confidence is below the validated threshold.,normal activity continuous monitoring avoid unnecessary disruption cybersecurity state logging incident notification response escalation operator IoT predicted family Benign proposed action NOTIFY_OPERATOR observed protocols TCP UDP HTTPS ARP observed indicators traffic packet rate volume frequency average packet size traffic profile inter arrival time traffic timing TCP ACK responses TCP ACK flag responses,escalate,NIST.SP.800-61r3.pdf; NIST.IR.8259A.pdf; NIST.SP.800-61r3.pdf,unsupported,"The excerpts support monitoring and incident notification/communication, but not notifying the operator because of low confidence.",generally_supported,"The citations generally support notification and reporting to stakeholders, though not specifically due to low detector confidence.",remove,The independent checker found no useful support for the action.
CAPTURE_TRAFFIC,1,False,EG-O-0310,ieee-access-0132,True,"['NIST.SP.800-61r3-0055', 'NIST.SP.800-213A-0053', 'NIST.SP.800-61r3-0067']",original,Benign,Collect additional evidence before a disruptive decision.,normal activity continuous monitoring avoid unnecessary disruption cybersecurity state logging collect network traffic evidence incident analysis monitoring IoT predicted family Benign proposed action CAPTURE_TRAFFIC observed protocols TCP UDP HTTPS DNS observed indicators traffic packet rate volume frequency average packet size traffic profile inter arrival time traffic timing TCP ACK responses TCP ACK flag responses,escalate,NIST.SP.800-61r3.pdf; NIST.SP.800-213A.pdf; NIST.SP.800-61r3.pdf,generally_supported,"The evidence supports continuous monitoring and evidence preservation, which are consistent with capturing traffic, but not explicitly traffic capture.",generally_supported,"The excerpts support collecting evidence and monitoring networks generally, but not specifically traffic capture.",keep,General support is sufficient for this non-disruptive action.
NOTIFY_OPERATOR,2,False,EG-O-0311,ieee-access-0132,True,"['NIST.SP.800-61r3-0055', 'NIST.IR.8259A-0022', 'NIST.SP.800-61r3-0068']",original,Benign,Detector confidence is below the validated threshold.,normal activity continuous monitoring avoid unnecessary disruption cybersecurity state logging incident notification response escalation operator IoT predicted family Benign proposed action NOTIFY_OPERATOR observed protocols TCP UDP HTTPS DNS observed indicators traffic packet rate volume frequency average packet size traffic profile inter arrival time traffic timing TCP ACK responses TCP ACK flag responses,escalate,NIST.SP.800-61r3.pdf; NIST.IR.8259A.pdf; NIST.SP.800-61r3.pdf,unsupported,"The cited material supports monitoring and incident reporting, but not the threshold-based notify-operator action.",generally_supported,"The evidence supports notification/communication generally, but not the precise low-confidence rationale for operator notification.",remove,The independent checker found no useful support for the action.
CAPTURE_TRAFFIC,1,False,EG-O-0312,ieee-access-0133,True,"['NIST.SP.800-61r3-0055', 'NIST.SP.800-213A-0053', 'NIST.SP.800-61r3-0067']",original,Benign,Collect additional evidence before a disruptive decision.,normal activity continuous monitoring avoid unnecessary disruption cybersecurity state logging collect network traffic evidence incident analysis monitoring IoT predicted family Benign proposed action CAPTURE_TRAFFIC observed protocols TCP UDP HTTPS DNS observed indicators traffic packet rate volume frequency average packet size traffic profile inter arrival time traffic timing TCP ACK responses TCP ACK flag responses,escalate,NIST.SP.800-61r3.pdf; NIST.SP.800-213A.pdf; NIST.SP.800-61r3.pdf,generally_supported,"The excerpts support continuous monitoring and evidence preservation, which broadly support traffic capture as evidence gathering.",generally_supported,"The cited text supports monitoring and evidence collection generally, but not explicitly CAPTURE_TRAFFIC.",keep,General support is sufficient for this non-disruptive action.
NOTIFY_OPERATOR,2,False,EG-O-0313,ieee-access-0133,True,"['NIST.SP.800-61r3-0055', 'NIST.IR.8259A-0022', 'NIST.SP.800-61r3-0068']",original,Benign,Detector confidence is below the validated threshold.,normal activity continuous monitoring avoid unnecessary disruption cybersecurity state logging incident notification response escalation operator IoT predicted family Benign proposed action NOTIFY_OPERATOR observed protocols TCP UDP HTTPS DNS observed indicators traffic packet rate volume frequency average packet size traffic profile inter arrival time traffic timing TCP ACK responses TCP ACK flag responses,escalate,NIST.SP.800-61r3.pdf; NIST.IR.8259A.pdf; NIST.SP.800-61r3.pdf,unsupported,"The evidence supports monitoring and incident reporting, but not the confidence-threshold operator notification.",generally_supported,"The excerpts generally support incident notification and reporting, though not specifically this threshold-based operator notice.",remove,The independent checker found no useful support for the action.
CAPTURE_TRAFFIC,1,False,EG-O-0314,ieee-access-0134,True,"['ETSI.EN.303.645.V3.1.3-0078', 'ETSI.EN.303.645.V3.1.3-0079', 'NIST.SP.800-61r3-0067']",original,Web,Collect additional evidence before a disruptive decision.,SQL injection invalid data input application layer user interface prevent system manipulation collect network traffic evidence incident analysis monitoring IoT predicted family Web proposed action CAPTURE_TRAFFIC observed protocols TCP UDP DNS ARP observed indicators traffic packet rate volume frequency average packet size traffic profile inter arrival time traffic timing TCP ACK responses TCP ACK flag responses,escalate,ETSI.EN.303.645.V3.1.3.pdf; ETSI.EN.303.645.V3.1.3.pdf; NIST.SP.800-61r3.pdf,generally_supported,"The cited material supports evidence preservation and telemetry on invalid input, which loosely aligns with capture traffic, but does not explicitly require it.",directly_supported,"NIST explicitly supports collecting and retaining evidence from incidents, directly supporting capture of traffic as evidence.",keep,General support is sufficient for this non-disruptive action.
NOTIFY_OPERATOR,2,False,EG-O-0315,ieee-access-0134,True,"['ETSI.EN.303.645.V3.1.3-0078', 'ETSI.EN.303.645.V3.1.3-0079', 'NIST.SP.800-61r3-0062']",original,Web,Detector confidence is below the validated threshold.,SQL injection invalid data input application layer user interface prevent system manipulation incident notification response escalation operator IoT predicted family Web proposed action NOTIFY_OPERATOR observed protocols TCP UDP DNS ARP observed indicators traffic packet rate volume frequency average packet size traffic profile inter arrival time traffic timing TCP ACK responses TCP ACK flag responses,escalate,ETSI.EN.303.645.V3.1.3.pdf; ETSI.EN.303.645.V3.1.3.pdf; NIST.SP.800-61r3.pdf,unsupported,No cited evidence supports notifying an operator because confidence is below threshold.,generally_supported,"NIST generally supports automatic reporting of incidents, but the specific threshold-based operator notification rationale is not in the excerpts.",remove,The independent checker found no useful support for the action.
CAPTURE_TRAFFIC,1,False,EG-O-0316,ieee-access-0135,True,"['ETSI.EN.303.645.V3.1.3-0078', 'RFC8520-0031', 'ETSI.EN.303.645.V3.1.3-0079']",original,Web,Collect additional evidence before a disruptive decision.,SQL injection invalid data input application layer user interface prevent system manipulation collect network traffic evidence incident analysis monitoring IoT predicted family Web proposed action CAPTURE_TRAFFIC observed protocols TCP UDP HTTPS ARP observed indicators traffic packet rate volume frequency average packet size traffic profile inter arrival time traffic timing TCP SYN connection attempts TCP SYN flag connection attempts,escalate,ETSI.EN.303.645.V3.1.3.pdf; RFC8520.txt; ETSI.EN.303.645.V3.1.3.pdf,generally_supported,"The RFC excerpt about direction-initiated packet dropping and stateful mechanisms relates to traffic observation, but not directly to capture traffic for evidence.",generally_supported,"ETSI supports capturing invalid-input events as telemetry, which generally supports collecting evidence, but not specifically traffic capture.",keep,General support is sufficient for this non-disruptive action.
NOTIFY_OPERATOR,2,False,EG-O-0317,ieee-access-0135,True,"['ETSI.EN.303.645.V3.1.3-0078', 'RFC8520-0031', 'ETSI.EN.303.645.V3.1.3-0079']",original,Web,Detector confidence is below the validated threshold.,SQL injection invalid data input application layer user interface prevent system manipulation incident notification response escalation operator IoT predicted family Web proposed action NOTIFY_OPERATOR observed protocols TCP UDP HTTPS ARP observed indicators traffic packet rate volume frequency average packet size traffic profile inter arrival time traffic timing TCP SYN connection attempts TCP SYN flag connection attempts,escalate,ETSI.EN.303.645.V3.1.3.pdf; RFC8520.txt; ETSI.EN.303.645.V3.1.3.pdf,unsupported,The evidence does not mention operator notification or confidence thresholds.,unsupported,The provided excerpts do not support notifying an operator; they cover input validation and TCP direction-based dropping rather than incident reporting.,remove,The independent checker found no useful support for the action.
NO_ACTION,1,False,EG-O-0318,ieee-access-0136,True,"['NIST.SP.800-61r3-0055', 'NIST.IR.8259A-0022', 'NIST.SP.800-213A-0053']",original,Benign,The detector classified the observation as benign.,normal activity continuous monitoring avoid unnecessary disruption cybersecurity state logging avoid unnecessary disruption continue observation IoT predicted family Benign proposed action NO_ACTION observed protocols TCP UDP HTTPS ARP observed indicators traffic packet rate volume frequency average packet size traffic profile inter arrival time traffic timing TCP ACK responses TCP ACK flag responses,monitor,NIST.SP.800-61r3.pdf; NIST.IR.8259A.pdf; NIST.SP.800-213A.pdf,unsupported,"The cited material supports monitoring and state awareness, but not the no-action recommendation.",unsupported,"The citations support monitoring and state awareness, not taking no action.",remove,The independent checker found no useful support for the action.
MONITOR,2,False,EG-O-0319,ieee-access-0136,True,"['NIST.SP.800-61r3-0055', 'NIST.SP.800-213A-0053', 'NIST.SP.800-213A-0054']",original,Benign,Continue non-disruptive observation.,normal activity continuous monitoring avoid unnecessary disruption cybersecurity state logging continuous monitoring detect anomalous behavior security events IoT predicted family Benign proposed action MONITOR observed protocols TCP UDP HTTPS ARP observed indicators traffic packet rate volume frequency average packet size traffic profile inter arrival time traffic timing TCP ACK responses TCP ACK flag responses,monitor,NIST.SP.800-61r3.pdf; NIST.SP.800-213A.pdf; NIST.SP.800-213A.pdf,generally_supported,"The excerpts support continuous monitoring and event identification, which align with monitoring.",directly_supported,"The evidence explicitly supports continuous monitoring and event monitoring capabilities, directly supporting MONITOR.",keep,General support is sufficient for this non-disruptive action.
NO_ACTION,1,False,EG-O-0320,ieee-access-0137,True,"['NIST.SP.800-61r3-0055', 'NIST.IR.8259A-0022', 'NIST.SP.800-213A-0053']",original,Benign,The detector classified the observation as benign.,normal activity continuous monitoring avoid unnecessary disruption cybersecurity state logging avoid unnecessary disruption continue observation IoT predicted family Benign proposed action NO_ACTION observed protocols TCP HTTPS observed indicators traffic packet rate volume frequency average packet size traffic profile inter arrival time traffic timing TCP ACK responses TCP ACK flag responses,monitor,NIST.SP.800-61r3.pdf; NIST.IR.8259A.pdf; NIST.SP.800-213A.pdf,unsupported,"The cited material supports monitoring and state awareness, but not the no-action recommendation.",unsupported,The cited passages do not justify NO_ACTION; they support ongoing monitoring and reporting capabilities.,remove,The independent checker found no useful support for the action.
MONITOR,2,False,EG-O-0321,ieee-access-0137,True,"['NIST.SP.800-61r3-0055', 'NIST.SP.800-213A-0053', 'NIST.SP.800-213A-0054']",original,Benign,Continue non-disruptive observation.,normal activity continuous monitoring avoid unnecessary disruption cybersecurity state logging continuous monitoring detect anomalous behavior security events IoT predicted family Benign proposed action MONITOR observed protocols TCP HTTPS observed indicators traffic packet rate volume frequency average packet size traffic profile inter arrival time traffic timing TCP ACK responses TCP ACK flag responses,monitor,NIST.SP.800-61r3.pdf; NIST.SP.800-213A.pdf; NIST.SP.800-213A.pdf,generally_supported,"The evidence supports continuous monitoring and event identification, which broadly support monitoring.",directly_supported,"The excerpts explicitly support continuous monitoring and identifying cybersecurity events, directly matching MONITOR.",keep,General support is sufficient for this non-disruptive action.
NO_ACTION,1,False,EG-O-0322,ieee-access-0138,True,"['NIST.SP.800-61r3-0055', 'NIST.IR.8259A-0022', 'NIST.SP.800-213A-0053']",original,Benign,The detector classified the observation as benign.,normal activity continuous monitoring avoid unnecessary disruption cybersecurity state logging avoid unnecessary disruption continue observation IoT predicted family Benign proposed action NO_ACTION observed protocols TCP UDP HTTPS ARP observed indicators traffic packet rate volume frequency average packet size traffic profile inter arrival time traffic timing TCP ACK responses TCP ACK flag responses,monitor,NIST.SP.800-61r3.pdf; NIST.IR.8259A.pdf; NIST.SP.800-213A.pdf,unsupported,"The cited material supports monitoring and state awareness, but not the no-action recommendation.",unsupported,No excerpt supports a no-action decision; the evidence points toward monitoring.,remove,The independent checker found no useful support for the action.
MONITOR,2,False,EG-O-0323,ieee-access-0138,True,"['NIST.SP.800-61r3-0055', 'NIST.SP.800-213A-0053', 'NIST.SP.800-213A-0054']",original,Benign,Continue non-disruptive observation.,normal activity continuous monitoring avoid unnecessary disruption cybersecurity state logging continuous monitoring detect anomalous behavior security events IoT predicted family Benign proposed action MONITOR observed protocols TCP UDP HTTPS ARP observed indicators traffic packet rate volume frequency average packet size traffic profile inter arrival time traffic timing TCP ACK responses TCP ACK flag responses,monitor,NIST.SP.800-61r3.pdf; NIST.SP.800-213A.pdf; NIST.SP.800-213A.pdf,generally_supported,"The excerpts support continuous monitoring and event identification, which align with monitoring.",directly_supported,"The cited text explicitly supports continuous and event monitoring, directly supporting MONITOR.",keep,General support is sufficient for this non-disruptive action.
NO_ACTION,1,False,EG-O-0324,ieee-access-0139,True,"['NIST.SP.800-61r3-0055', 'NIST.IR.8259A-0022', 'NIST.SP.800-213A-0053']",original,Benign,The detector classified the observation as benign.,normal activity continuous monitoring avoid unnecessary disruption cybersecurity state logging avoid unnecessary disruption continue observation IoT predicted family Benign proposed action NO_ACTION observed protocols TCP ICMP HTTPS observed indicators traffic packet rate volume frequency average packet size traffic profile inter arrival time traffic timing TCP ACK responses TCP ACK flag responses,monitor,NIST.SP.800-61r3.pdf; NIST.IR.8259A.pdf; NIST.SP.800-213A.pdf,unsupported,"The cited material supports monitoring and state awareness, but not the no-action recommendation.",unsupported,The evidence does not support NO_ACTION; it instead supports monitoring and state awareness.,remove,The independent checker found no useful support for the action.
MONITOR,2,False,EG-O-0325,ieee-access-0139,True,"['NIST.SP.800-61r3-0055', 'NIST.SP.800-213A-0053', 'NIST.SP.800-213A-0054']",original,Benign,Continue non-disruptive observation.,normal activity continuous monitoring avoid unnecessary disruption cybersecurity state logging continuous monitoring detect anomalous behavior security events IoT predicted family Benign proposed action MONITOR observed protocols TCP ICMP HTTPS observed indicators traffic packet rate volume frequency average packet size traffic profile inter arrival time traffic timing TCP ACK responses TCP ACK flag responses,monitor,NIST.SP.800-61r3.pdf; NIST.SP.800-213A.pdf; NIST.SP.800-213A.pdf,generally_supported,"The evidence supports continuous monitoring and event identification, which broadly support monitoring.",directly_supported,"The excerpts explicitly support continuous monitoring and event identification/monitoring, directly supporting MONITOR.",keep,General support is sufficient for this non-disruptive action.
NO_ACTION,1,False,EG-O-0326,ieee-access-0140,True,"['NIST.SP.800-61r3-0055', 'NIST.IR.8259A-0022', 'NIST.SP.800-213A-0053']",original,Benign,The detector classified the observation as benign.,normal activity continuous monitoring avoid unnecessary disruption cybersecurity state logging avoid unnecessary disruption continue observation IoT predicted family Benign proposed action NO_ACTION observed protocols TCP UDP HTTPS observed indicators traffic packet rate volume frequency average packet size traffic profile inter arrival time traffic timing TCP ACK responses TCP ACK flag responses,monitor,NIST.SP.800-61r3.pdf; NIST.IR.8259A.pdf; NIST.SP.800-213A.pdf,unsupported,"The cited material supports monitoring and state awareness, but not the no-action recommendation.",unsupported,"The citations discuss monitoring and awareness capabilities, not justification for taking no action.",remove,The independent checker found no useful support for the action.
MONITOR,2,False,EG-O-0327,ieee-access-0140,True,"['NIST.SP.800-61r3-0055', 'NIST.SP.800-213A-0053', 'NIST.SP.800-213A-0054']",original,Benign,Continue non-disruptive observation.,normal activity continuous monitoring avoid unnecessary disruption cybersecurity state logging continuous monitoring detect anomalous behavior security events IoT predicted family Benign proposed action MONITOR observed protocols TCP UDP HTTPS observed indicators traffic packet rate volume frequency average packet size traffic profile inter arrival time traffic timing TCP ACK responses TCP ACK flag responses,monitor,NIST.SP.800-61r3.pdf; NIST.SP.800-213A.pdf; NIST.SP.800-213A.pdf,generally_supported,"The excerpts support continuous monitoring and event identification, which align with monitoring.",directly_supported,"The cited NIST excerpts explicitly support ongoing monitoring and event identification, directly supporting MONITOR.",keep,General support is sufficient for this non-disruptive action.
CAPTURE_TRAFFIC,1,False,EG-O-0328,ieee-access-0141,True,"['ETSI.EN.303.645.V3.1.3-0078', 'ETSI.EN.303.645.V3.1.3-0079', 'NIST.SP.800-61r3-0067']",original,Web,Collect additional evidence before a disruptive decision.,SQL injection invalid data input application layer user interface prevent system manipulation collect network traffic evidence incident analysis monitoring IoT predicted family Web proposed action CAPTURE_TRAFFIC observed protocols TCP UDP ICMP HTTPS ARP observed indicators traffic packet rate volume frequency average packet size traffic profile inter arrival time traffic timing TCP ACK responses TCP ACK flag responses,escalate,ETSI.EN.303.645.V3.1.3.pdf; ETSI.EN.303.645.V3.1.3.pdf; NIST.SP.800-61r3.pdf,generally_supported,"The evidence supports retaining incident evidence, which is broadly consistent with capture traffic, but not explicitly.",directly_supported,"NIST explicitly supports collecting and retaining evidence from incidents, directly supporting traffic capture.",keep,General support is sufficient for this non-disruptive action.
NOTIFY_OPERATOR,2,False,EG-O-0329,ieee-access-0141,True,"['ETSI.EN.303.645.V3.1.3-0078', 'ETSI.EN.303.645.V3.1.3-0079', 'NIST.SP.800-61r3-0062']",original,Web,Detector confidence is below the validated threshold.,SQL injection invalid data input application layer user interface prevent system manipulation incident notification response escalation operator IoT predicted family Web proposed action NOTIFY_OPERATOR observed protocols TCP UDP ICMP HTTPS ARP observed indicators traffic packet rate volume frequency average packet size traffic profile inter arrival time traffic timing TCP ACK responses TCP ACK flag responses,escalate,ETSI.EN.303.645.V3.1.3.pdf; ETSI.EN.303.645.V3.1.3.pdf; NIST.SP.800-61r3.pdf,unsupported,The cited text does not support notifying an operator based on low detector confidence.,generally_supported,"NIST's automatic incident reporting generally supports notify-operator, though not the specific low-confidence basis.",remove,The independent checker found no useful support for the action.
CAPTURE_TRAFFIC,1,False,EG-O-0330,ieee-access-0142,True,"['ETSI.EN.303.645.V3.1.3-0078', 'ETSI.EN.303.645.V3.1.3-0079', 'NIST.SP.800-61r3-0067']",original,Web,Collect additional evidence before a disruptive decision.,SQL injection invalid data input application layer user interface prevent system manipulation collect network traffic evidence incident analysis monitoring IoT predicted family Web proposed action CAPTURE_TRAFFIC observed protocols TCP UDP HTTPS DNS ARP observed indicators traffic packet rate volume frequency average packet size traffic profile inter arrival time traffic timing TCP ACK responses TCP ACK flag responses,escalate,ETSI.EN.303.645.V3.1.3.pdf; ETSI.EN.303.645.V3.1.3.pdf; NIST.SP.800-61r3.pdf,generally_supported,"The excerpts support collecting evidence and telemetry for invalid input, which generally aligns with capture traffic, though not explicitly.",directly_supported,"NIST directly supports collecting and retaining incident evidence, which fits traffic capture.",keep,General support is sufficient for this non-disruptive action.
NOTIFY_OPERATOR,2,False,EG-O-0331,ieee-access-0142,True,"['ETSI.EN.303.645.V3.1.3-0078', 'ETSI.EN.303.645.V3.1.3-0079', 'NIST.SP.800-61r3-0062']",original,Web,Detector confidence is below the validated threshold.,SQL injection invalid data input application layer user interface prevent system manipulation incident notification response escalation operator IoT predicted family Web proposed action NOTIFY_OPERATOR observed protocols TCP UDP HTTPS DNS ARP observed indicators traffic packet rate volume frequency average packet size traffic profile inter arrival time traffic timing TCP ACK responses TCP ACK flag responses,escalate,ETSI.EN.303.645.V3.1.3.pdf; ETSI.EN.303.645.V3.1.3.pdf; NIST.SP.800-61r3.pdf,unsupported,The cited material does not support operator notification for below-threshold confidence.,generally_supported,"Automatic incident reporting generally supports notifying an operator, but not specifically due to detector confidence below threshold.",remove,The independent checker found no useful support for the action.
CAPTURE_TRAFFIC,1,False,EG-O-0332,ieee-access-0143,True,"['ETSI.EN.303.645.V3.1.3-0078', 'ETSI.EN.303.645.V3.1.3-0079', 'NIST.SP.800-61r3-0067']",original,Web,Collect additional evidence before a disruptive decision.,SQL injection invalid data input application layer user interface prevent system manipulation collect network traffic evidence incident analysis monitoring IoT predicted family Web proposed action CAPTURE_TRAFFIC observed protocols TCP UDP HTTP HTTPS DNS observed indicators traffic packet rate volume frequency average packet size traffic profile inter arrival time traffic timing TCP ACK responses TCP ACK flag responses,escalate,ETSI.EN.303.645.V3.1.3.pdf; ETSI.EN.303.645.V3.1.3.pdf; NIST.SP.800-61r3.pdf,generally_supported,"The evidence on collecting and retaining incident evidence supports capture-oriented handling, but not traffic capture specifically.",directly_supported,"NIST explicitly supports evidence collection and retention, directly supporting traffic capture.",keep,General support is sufficient for this non-disruptive action.
NOTIFY_OPERATOR,2,False,EG-O-0333,ieee-access-0143,True,"['ETSI.EN.303.645.V3.1.3-0078', 'ETSI.EN.303.645.V3.1.3-0079', 'NIST.SP.800-61r3-0062']",original,Web,Detector confidence is below the validated threshold.,SQL injection invalid data input application layer user interface prevent system manipulation incident notification response escalation operator IoT predicted family Web proposed action NOTIFY_OPERATOR observed protocols TCP UDP HTTP HTTPS DNS observed indicators traffic packet rate volume frequency average packet size traffic profile inter arrival time traffic timing TCP ACK responses TCP ACK flag responses,escalate,ETSI.EN.303.645.V3.1.3.pdf; ETSI.EN.303.645.V3.1.3.pdf; NIST.SP.800-61r3.pdf,unsupported,The excerpts do not justify notifying an operator on the basis given.,generally_supported,"NIST generally supports automatic incident reporting, but the excerpts do not specifically justify notification based on confidence thresholding.",remove,The independent checker found no useful support for the action.
CAPTURE_TRAFFIC,1,False,EG-O-0334,ieee-access-0144,True,"['ETSI.EN.303.645.V3.1.3-0078', 'ETSI.EN.303.645.V3.1.3-0079', 'NIST.SP.800-61r3-0067']",original,Web,Collect additional evidence before a disruptive decision.,SQL injection invalid data input application layer user interface prevent system manipulation collect network traffic evidence incident analysis monitoring IoT predicted family Web proposed action CAPTURE_TRAFFIC observed protocols TCP HTTP HTTPS observed indicators traffic packet rate volume frequency average packet size traffic profile inter arrival time traffic timing TCP ACK responses TCP ACK flag responses,escalate,ETSI.EN.303.645.V3.1.3.pdf; ETSI.EN.303.645.V3.1.3.pdf; NIST.SP.800-61r3.pdf,generally_supported,"The evidence supports telemetry capture of invalid input and preserving incident evidence, which is related to capture traffic, but not explicit.",directly_supported,NIST's evidence collection requirement directly supports capturing traffic before taking disruptive action.,keep,General support is sufficient for this non-disruptive action.
NOTIFY_OPERATOR,2,False,EG-O-0335,ieee-access-0144,True,"['ETSI.EN.303.645.V3.1.3-0078', 'ETSI.EN.303.645.V3.1.3-0079', 'NIST.SP.800-61r3-0062']",original,Web,Detector confidence is below the validated threshold.,SQL injection invalid data input application layer user interface prevent system manipulation incident notification response escalation operator IoT predicted family Web proposed action NOTIFY_OPERATOR observed protocols TCP HTTP HTTPS observed indicators traffic packet rate volume frequency average packet size traffic profile inter arrival time traffic timing TCP ACK responses TCP ACK flag responses,escalate,ETSI.EN.303.645.V3.1.3.pdf; ETSI.EN.303.645.V3.1.3.pdf; NIST.SP.800-61r3.pdf,unsupported,The cited excerpts do not support notifying an operator for below-threshold confidence.,generally_supported,"NIST generally supports reporting incidents, but not the specific operator-notification rationale tied to low confidence.",remove,The independent checker found no useful support for the action.
CAPTURE_TRAFFIC,1,False,EG-O-0336,ieee-access-0145,True,"['ETSI.EN.303.645.V3.1.3-0078', 'ETSI.EN.303.645.V3.1.3-0079', 'NIST.SP.800-61r3-0067']",original,Web,Collect additional evidence before a disruptive decision.,SQL injection invalid data input application layer user interface prevent system manipulation collect network traffic evidence incident analysis monitoring IoT predicted family Web proposed action CAPTURE_TRAFFIC observed protocols TCP UDP HTTPS observed indicators traffic packet rate volume frequency average packet size traffic profile inter arrival time traffic timing TCP ACK responses TCP ACK flag responses,escalate,ETSI.EN.303.645.V3.1.3.pdf; ETSI.EN.303.645.V3.1.3.pdf; NIST.SP.800-61r3.pdf,generally_supported,"The evidence supports retaining incident evidence, which broadly aligns with capture traffic, but does not explicitly say to capture traffic.",directly_supported,"NIST explicitly supports collecting and retaining evidence from incidents, directly supporting traffic capture.",keep,General support is sufficient for this non-disruptive action.
NOTIFY_OPERATOR,2,False,EG-O-0337,ieee-access-0145,True,"['ETSI.EN.303.645.V3.1.3-0078', 'ETSI.EN.303.645.V3.1.3-0079', 'NIST.SP.800-61r3-0062']",original,Web,Detector confidence is below the validated threshold.,SQL injection invalid data input application layer user interface prevent system manipulation incident notification response escalation operator IoT predicted family Web proposed action NOTIFY_OPERATOR observed protocols TCP UDP HTTPS observed indicators traffic packet rate volume frequency average packet size traffic profile inter arrival time traffic timing TCP ACK responses TCP ACK flag responses,escalate,ETSI.EN.303.645.V3.1.3.pdf; ETSI.EN.303.645.V3.1.3.pdf; NIST.SP.800-61r3.pdf,unsupported,No cited excerpt supports notifying an operator in this case.,generally_supported,"The NIST reporting language generally supports notifying an operator, though not specifically for below-threshold detector confidence.",remove,The independent checker found no useful support for the action.
INCREASE_LOGGING,1,False,EG-O-0338,ieee-access-0146,True,"['ETSI.EN.303.645.V3.1.3-0078', 'ETSI.EN.303.645.V3.1.3-0079', 'RFC8576-0041']",original,Web,"Increase visibility into the anomalous observed flow profile to confirm whether the behavior is transient, benign, or indicative of malicious web-related activity.",SQL injection invalid data input application layer user interface prevent system manipulation increase security event logging monitoring incident analysis IoT predicted family Web proposed action INCREASE_LOGGING observed protocols TCP UDP ICMP observed indicators traffic packet rate volume frequency average packet size traffic profile inter arrival time traffic timing TCP ACK responses TCP ACK flag responses,plan,ETSI.EN.303.645.V3.1.3.pdf; ETSI.EN.303.645.V3.1.3.pdf; RFC8576.txt,generally_supported,"The RFC text supports observing packet behavior and state-exhaustion concerns, which weakly aligns with increasing logging, but does not explicitly recommend it.",generally_supported,"ETSI's capture of events as telemetry data generally supports enhanced logging/visibility, but not an explicit action to increase logging.",keep,General support is sufficient for this non-disruptive action.
CAPTURE_TRAFFIC,2,False,EG-O-0339,ieee-access-0146,True,"['ETSI.EN.303.645.V3.1.3-0078', 'ETSI.EN.303.645.V3.1.3-0079', 'NIST.SP.800-61r3-0067']",original,Web,Collect packet evidence for analysis because the alert lacks a validated device identifier and protocol detail is limited.,SQL injection invalid data input application layer user interface prevent system manipulation collect network traffic evidence incident analysis monitoring IoT predicted family Web proposed action CAPTURE_TRAFFIC observed protocols TCP UDP ICMP observed indicators traffic packet rate volume frequency average packet size traffic profile inter arrival time traffic timing TCP ACK responses TCP ACK flag responses,plan,ETSI.EN.303.645.V3.1.3.pdf; ETSI.EN.303.645.V3.1.3.pdf; NIST.SP.800-61r3.pdf,generally_supported,"The evidence supports collecting and retaining incident evidence, which is broadly consistent with packet capture, but not directly.",directly_supported,"NIST explicitly supports collecting and retaining incident evidence, directly supporting collection of packet evidence via traffic capture.",keep,General support is sufficient for this non-disruptive action.
NOTIFY_OPERATOR,3,False,EG-O-0340,ieee-access-0146,True,"['ETSI.EN.303.645.V3.1.3-0078', 'ETSI.EN.303.645.V3.1.3-0079', 'NIST.SP.800-61r3-0062']",original,Web,Escalate to an operator for review and possible follow-up containment since intent is advisory only and device identity is not confirmed.,SQL injection invalid data input application layer user interface prevent system manipulation incident notification response escalation operator IoT predicted family Web proposed action NOTIFY_OPERATOR observed protocols TCP UDP ICMP observed indicators traffic packet rate volume frequency average packet size traffic profile inter arrival time traffic timing TCP ACK responses TCP ACK flag responses,plan,ETSI.EN.303.645.V3.1.3.pdf; ETSI.EN.303.645.V3.1.3.pdf; NIST.SP.800-61r3.pdf,unsupported,The cited material does not support operator notification for the stated rationale.,generally_supported,"NIST says detection technologies should automatically report incidents, generally supporting operator notification, though not specifically because identity is unconfirmed or action is advisory.",remove,The independent checker found no useful support for the action.
INCREASE_LOGGING,1,False,EG-O-0341,ieee-access-0147,True,"['ETSI.EN.303.645.V3.1.3-0078', 'ETSI.EN.303.645.V3.1.3-0079', 'RFC8576-0041']",original,Web,Improve visibility into the anomalous profile and preserve evidence for validation.,SQL injection invalid data input application layer user interface prevent system manipulation increase security event logging monitoring incident analysis IoT predicted family Web proposed action INCREASE_LOGGING observed protocols TCP UDP HTTP HTTPS observed indicators traffic packet rate volume frequency average packet size traffic profile inter arrival time traffic timing TCP ACK responses TCP ACK flag responses,plan,ETSI.EN.303.645.V3.1.3.pdf; ETSI.EN.303.645.V3.1.3.pdf; RFC8576.txt,generally_supported,"The RFC excerpt about packet-size limits and state-exhaustion risks supports added observability in a weak general sense, but not explicit logging.",generally_supported,"ETSI's telemetry-capture example generally supports logging/visibility, but the excerpts do not explicitly call for increasing logging.",keep,General support is sufficient for this non-disruptive action.
CAPTURE_TRAFFIC,2,False,EG-O-0342,ieee-access-0147,True,"['ETSI.EN.303.645.V3.1.3-0078', 'ETSI.EN.303.645.V3.1.3-0079', 'NIST.SP.800-61r3-0067']",original,Web,Collect supporting traffic evidence to distinguish benign web activity from suspicious use.,SQL injection invalid data input application layer user interface prevent system manipulation collect network traffic evidence incident analysis monitoring IoT predicted family Web proposed action CAPTURE_TRAFFIC observed protocols TCP UDP HTTP HTTPS observed indicators traffic packet rate volume frequency average packet size traffic profile inter arrival time traffic timing TCP ACK responses TCP ACK flag responses,plan,ETSI.EN.303.645.V3.1.3.pdf; ETSI.EN.303.645.V3.1.3.pdf; NIST.SP.800-61r3.pdf,generally_supported,"The evidence supports collecting and retaining incident evidence, which generally aligns with traffic capture, but is not explicit.",directly_supported,"NIST explicitly supports evidence collection and retention from incidents, directly supporting traffic capture for triage.",keep,General support is sufficient for this non-disruptive action.
NOTIFY_OPERATOR,3,False,EG-O-0343,ieee-access-0147,True,"['ETSI.EN.303.645.V3.1.3-0078', 'ETSI.EN.303.645.V3.1.3-0079', 'NIST.SP.800-61r3-0062']",original,Web,Human review is warranted because the alert is above threshold but lacks a validated device identifier.,SQL injection invalid data input application layer user interface prevent system manipulation incident notification response escalation operator IoT predicted family Web proposed action NOTIFY_OPERATOR observed protocols TCP UDP HTTP HTTPS observed indicators traffic packet rate volume frequency average packet size traffic profile inter arrival time traffic timing TCP ACK responses TCP ACK flag responses,plan,ETSI.EN.303.645.V3.1.3.pdf; ETSI.EN.303.645.V3.1.3.pdf; NIST.SP.800-61r3.pdf,unsupported,The excerpts do not support notifying an operator because the device identifier is unvalidated.,generally_supported,"NIST generally supports automatic reporting of incidents, but not specifically human review because the device identifier is unvalidated.",remove,The independent checker found no useful support for the action.
INCREASE_LOGGING,1,False,EG-O-0344,ieee-access-0148,True,"['ETSI.EN.303.645.V3.1.3-0078', 'ETSI.EN.303.645.V3.1.3-0079', 'RFC8576-0041']",original,Web,Improves visibility for a potentially suspicious Web-related flow while avoiding disruption.,SQL injection invalid data input application layer user interface prevent system manipulation increase security event logging monitoring incident analysis IoT predicted family Web proposed action INCREASE_LOGGING observed protocols TCP UDP ICMP HTTPS DNS ARP observed indicators traffic packet rate volume frequency average packet size traffic profile inter arrival time traffic timing TCP ACK responses TCP ACK flag responses,plan,ETSI.EN.303.645.V3.1.3.pdf; ETSI.EN.303.645.V3.1.3.pdf; RFC8576.txt,generally_supported,"The RFC excerpt supports awareness of fragmentation-related attack vectors, which can motivate more logging, but it does not explicitly say to increase logging.",generally_supported,"Capturing events as telemetry data generally supports improved visibility/logging, but no excerpt explicitly supports increasing logging.",keep,General support is sufficient for this non-disruptive action.
CAPTURE_TRAFFIC,2,False,EG-O-0345,ieee-access-0148,True,"['ETSI.EN.303.645.V3.1.3-0078', 'ETSI.EN.303.645.V3.1.3-0079', 'NIST.SP.800-61r3-0067']",original,Web,Preserves evidence for validation and incident triage under low device-specific certainty.,SQL injection invalid data input application layer user interface prevent system manipulation collect network traffic evidence incident analysis monitoring IoT predicted family Web proposed action CAPTURE_TRAFFIC observed protocols TCP UDP ICMP HTTPS DNS ARP observed indicators traffic packet rate volume frequency average packet size traffic profile inter arrival time traffic timing TCP ACK responses TCP ACK flag responses,plan,ETSI.EN.303.645.V3.1.3.pdf; ETSI.EN.303.645.V3.1.3.pdf; NIST.SP.800-61r3.pdf,generally_supported,"The evidence supports evidence collection and retention, which is broadly consistent with capture traffic, but not directly.",directly_supported,"NIST explicitly directs collecting and retaining incident evidence, directly supporting traffic capture to preserve evidence for triage.",keep,General support is sufficient for this non-disruptive action.
NOTIFY_OPERATOR,3,False,EG-O-0346,ieee-access-0148,True,"['ETSI.EN.303.645.V3.1.3-0078', 'ETSI.EN.303.645.V3.1.3-0079', 'NIST.SP.800-61r3-0062']",original,Web,Human review is appropriate because the alert is actionable but attribution is limited and execution is forbidden.,SQL injection invalid data input application layer user interface prevent system manipulation incident notification response escalation operator IoT predicted family Web proposed action NOTIFY_OPERATOR observed protocols TCP UDP ICMP HTTPS DNS ARP observed indicators traffic packet rate volume frequency average packet size traffic profile inter arrival time traffic timing TCP ACK responses TCP ACK flag responses,plan,ETSI.EN.303.645.V3.1.3.pdf; ETSI.EN.303.645.V3.1.3.pdf; NIST.SP.800-61r3.pdf,unsupported,The cited excerpts do not support operator notification based on limited attribution or forbidden execution.,generally_supported,"NIST generally supports incident reporting to responders/operators, but not the specific rationale about limited attribution and forbidden execution.",remove,The independent checker found no useful support for the action.
INCREASE_LOGGING,1,False,EG-O-0347,ieee-access-0149,True,"['ETSI.EN.303.645.V3.1.3-0078', 'ETSI.EN.303.645.V3.1.3-0079', 'RFC8576-0041']",original,Web,Improve visibility for a web-family anomaly without assuming device identity.,SQL injection invalid data input application layer user interface prevent system manipulation increase security event logging monitoring incident analysis IoT predicted family Web proposed action INCREASE_LOGGING observed protocols TCP HTTP HTTPS observed indicators traffic packet rate volume frequency average packet size traffic profile inter arrival time traffic timing TCP ACK responses TCP ACK flag responses,plan,ETSI.EN.303.645.V3.1.3.pdf; ETSI.EN.303.645.V3.1.3.pdf; RFC8576.txt,generally_supported,"The RFC excerpt supports protocol/traffic observation concerns, which loosely aligns with increasing logging, but not explicitly.",generally_supported,"ETSI's telemetry example generally supports observability/logging, but the evidence does not explicitly justify increasing logging.",keep,General support is sufficient for this non-disruptive action.
CAPTURE_TRAFFIC,2,False,EG-O-0348,ieee-access-0149,True,"['ETSI.EN.303.645.V3.1.3-0078', 'ETSI.EN.303.645.V3.1.3-0079', 'NIST.SP.800-61r3-0067']",original,Web,Preserve evidence for triage and validate whether the profile reflects benign web use or suspicious activity.,SQL injection invalid data input application layer user interface prevent system manipulation collect network traffic evidence incident analysis monitoring IoT predicted family Web proposed action CAPTURE_TRAFFIC observed protocols TCP HTTP HTTPS observed indicators traffic packet rate volume frequency average packet size traffic profile inter arrival time traffic timing TCP ACK responses TCP ACK flag responses,plan,ETSI.EN.303.645.V3.1.3.pdf; ETSI.EN.303.645.V3.1.3.pdf; NIST.SP.800-61r3.pdf,generally_supported,"The evidence supports collecting and retaining incident evidence, which broadly supports traffic capture, but does not explicitly mandate it.",directly_supported,"NIST explicitly supports collecting and retaining evidence from incidents, directly supporting traffic capture for validation and triage.",keep,General support is sufficient for this non-disruptive action.
NOTIFY_OPERATOR,3,False,EG-O-0349,ieee-access-0149,True,"['ETSI.EN.303.645.V3.1.3-0078', 'ETSI.EN.303.645.V3.1.3-0079', 'NIST.SP.800-61r3-0062']",original,Web,Human review is appropriate because the alert is credible but identity is unresolved and the intent is non-executing.,SQL injection invalid data input application layer user interface prevent system manipulation incident notification response escalation operator IoT predicted family Web proposed action NOTIFY_OPERATOR observed protocols TCP HTTP HTTPS observed indicators traffic packet rate volume frequency average packet size traffic profile inter arrival time traffic timing TCP ACK responses TCP ACK flag responses,plan,ETSI.EN.303.645.V3.1.3.pdf; ETSI.EN.303.645.V3.1.3.pdf; NIST.SP.800-61r3.pdf,unsupported,The excerpts do not support operator notification for unresolved identity.,generally_supported,"NIST generally supports automatic reporting of incidents, but not the specific rationale tied to unresolved identity and non-executing intent.",remove,The independent checker found no useful support for the action.
INCREASE_LOGGING,1,False,EG-O-0350,ieee-access-0150,True,"['ETSI.EN.303.645.V3.1.3-0078', 'RFC8520-0031', 'ETSI.EN.303.645.V3.1.3-0079']",original,Web,"Increase visibility to validate whether the observed web-like activity is benign, misclassified, or malicious.",SQL injection invalid data input application layer user interface prevent system manipulation increase security event logging monitoring incident analysis IoT predicted family Web proposed action INCREASE_LOGGING observed protocols TCP UDP HTTP observed indicators traffic packet rate volume frequency average packet size traffic profile inter arrival time traffic timing TCP SYN connection attempts TCP SYN flag connection attempts,plan,ETSI.EN.303.645.V3.1.3.pdf; RFC8520.txt; ETSI.EN.303.645.V3.1.3.pdf,generally_supported,"The evidence supports validating suspicious activity and retaining evidence, which can justify more visibility, but not explicit increased logging.",generally_supported,"ETSI's telemetry capture generally supports additional visibility, but the excerpts do not explicitly support increasing logging; RFC8520 is unrelated to logging.",keep,General support is sufficient for this non-disruptive action.
CAPTURE_TRAFFIC,2,False,EG-O-0351,ieee-access-0150,True,"['ETSI.EN.303.645.V3.1.3-0078', 'RFC8520-0031', 'ETSI.EN.303.645.V3.1.3-0079']",original,Web,Collect packet evidence to confirm protocol behavior and look for indicators of exploitation or abnormal web session patterns.,SQL injection invalid data input application layer user interface prevent system manipulation collect network traffic evidence incident analysis monitoring IoT predicted family Web proposed action CAPTURE_TRAFFIC observed protocols TCP UDP HTTP observed indicators traffic packet rate volume frequency average packet size traffic profile inter arrival time traffic timing TCP SYN connection attempts TCP SYN flag connection attempts,plan,ETSI.EN.303.645.V3.1.3.pdf; RFC8520.txt; ETSI.EN.303.645.V3.1.3.pdf,generally_supported,"The RFC text about TCP direction and stateful mechanisms supports traffic inspection/observation, which is only generally related to packet capture.",generally_supported,"ETSI telemetry capture generally supports collecting security-relevant evidence, but the cited excerpts do not explicitly support packet/traffic capture; RFC8520 concerns TCP direction filtering, not evidence capture.",keep,General support is sufficient for this non-disruptive action.
NOTIFY_OPERATOR,3,False,EG-O-0352,ieee-access-0150,True,"['ETSI.EN.303.645.V3.1.3-0078', 'RFC8520-0031', 'ETSI.EN.303.645.V3.1.3-0079']",original,Web,Human review is appropriate because confidence is moderate and the alert cannot identify a specific device.,SQL injection invalid data input application layer user interface prevent system manipulation incident notification response escalation operator IoT predicted family Web proposed action NOTIFY_OPERATOR observed protocols TCP UDP HTTP observed indicators traffic packet rate volume frequency average packet size traffic profile inter arrival time traffic timing TCP SYN connection attempts TCP SYN flag connection attempts,plan,ETSI.EN.303.645.V3.1.3.pdf; RFC8520.txt; ETSI.EN.303.645.V3.1.3.pdf,unsupported,The cited excerpts do not support notifying an operator because a specific device cannot be identified.,unsupported,"The excerpts provided do not support notifying an operator. They address input validation and TCP connection-direction filtering, not human review or incident reporting.",remove,The independent checker found no useful support for the action.
CAPTURE_TRAFFIC,1,False,EG-O-0353,ieee-access-0151,True,"['NIST.SP.800-61r3-0067', 'RFC8576-0026', 'RFC8576-0067']",original,Spoofing,Collect additional evidence before a disruptive decision.,spoofing impersonation authentication network access control identity collect network traffic evidence incident analysis monitoring IoT predicted family Spoofing proposed action CAPTURE_TRAFFIC observed protocols TCP HTTPS observed indicators traffic packet rate volume frequency average packet size traffic profile inter arrival time traffic timing TCP ACK responses TCP ACK flag responses,escalate,NIST.SP.800-61r3.pdf; RFC8576.txt; RFC8576.txt,directly_supported,"The evidence-preservation guidance explicitly supports collecting and retaining incident data, which directly supports capturing traffic.",generally_supported,"The NIST evidence-preservation excerpt generally supports collecting additional evidence from incidents, but not specifically capturing network traffic.",keep,The action has direct documentary support.
NOTIFY_OPERATOR,2,False,EG-O-0354,ieee-access-0151,True,"['NIST.SP.800-61r3-0062', 'NIST.SP.800-61r3-0068', 'NIST.SP.800-213A-0065']",original,Spoofing,Detector confidence is below the validated threshold.,spoofing impersonation authentication network access control identity incident notification response escalation operator IoT predicted family Spoofing proposed action NOTIFY_OPERATOR observed protocols TCP HTTPS observed indicators traffic packet rate volume frequency average packet size traffic profile inter arrival time traffic timing TCP ACK responses TCP ACK flag responses,escalate,NIST.SP.800-61r3.pdf; NIST.SP.800-61r3.pdf; NIST.SP.800-213A.pdf,generally_supported,"The cited excerpts support incident reporting and communication, but not operator notification based on below-threshold confidence.",generally_supported,The NIST communication/reporting excerpts generally support notifying operators/stakeholders about incidents. They do not specifically support the below-threshold confidence rationale.,keep,General support is sufficient for this non-disruptive action.
CAPTURE_TRAFFIC,1,False,EG-O-0355,ieee-access-0152,True,"['NIST.SP.800-61r3-0055', 'NIST.SP.800-213A-0053', 'NIST.SP.800-61r3-0067']",original,Benign,Collect additional evidence before a disruptive decision.,normal activity continuous monitoring avoid unnecessary disruption cybersecurity state logging collect network traffic evidence incident analysis monitoring IoT predicted family Benign proposed action CAPTURE_TRAFFIC observed protocols TCP HTTP observed indicators traffic packet rate volume frequency average packet size traffic profile inter arrival time traffic timing TCP ACK responses TCP ACK flag responses,escalate,NIST.SP.800-61r3.pdf; NIST.SP.800-213A.pdf; NIST.SP.800-61r3.pdf,generally_supported,"The cited material supports continuous monitoring and evidence preservation, but not explicit traffic capture.",generally_supported,"The evidence supports monitoring and evidence collection broadly, but not the specific mechanism of traffic capture.",keep,General support is sufficient for this non-disruptive action.
NOTIFY_OPERATOR,2,False,EG-O-0356,ieee-access-0152,True,"['NIST.SP.800-61r3-0055', 'NIST.SP.800-61r3-0068', 'NIST.IR.8259A-0022']",original,Benign,Detector confidence is below the validated threshold.,normal activity continuous monitoring avoid unnecessary disruption cybersecurity state logging incident notification response escalation operator IoT predicted family Benign proposed action NOTIFY_OPERATOR observed protocols TCP HTTP observed indicators traffic packet rate volume frequency average packet size traffic profile inter arrival time traffic timing TCP ACK responses TCP ACK flag responses,escalate,NIST.SP.800-61r3.pdf; NIST.SP.800-61r3.pdf; NIST.IR.8259A.pdf,unsupported,"The excerpts support monitoring, incident reporting, and state awareness, but not notifying the operator due to low confidence.",generally_supported,"The excerpts support incident notification/communication and state reporting generally, though not specifically because of low detector confidence.",remove,The independent checker found no useful support for the action.
CAPTURE_TRAFFIC,1,False,EG-O-0357,ieee-access-0153,True,"['NIST.SP.800-61r3-0055', 'NIST.SP.800-213A-0053', 'NIST.SP.800-61r3-0067']",original,Benign,Collect additional evidence before a disruptive decision.,normal activity continuous monitoring avoid unnecessary disruption cybersecurity state logging collect network traffic evidence incident analysis monitoring IoT predicted family Benign proposed action CAPTURE_TRAFFIC observed protocols TCP UDP HTTPS ARP observed indicators traffic packet rate volume frequency average packet size traffic profile inter arrival time traffic timing TCP ACK responses TCP ACK flag responses,escalate,NIST.SP.800-61r3.pdf; NIST.SP.800-213A.pdf; NIST.SP.800-61r3.pdf,generally_supported,"The evidence supports continuous monitoring and evidence preservation, which are consistent with capturing traffic, but not explicit traffic capture.",generally_supported,"The evidence supports monitoring and evidence retention generally, but not explicit traffic capture.",keep,General support is sufficient for this non-disruptive action.
NOTIFY_OPERATOR,2,False,EG-O-0358,ieee-access-0153,True,"['NIST.SP.800-61r3-0055', 'NIST.IR.8259A-0022', 'NIST.SP.800-61r3-0068']",original,Benign,Detector confidence is below the validated threshold.,normal activity continuous monitoring avoid unnecessary disruption cybersecurity state logging incident notification response escalation operator IoT predicted family Benign proposed action NOTIFY_OPERATOR observed protocols TCP UDP HTTPS ARP observed indicators traffic packet rate volume frequency average packet size traffic profile inter arrival time traffic timing TCP ACK responses TCP ACK flag responses,escalate,NIST.SP.800-61r3.pdf; NIST.IR.8259A.pdf; NIST.SP.800-61r3.pdf,unsupported,"The cited material supports monitoring and state awareness, but not notifying the operator due to low confidence.",generally_supported,"The excerpts generally support notification and communication, but not this precise rationale for notifying an operator.",remove,The independent checker found no useful support for the action.
CAPTURE_TRAFFIC,1,False,EG-O-0359,ieee-access-0154,True,"['NIST.SP.800-61r3-0055', 'NIST.SP.800-213A-0053', 'NIST.SP.800-61r3-0067']",original,Benign,Collect additional evidence before a disruptive decision.,normal activity continuous monitoring avoid unnecessary disruption cybersecurity state logging collect network traffic evidence incident analysis monitoring IoT predicted family Benign proposed action CAPTURE_TRAFFIC observed protocols TCP UDP HTTPS ARP observed indicators traffic packet rate volume frequency average packet size traffic profile inter arrival time traffic timing TCP ACK responses TCP ACK flag responses,escalate,NIST.SP.800-61r3.pdf; NIST.SP.800-213A.pdf; NIST.SP.800-61r3.pdf,generally_supported,"The excerpts support continuous monitoring and evidence preservation, which broadly support collecting traffic for analysis.",generally_supported,"The citations support monitoring and evidence collection in general, but do not explicitly support CAPTURE_TRAFFIC.",keep,General support is sufficient for this non-disruptive action.
NOTIFY_OPERATOR,2,False,EG-O-0360,ieee-access-0154,True,"['NIST.SP.800-61r3-0055', 'NIST.IR.8259A-0022', 'NIST.SP.800-61r3-0068']",original,Benign,Detector confidence is below the validated threshold.,normal activity continuous monitoring avoid unnecessary disruption cybersecurity state logging incident notification response escalation operator IoT predicted family Benign proposed action NOTIFY_OPERATOR observed protocols TCP UDP HTTPS ARP observed indicators traffic packet rate volume frequency average packet size traffic profile inter arrival time traffic timing TCP ACK responses TCP ACK flag responses,escalate,NIST.SP.800-61r3.pdf; NIST.IR.8259A.pdf; NIST.SP.800-61r3.pdf,unsupported,"The evidence supports monitoring and incident reporting, but not the confidence-threshold operator notification.",generally_supported,"The evidence supports stakeholder notification and cybersecurity state reporting generally, though not the exact low-confidence trigger.",remove,The independent checker found no useful support for the action.
CAPTURE_TRAFFIC,1,False,EG-O-0361,ieee-access-0155,True,"['NIST.SP.800-61r3-0055', 'RFC8520-0031', 'NIST.SP.800-61r3-0067']",original,Recon,Collect additional evidence before a disruptive decision.,reconnaissance scanning probing unauthorized activity continuous monitoring logging collect network traffic evidence incident analysis monitoring IoT predicted family Recon proposed action CAPTURE_TRAFFIC observed protocols TCP HTTPS observed indicators traffic packet rate volume frequency average packet size traffic profile inter arrival time traffic timing TCP SYN connection attempts TCP SYN flag connection attempts,escalate,NIST.SP.800-61r3.pdf; RFC8520.txt; NIST.SP.800-61r3.pdf,generally_supported,"The excerpts support continuous monitoring and evidence collection, which aligns with traffic capture, but they do not explicitly justify the concrete action.",generally_supported,"The evidence supports continuous monitoring and collection/retention of incident evidence, but does not explicitly support traffic capture as the concrete action.",keep,General support is sufficient for this non-disruptive action.
NOTIFY_OPERATOR,2,False,EG-O-0362,ieee-access-0155,True,"['NIST.SP.800-61r3-0055', 'RFC8520-0031', 'NIST.SP.800-61r3-0068']",original,Recon,Detector confidence is below the validated threshold.,reconnaissance scanning probing unauthorized activity continuous monitoring logging incident notification response escalation operator IoT predicted family Recon proposed action NOTIFY_OPERATOR observed protocols TCP HTTPS observed indicators traffic packet rate volume frequency average packet size traffic profile inter arrival time traffic timing TCP SYN connection attempts TCP SYN flag connection attempts,escalate,NIST.SP.800-61r3.pdf; RFC8520.txt; NIST.SP.800-61r3.pdf,generally_supported,"The evidence supports monitoring and incident communication, which is compatible with operator notification, but it does not specifically justify the confidence-based rationale.",generally_supported,"The cited NIST communication excerpt generally supports incident notification/reporting, but not specifically notifying an operator due to detector confidence being below threshold.",keep,General support is sufficient for this non-disruptive action.
INCREASE_LOGGING,1,False,EG-O-0363,ieee-access-0156,True,"['NIST.SP.800-61r3-0055', 'RFC8520-0031', 'NIST.SP.800-213A-0053']",original,Recon,Improve visibility into potential reconnaissance patterns and support later attribution without assuming device identity.,reconnaissance scanning probing unauthorized activity continuous monitoring logging increase security event logging monitoring incident analysis IoT predicted family Recon proposed action INCREASE_LOGGING observed protocols TCP UDP HTTP HTTPS DNS observed indicators traffic packet rate volume frequency average packet size traffic profile inter arrival time traffic timing TCP SYN connection attempts TCP SYN flag connection attempts,plan,NIST.SP.800-61r3.pdf; RFC8520.txt; NIST.SP.800-213A.pdf,generally_supported,"The excerpts support continuous monitoring and event identification, but they do not directly support increasing logging as the recommended action.",generally_supported,"The evidence supports monitoring and event identification capabilities, which generally supports improving visibility, but not explicitly increasing logging.",keep,General support is sufficient for this non-disruptive action.
CAPTURE_TRAFFIC,2,False,EG-O-0364,ieee-access-0156,True,"['NIST.SP.800-61r3-0055', 'RFC8520-0031', 'NIST.SP.800-61r3-0067']",original,Recon,Collect evidence to confirm whether the observed activity is active probing or benign management traffic.,reconnaissance scanning probing unauthorized activity continuous monitoring logging collect network traffic evidence incident analysis monitoring IoT predicted family Recon proposed action CAPTURE_TRAFFIC observed protocols TCP UDP HTTP HTTPS DNS observed indicators traffic packet rate volume frequency average packet size traffic profile inter arrival time traffic timing TCP SYN connection attempts TCP SYN flag connection attempts,plan,NIST.SP.800-61r3.pdf; RFC8520.txt; NIST.SP.800-61r3.pdf,generally_supported,"The evidence supports monitoring and evidence preservation, which aligns with capturing traffic, but it does not explicitly support the specific action.",generally_supported,"The excerpts support monitoring and evidence collection/retention generally, but do not explicitly support traffic capture as the specific mechanism to confirm the activity.",keep,General support is sufficient for this non-disruptive action.
NOTIFY_OPERATOR,3,False,EG-O-0365,ieee-access-0156,True,"['NIST.SP.800-61r3-0055', 'RFC8520-0031', 'NIST.SP.800-61r3-0068']",original,Recon,"Human review is appropriate because the alert is confident but identity is not validated, and containment could be overly broad.",reconnaissance scanning probing unauthorized activity continuous monitoring logging incident notification response escalation operator IoT predicted family Recon proposed action NOTIFY_OPERATOR observed protocols TCP UDP HTTP HTTPS DNS observed indicators traffic packet rate volume frequency average packet size traffic profile inter arrival time traffic timing TCP SYN connection attempts TCP SYN flag connection attempts,plan,NIST.SP.800-61r3.pdf; RFC8520.txt; NIST.SP.800-61r3.pdf,generally_supported,"The evidence supports monitoring and incident communication, which is compatible with operator notification, but it does not specifically support the stated rationale about confidence and identity validation.",generally_supported,"The NIST response communication material generally supports notifying stakeholders/operators about incidents, but does not explicitly support operator review for the stated identity/containment concerns.",keep,General support is sufficient for this non-disruptive action.
INCREASE_LOGGING,1,False,EG-O-0366,ieee-access-0157,True,"['NIST.SP.800-213A-0065', 'NIST.SP.800-61r3-0062', 'RFC8576-0026']",original,Spoofing,Collect additional evidence to distinguish spoofing from benign bursty behavior and to support later triage.,spoofing impersonation authentication network access control identity increase security event logging monitoring incident analysis IoT predicted family Spoofing proposed action INCREASE_LOGGING observed protocols TCP HTTPS ARP observed indicators traffic packet rate volume frequency average packet size traffic profile inter arrival time traffic timing TCP ACK responses TCP ACK flag responses,plan,NIST.SP.800-213A.pdf; NIST.SP.800-61r3.pdf; RFC8576.txt,generally_supported,"The excerpts support incident status tracking, reporting, and anti-spoofing capabilities, but they do not explicitly support increasing logging.",unsupported,"The excerpts do not mention increasing logging. They support anti-spoofing capability and incident tracking, but not the concrete logging action.",keep,General support is sufficient for this non-disruptive action.
CAPTURE_TRAFFIC,2,False,EG-O-0367,ieee-access-0157,True,"['NIST.SP.800-61r3-0067', 'RFC8576-0026', 'RFC8576-0067']",original,Spoofing,"Preserve packet-level evidence for analysis of source, timing, and potential impersonation indicators.",spoofing impersonation authentication network access control identity collect network traffic evidence incident analysis monitoring IoT predicted family Spoofing proposed action CAPTURE_TRAFFIC observed protocols TCP HTTPS ARP observed indicators traffic packet rate volume frequency average packet size traffic profile inter arrival time traffic timing TCP ACK responses TCP ACK flag responses,plan,NIST.SP.800-61r3.pdf; RFC8576.txt; RFC8576.txt,directly_supported,"The NIST excerpt explicitly supports collecting and retaining incident evidence, which directly supports capturing traffic.",generally_supported,NIST SP 800-61r3 generally supports preserving incident evidence. The excerpts do not explicitly support packet-level traffic capture as the chosen mechanism.,keep,The action has direct documentary support.
NOTIFY_OPERATOR,3,False,EG-O-0368,ieee-access-0157,True,"['NIST.SP.800-61r3-0062', 'NIST.SP.800-61r3-0068', 'NIST.SP.800-213A-0065']",original,Spoofing,Human review is appropriate because the alert is credible but device identity is unverified.,spoofing impersonation authentication network access control identity incident notification response escalation operator IoT predicted family Spoofing proposed action NOTIFY_OPERATOR observed protocols TCP HTTPS ARP observed indicators traffic packet rate volume frequency average packet size traffic profile inter arrival time traffic timing TCP ACK responses TCP ACK flag responses,plan,NIST.SP.800-61r3.pdf; NIST.SP.800-61r3.pdf; NIST.SP.800-213A.pdf,generally_supported,"The evidence supports incident notification and coordination, but not the specific operator-notification action for unverified device identity.",generally_supported,"The NIST excerpts support incident notification and coordination generally, which supports notifying an operator at a high level. They do not specifically address unverified device identity.",keep,General support is sufficient for this non-disruptive action.
CAPTURE_TRAFFIC,1,False,EG-O-0369,ieee-access-0158,True,"['NIST.SP.800-61r3-0067', 'RFC8576-0026', 'RFC8576-0067']",original,Spoofing,Preserve packet-level evidence to confirm whether the observed traffic is consistent with spoofed communications or session impersonation.,spoofing impersonation authentication network access control identity collect network traffic evidence incident analysis monitoring IoT predicted family Spoofing proposed action CAPTURE_TRAFFIC observed protocols TCP HTTPS observed indicators traffic packet rate volume frequency average packet size traffic profile inter arrival time traffic timing TCP ACK responses TCP ACK flag responses,plan,NIST.SP.800-61r3.pdf; RFC8576.txt; RFC8576.txt,directly_supported,"The cited NIST evidence-preservation excerpt directly supports collecting and retaining incident evidence, which supports capturing traffic.",generally_supported,"The NIST evidence collection excerpt generally supports preserving evidence from incidents, but none of the citations explicitly support traffic capture.",keep,The action has direct documentary support.
INCREASE_LOGGING,2,False,EG-O-0370,ieee-access-0158,True,"['NIST.SP.800-213A-0065', 'NIST.SP.800-61r3-0062', 'RFC8576-0026']",original,Spoofing,"Increase visibility for attribution, timing, and protocol details needed to validate the alert without assuming a specific device.",spoofing impersonation authentication network access control identity increase security event logging monitoring incident analysis IoT predicted family Spoofing proposed action INCREASE_LOGGING observed protocols TCP HTTPS observed indicators traffic packet rate volume frequency average packet size traffic profile inter arrival time traffic timing TCP ACK responses TCP ACK flag responses,plan,NIST.SP.800-213A.pdf; NIST.SP.800-61r3.pdf; RFC8576.txt,generally_supported,"The excerpts support anti-spoofing, incident tracking, and reporting, which are related to increased visibility, but they do not explicitly support increasing logging.",unsupported,"The cited excerpts discuss anti-spoofing capability, tracking incident status, and RPL transport support, but do not support increasing logging for visibility.",keep,General support is sufficient for this non-disruptive action.
NOTIFY_OPERATOR,3,False,EG-O-0371,ieee-access-0158,True,"['NIST.SP.800-61r3-0062', 'NIST.SP.800-61r3-0068', 'NIST.SP.800-213A-0065']",original,Spoofing,Human review is warranted because the alert is credible but device identity is unverified and the response should remain bounded.,spoofing impersonation authentication network access control identity incident notification response escalation operator IoT predicted family Spoofing proposed action NOTIFY_OPERATOR observed protocols TCP HTTPS observed indicators traffic packet rate volume frequency average packet size traffic profile inter arrival time traffic timing TCP ACK responses TCP ACK flag responses,plan,NIST.SP.800-61r3.pdf; NIST.SP.800-61r3.pdf; NIST.SP.800-213A.pdf,generally_supported,"The evidence supports incident notification and coordination, but not operator notification specifically under the stated rationale.",generally_supported,The NIST excerpts generally support incident response communication/notification. They do not specifically justify operator notification because identity is unverified or because the response should remain bounded.,keep,General support is sufficient for this non-disruptive action.
NO_ACTION,1,False,EG-O-0372,ieee-access-0159,True,"['NIST.SP.800-61r3-0055', 'NIST.IR.8259A-0022', 'NIST.SP.800-213A-0053']",original,Benign,The detector classified the observation as benign.,normal activity continuous monitoring avoid unnecessary disruption cybersecurity state logging avoid unnecessary disruption continue observation IoT predicted family Benign proposed action NO_ACTION observed protocols TCP HTTPS observed indicators traffic packet rate volume frequency average packet size traffic profile inter arrival time traffic timing TCP ACK responses TCP ACK flag responses,monitor,NIST.SP.800-61r3.pdf; NIST.IR.8259A.pdf; NIST.SP.800-213A.pdf,unsupported,"The cited material supports monitoring and state awareness, but not the no-action recommendation.",unsupported,The excerpts do not justify NO_ACTION; they emphasize monitoring and awareness.,remove,The independent checker found no useful support for the action.
MONITOR,2,False,EG-O-0373,ieee-access-0159,True,"['NIST.SP.800-61r3-0055', 'NIST.SP.800-213A-0053', 'NIST.SP.800-213A-0054']",original,Benign,Continue non-disruptive observation.,normal activity continuous monitoring avoid unnecessary disruption cybersecurity state logging continuous monitoring detect anomalous behavior security events IoT predicted family Benign proposed action MONITOR observed protocols TCP HTTPS observed indicators traffic packet rate volume frequency average packet size traffic profile inter arrival time traffic timing TCP ACK responses TCP ACK flag responses,monitor,NIST.SP.800-61r3.pdf; NIST.SP.800-213A.pdf; NIST.SP.800-213A.pdf,generally_supported,"The excerpts support continuous monitoring and event identification, which align with monitoring.",directly_supported,"The excerpts explicitly support continuous monitoring and event identification/monitoring, directly supporting MONITOR.",keep,General support is sufficient for this non-disruptive action.
INCREASE_LOGGING,1,False,EG-O-0374,ieee-access-0160,True,"['RFC8520-0022', 'NIST.SP.800-213A-0065', 'NIST.SP.800-61r3-0062']",original,Spoofing,Raise visibility on a borderline-confidence spoofing alert to preserve evidence for validation.,spoofing impersonation authentication network access control identity increase security event logging monitoring incident analysis IoT predicted family Spoofing proposed action INCREASE_LOGGING observed protocols TCP UDP observed indicators traffic packet rate volume frequency average packet size traffic profile inter arrival time traffic timing TCP ACK responses TCP ACK flag responses,plan,RFC8520.txt; NIST.SP.800-213A.pdf; NIST.SP.800-61r3.pdf,generally_supported,"The excerpts support ACL-based traffic filtering and anti-spoofing/visibility concepts, but they do not explicitly support increasing logging.",unsupported,"The excerpts do not support increasing logging. ACL features, anti-spoofing capability, and incident status tracking do not explicitly justify raising logging for borderline-confidence validation.",keep,General support is sufficient for this non-disruptive action.
CAPTURE_TRAFFIC,2,False,EG-O-0375,ieee-access-0160,True,"['NIST.SP.800-61r3-0067', 'RFC8576-0026', 'RFC8520-0022']",original,Spoofing,Collect packet evidence to confirm whether the flow reflects spoofed source characteristics or benign bursty UDP activity.,spoofing impersonation authentication network access control identity collect network traffic evidence incident analysis monitoring IoT predicted family Spoofing proposed action CAPTURE_TRAFFIC observed protocols TCP UDP observed indicators traffic packet rate volume frequency average packet size traffic profile inter arrival time traffic timing TCP ACK responses TCP ACK flag responses,plan,NIST.SP.800-61r3.pdf; RFC8576.txt; RFC8520.txt,directly_supported,"The NIST excerpt explicitly recommends collecting and retaining incident evidence, which directly supports capturing traffic.",generally_supported,"NIST SP 800-61r3 generally supports collecting and retaining incident evidence, which generally supports packet evidence collection. The evidence does not explicitly support capturing traffic.",keep,The action has direct documentary support.
NOTIFY_OPERATOR,3,False,EG-O-0376,ieee-access-0160,True,"['RFC8520-0022', 'NIST.SP.800-61r3-0062', 'NIST.SP.800-61r3-0068']",original,Spoofing,Human review is appropriate because the alert is near threshold and no validated device identifier is available.,spoofing impersonation authentication network access control identity incident notification response escalation operator IoT predicted family Spoofing proposed action NOTIFY_OPERATOR observed protocols TCP UDP observed indicators traffic packet rate volume frequency average packet size traffic profile inter arrival time traffic timing TCP ACK responses TCP ACK flag responses,plan,RFC8520.txt; NIST.SP.800-61r3.pdf; NIST.SP.800-61r3.pdf,generally_supported,"The excerpts support incident reporting and communication, but not operator notification as the concrete action.",generally_supported,The NIST incident-response excerpts generally support notification and communication with relevant parties. They do not specifically support notifying an operator because the alert is near threshold and the device identifier is unavailable.,keep,General support is sufficient for this non-disruptive action.
CAPTURE_TRAFFIC,0,False,EG-R-0001,ieee-access-0003,True,"['NIST.SP.800-61r3-0067', 'NIST.SP.800-61r3-0065', 'NIST.SP.800-61r3-0021']",refined_fallback_candidate,Benign,"Use a bounded, non-disruptive fallback because no evidence-eligible action remained.",collect network traffic evidence incident analysis monitoring collect network traffic evidence incident analysis monitoring collect network traffic evidence incident analysis monitoring incident response action CAPTURE_TRAFFIC for an IoT gateway predicted family context Benign observed protocols TCP UDP HTTPS DNS ARP observed indicators traffic packet rate volume frequency average packet size traffic profile inter arrival time traffic timing TCP SYN connection attempts TCP SYN flag connection attempts,escalate,NIST.SP.800-61r3.pdf; NIST.SP.800-61r3.pdf; NIST.SP.800-61r3.pdf,generally_supported,"The excerpts support collecting and retaining incident evidence, but not the specific action to capture traffic.",generally_supported,"The excerpts support collecting and retaining incident evidence and analyzing incident events, but they do not explicitly support the specific mechanism of capturing network traffic.",fallback,"Inserted a bounded, non-disruptive action after the gate removed every original action."
CAPTURE_TRAFFIC,0,False,EG-R-0004,ieee-access-0011,True,"['NIST.SP.800-61r3-0067', 'NIST.SP.800-61r3-0065', 'NIST.SP.800-61r3-0021']",refined_fallback_candidate,Web,"Use a bounded, non-disruptive fallback because no evidence-eligible action remained.",collect network traffic evidence incident analysis monitoring collect network traffic evidence incident analysis monitoring collect network traffic evidence incident analysis monitoring incident response action CAPTURE_TRAFFIC for an IoT gateway predicted family context Web observed protocols TCP UDP HTTP HTTPS DNS observed indicators traffic packet rate volume frequency average packet size traffic profile inter arrival time traffic timing TCP SYN connection attempts TCP SYN flag connection attempts,escalate,NIST.SP.800-61r3.pdf; NIST.SP.800-61r3.pdf; NIST.SP.800-61r3.pdf,generally_supported,"The excerpts support collecting and retaining incident evidence, but not traffic capture specifically.",generally_supported,"The evidence supports incident data collection, evidence retention, and analysis, which aligns with the security objective, but it does not specifically justify traffic capture.",fallback,"Inserted a bounded, non-disruptive action after the gate removed every original action."
CAPTURE_TRAFFIC,0,False,EG-R-0007,ieee-access-0012,True,"['NIST.SP.800-61r3-0067', 'NIST.SP.800-61r3-0065', 'NIST.SP.800-61r3-0021']",refined_fallback_candidate,Web,"Use a bounded, non-disruptive fallback because no evidence-eligible action remained.",collect network traffic evidence incident analysis monitoring collect network traffic evidence incident analysis monitoring collect network traffic evidence incident analysis monitoring incident response action CAPTURE_TRAFFIC for an IoT gateway predicted family context Web observed protocols TCP UDP HTTP HTTPS DNS observed indicators traffic packet rate volume frequency average packet size traffic profile inter arrival time traffic timing TCP SYN connection attempts TCP SYN flag connection attempts,escalate,NIST.SP.800-61r3.pdf; NIST.SP.800-61r3.pdf; NIST.SP.800-61r3.pdf,generally_supported,"The excerpts support evidence preservation generally, but not the concrete action of capturing traffic.",generally_supported,"The cited text supports gathering evidence and analyzing incidents, but it does not explicitly mention or justify CAPTURE_TRAFFIC as the concrete action.",fallback,"Inserted a bounded, non-disruptive action after the gate removed every original action."
CAPTURE_TRAFFIC,0,False,EG-R-0010,ieee-access-0013,True,"['NIST.SP.800-61r3-0067', 'NIST.SP.800-61r3-0065', 'NIST.SP.800-61r3-0021']",refined_fallback_candidate,Web,"Use a bounded, non-disruptive fallback because no evidence-eligible action remained.",collect network traffic evidence incident analysis monitoring collect network traffic evidence incident analysis monitoring collect network traffic evidence incident analysis monitoring incident response action CAPTURE_TRAFFIC for an IoT gateway predicted family context Web observed protocols TCP UDP HTTPS DNS observed indicators traffic packet rate volume frequency average packet size traffic profile inter arrival time traffic timing TCP SYN connection attempts TCP SYN flag connection attempts,escalate,NIST.SP.800-61r3.pdf; NIST.SP.800-61r3.pdf; NIST.SP.800-61r3.pdf,generally_supported,"The excerpts support evidence collection and retention, but not the specific action of capturing traffic.",generally_supported,"These excerpts generally support collecting incident evidence and conducting analysis, yet they do not directly support capturing traffic in particular.",fallback,"Inserted a bounded, non-disruptive action after the gate removed every original action."
CAPTURE_TRAFFIC,0,False,EG-R-0013,ieee-access-0021,True,"['NIST.SP.800-61r3-0067', 'NIST.SP.800-61r3-0065', 'NIST.SP.800-61r3-0021']",refined_fallback_candidate,BruteForce,"Use a bounded, non-disruptive fallback because no evidence-eligible action remained.",collect network traffic evidence incident analysis monitoring collect network traffic evidence incident analysis monitoring collect network traffic evidence incident analysis monitoring incident response action CAPTURE_TRAFFIC for an IoT gateway predicted family context BruteForce observed protocols TCP UDP ARP observed indicators traffic packet rate volume frequency average packet size traffic profile inter arrival time traffic timing TCP SYN connection attempts TCP SYN flag connection attempts,escalate,NIST.SP.800-61r3.pdf; NIST.SP.800-61r3.pdf; NIST.SP.800-61r3.pdf,generally_supported,"The excerpts support collecting and analyzing incident data and evidence, but not the specific action of capturing traffic.",generally_supported,"The official text supports evidence collection and incident analysis broadly, but not the specific traffic-capture action.",fallback,"Inserted a bounded, non-disruptive action after the gate removed every original action."
CAPTURE_TRAFFIC,0,False,EG-R-0016,ieee-access-0024,True,"['NIST.SP.800-61r3-0067', 'NIST.SP.800-61r3-0065', 'NIST.SP.800-61r3-0021']",refined_fallback_candidate,BruteForce,"Use a bounded, non-disruptive fallback because no evidence-eligible action remained.",collect network traffic evidence incident analysis monitoring collect network traffic evidence incident analysis monitoring collect network traffic evidence incident analysis monitoring incident response action CAPTURE_TRAFFIC for an IoT gateway predicted family context BruteForce observed protocols TCP UDP HTTPS observed indicators traffic packet rate volume frequency average packet size traffic profile inter arrival time traffic timing TCP SYN connection attempts TCP SYN flag connection attempts,escalate,NIST.SP.800-61r3.pdf; NIST.SP.800-61r3.pdf; NIST.SP.800-61r3.pdf,generally_supported,"The excerpts support evidence preservation generally, but not the specific action to capture traffic.",generally_supported,"The excerpts justify collecting evidence and considering operational disruption, which generally aligns with passive monitoring, but they do not explicitly endorse capturing traffic.",fallback,"Inserted a bounded, non-disruptive action after the gate removed every original action."
NOTIFY_OPERATOR,0,False,EG-R-0019,ieee-access-0026,True,"['NIST.SP.800-61r3-0068', 'NIST.SP.800-61r3-0069', 'NIST.SP.800-61r3-0016']",refined_fallback_candidate,BruteForce,"Use a bounded, non-disruptive fallback because no evidence-eligible action remained.",incident notification response escalation operator incident notification response escalation operator incident notification response escalation operator incident response action NOTIFY_OPERATOR for an IoT gateway predicted family context BruteForce observed protocols TCP ARP observed indicators traffic packet rate volume frequency average packet size traffic profile inter arrival time traffic timing TCP ACK responses TCP ACK flag responses,plan,NIST.SP.800-61r3.pdf; NIST.SP.800-61r3.pdf; NIST.SP.800-61r3.pdf,generally_supported,"The excerpts support stakeholder notification and coordination, but not the exact notify-operator action.",directly_supported,"The excerpts explicitly state that internal and external stakeholders are notified of incidents and that incident response teams should coordinate and perform notifications according to procedure, directly supporting NOTIFY_OPERATOR.",fallback,"Inserted a bounded, non-disruptive action after the gate removed every original action."
NOTIFY_OPERATOR,0,False,EG-R-0020,ieee-access-0027,True,"['NIST.SP.800-61r3-0068', 'NIST.SP.800-61r3-0069', 'NIST.SP.800-61r3-0016']",refined_fallback_candidate,BruteForce,"Use a bounded, non-disruptive fallback because no evidence-eligible action remained.",incident notification response escalation operator incident notification response escalation operator incident notification response escalation operator incident response action NOTIFY_OPERATOR for an IoT gateway predicted family context BruteForce observed protocols TCP UDP ICMP HTTPS observed indicators traffic packet rate volume frequency average packet size traffic profile inter arrival time traffic timing TCP ACK responses TCP ACK flag responses,plan,NIST.SP.800-61r3.pdf; NIST.SP.800-61r3.pdf; NIST.SP.800-61r3.pdf,generally_supported,"The excerpts support stakeholder notification and coordination, but not the exact notify-operator action.",directly_supported,"The cited passages explicitly support incident notification and coordination with appropriate stakeholders, which directly supports notifying an operator.",fallback,"Inserted a bounded, non-disruptive action after the gate removed every original action."
NOTIFY_OPERATOR,0,False,EG-R-0021,ieee-access-0028,True,"['NIST.SP.800-61r3-0068', 'NIST.SP.800-61r3-0069', 'NIST.SP.800-61r3-0016']",refined_fallback_candidate,BruteForce,"Use a bounded, non-disruptive fallback because no evidence-eligible action remained.",incident notification response escalation operator incident notification response escalation operator incident notification response escalation operator incident response action NOTIFY_OPERATOR for an IoT gateway predicted family context BruteForce observed protocols TCP UDP HTTPS DNS observed indicators traffic packet rate volume frequency average packet size traffic profile inter arrival time traffic timing TCP ACK responses TCP ACK flag responses,plan,NIST.SP.800-61r3.pdf; NIST.SP.800-61r3.pdf; NIST.SP.800-61r3.pdf,generally_supported,"The excerpts support stakeholder notification and coordination, but not the exact notify-operator action.",directly_supported,"RS.CO-02 explicitly says stakeholders are notified of incidents and gives recommendations for who should be informed and when, directly supporting NOTIFY_OPERATOR.",fallback,"Inserted a bounded, non-disruptive action after the gate removed every original action."
NOTIFY_OPERATOR,0,False,EG-R-0022,ieee-access-0029,True,"['NIST.SP.800-61r3-0068', 'NIST.SP.800-61r3-0069', 'NIST.SP.800-61r3-0016']",refined_fallback_candidate,BruteForce,"Use a bounded, non-disruptive fallback because no evidence-eligible action remained.",incident notification response escalation operator incident notification response escalation operator incident notification response escalation operator incident response action NOTIFY_OPERATOR for an IoT gateway predicted family context BruteForce observed protocols TCP UDP HTTPS observed indicators traffic packet rate volume frequency average packet size traffic profile inter arrival time traffic timing TCP ACK responses TCP ACK flag responses,plan,NIST.SP.800-61r3.pdf; NIST.SP.800-61r3.pdf; NIST.SP.800-61r3.pdf,generally_supported,"The excerpts support stakeholder notification and coordination, but not the exact notify-operator action.",directly_supported,"The evidence expressly addresses incident notification and coordination with stakeholders, directly supporting notifying the operator.",fallback,"Inserted a bounded, non-disruptive action after the gate removed every original action."
NOTIFY_OPERATOR,0,False,EG-R-0023,ieee-access-0030,True,"['NIST.SP.800-61r3-0068', 'NIST.SP.800-61r3-0069', 'NIST.SP.800-61r3-0016']",refined_fallback_candidate,BruteForce,"Use a bounded, non-disruptive fallback because no evidence-eligible action remained.",incident notification response escalation operator incident notification response escalation operator incident notification response escalation operator incident response action NOTIFY_OPERATOR for an IoT gateway predicted family context BruteForce observed protocols TCP HTTP HTTPS ARP observed indicators traffic packet rate volume frequency average packet size traffic profile inter arrival time traffic timing TCP SYN connection attempts TCP SYN flag connection attempts,plan,NIST.SP.800-61r3.pdf; NIST.SP.800-61r3.pdf; NIST.SP.800-61r3.pdf,generally_supported,"The excerpts support stakeholder notification and coordination, but not the exact notify-operator action.",directly_supported,"The excerpts explicitly support formal incident notification and coordination with affected/internal parties, which directly supports NOTIFY_OPERATOR.",fallback,"Inserted a bounded, non-disruptive action after the gate removed every original action."
CAPTURE_TRAFFIC,0,False,EG-R-0024,ieee-access-0035,True,"['NIST.SP.800-61r3-0067', 'NIST.SP.800-61r3-0065', 'NIST.SP.800-61r3-0021']",refined_fallback_candidate,Benign,"Use a bounded, non-disruptive fallback because no evidence-eligible action remained.",collect network traffic evidence incident analysis monitoring collect network traffic evidence incident analysis monitoring collect network traffic evidence incident analysis monitoring incident response action CAPTURE_TRAFFIC for an IoT gateway predicted family context Benign observed protocols TCP HTTPS observed indicators traffic packet rate volume frequency average packet size traffic profile inter arrival time traffic timing TCP SYN connection attempts TCP SYN flag connection attempts,escalate,NIST.SP.800-61r3.pdf; NIST.SP.800-61r3.pdf; NIST.SP.800-61r3.pdf,generally_supported,"The excerpts support collecting and retaining evidence, but not the specific action to capture traffic.",generally_supported,"The citations support evidence collection and incident analysis in general, but not the specific action of capturing traffic.",fallback,"Inserted a bounded, non-disruptive action after the gate removed every original action."
CAPTURE_TRAFFIC,0,False,EG-R-0027,ieee-access-0041,True,"['NIST.SP.800-61r3-0067', 'NIST.SP.800-61r3-0065', 'NIST.SP.800-61r3-0021']",refined_fallback_candidate,DDoS,"Use a bounded, non-disruptive fallback because no evidence-eligible action remained.",collect network traffic evidence incident analysis monitoring collect network traffic evidence incident analysis monitoring collect network traffic evidence incident analysis monitoring incident response action CAPTURE_TRAFFIC for an IoT gateway predicted family context DDoS observed protocols TCP observed indicators traffic packet rate volume frequency average packet size traffic profile inter arrival time traffic timing TCP SYN connection attempts TCP SYN flag connection attempts,escalate,NIST.SP.800-61r3.pdf; NIST.SP.800-61r3.pdf; NIST.SP.800-61r3.pdf,generally_supported,"The excerpts support evidence collection and retention, but not traffic capture specifically.",generally_supported,"The excerpts support collecting incident evidence and investigating what happened, but they do not explicitly support network traffic capture as the method.",fallback,"Inserted a bounded, non-disruptive action after the gate removed every original action."
CAPTURE_TRAFFIC,0,False,EG-R-0030,ieee-access-0043,True,"['NIST.SP.800-61r3-0067', 'NIST.SP.800-61r3-0065', 'NIST.SP.800-61r3-0021']",refined_fallback_candidate,DDoS,"Use a bounded, non-disruptive fallback because no evidence-eligible action remained.",collect network traffic evidence incident analysis monitoring collect network traffic evidence incident analysis monitoring collect network traffic evidence incident analysis monitoring incident response action CAPTURE_TRAFFIC for an IoT gateway predicted family context DDoS observed protocols TCP observed indicators traffic packet rate volume frequency average packet size traffic profile inter arrival time traffic timing TCP SYN connection attempts TCP SYN flag connection attempts,escalate,NIST.SP.800-61r3.pdf; NIST.SP.800-61r3.pdf; NIST.SP.800-61r3.pdf,generally_supported,"The excerpts support collecting and retaining evidence, but not the specific action to capture traffic.",generally_supported,"The cited material generally supports evidence gathering and analysis, but not the concrete mechanism of CAPTURE_TRAFFIC.",fallback,"Inserted a bounded, non-disruptive action after the gate removed every original action."
CAPTURE_TRAFFIC,0,False,EG-R-0033,ieee-access-0044,True,"['NIST.SP.800-61r3-0067', 'NIST.SP.800-61r3-0065', 'NIST.SP.800-61r3-0021']",refined_fallback_candidate,DDoS,"Use a bounded, non-disruptive fallback because no evidence-eligible action remained.",collect network traffic evidence incident analysis monitoring collect network traffic evidence incident analysis monitoring collect network traffic evidence incident analysis monitoring incident response action CAPTURE_TRAFFIC for an IoT gateway predicted family context DDoS observed protocols TCP observed indicators traffic packet rate volume frequency average packet size traffic profile inter arrival time traffic timing TCP SYN connection attempts TCP SYN flag connection attempts,escalate,NIST.SP.800-61r3.pdf; NIST.SP.800-61r3.pdf; NIST.SP.800-61r3.pdf,generally_supported,"The excerpts support evidence collection and analysis, but not the specific action to capture traffic.",generally_supported,"The evidence is relevant to evidence preservation and incident analysis broadly, but it does not directly justify capturing network traffic.",fallback,"Inserted a bounded, non-disruptive action after the gate removed every original action."
CAPTURE_TRAFFIC,0,False,EG-R-0036,ieee-access-0045,True,"['NIST.SP.800-61r3-0067', 'NIST.SP.800-61r3-0065', 'NIST.SP.800-61r3-0021']",refined_fallback_candidate,DDoS,"Use a bounded, non-disruptive fallback because no evidence-eligible action remained.",collect network traffic evidence incident analysis monitoring collect network traffic evidence incident analysis monitoring collect network traffic evidence incident analysis monitoring incident response action CAPTURE_TRAFFIC for an IoT gateway predicted family context DDoS observed protocols TCP observed indicators traffic packet rate volume frequency average packet size traffic profile inter arrival time traffic timing TCP SYN connection attempts TCP SYN flag connection attempts,escalate,NIST.SP.800-61r3.pdf; NIST.SP.800-61r3.pdf; NIST.SP.800-61r3.pdf,generally_supported,"The excerpts support collecting and retaining evidence, but not the specific action to capture traffic.",generally_supported,"These excerpts support collecting data/evidence for incident analysis, though they stop short of explicitly recommending traffic capture.",fallback,"Inserted a bounded, non-disruptive action after the gate removed every original action."
CAPTURE_TRAFFIC,0,False,EG-R-0039,ieee-access-0047,True,"['NIST.SP.800-61r3-0067', 'NIST.SP.800-61r3-0065', 'NIST.SP.800-61r3-0021']",refined_fallback_candidate,DDoS,"Use a bounded, non-disruptive fallback because no evidence-eligible action remained.",collect network traffic evidence incident analysis monitoring collect network traffic evidence incident analysis monitoring collect network traffic evidence incident analysis monitoring incident response action CAPTURE_TRAFFIC for an IoT gateway predicted family context DDoS observed protocols ICMP observed indicators traffic packet rate volume frequency average packet size traffic profile inter arrival time traffic timing,plan,NIST.SP.800-61r3.pdf; NIST.SP.800-61r3.pdf; NIST.SP.800-61r3.pdf,generally_supported,"The excerpts support evidence preservation generally, but not traffic capture specifically.",generally_supported,"The passages support the objective of gathering incident evidence and understanding sequence of events, but not specifically CAPTURE_TRAFFIC.",fallback,"Inserted a bounded, non-disruptive action after the gate removed every original action."
CAPTURE_TRAFFIC,0,False,EG-R-0041,ieee-access-0051,True,"['NIST.SP.800-61r3-0067', 'NIST.SP.800-61r3-0065', 'NIST.SP.800-61r3-0021']",refined_fallback_candidate,DoS,"Use a bounded, non-disruptive fallback because no evidence-eligible action remained.",collect network traffic evidence incident analysis monitoring collect network traffic evidence incident analysis monitoring collect network traffic evidence incident analysis monitoring incident response action CAPTURE_TRAFFIC for an IoT gateway predicted family context DoS observed protocols TCP UDP HTTPS observed indicators traffic packet rate volume frequency average packet size traffic profile inter arrival time traffic timing TCP ACK responses TCP ACK flag responses,escalate,NIST.SP.800-61r3.pdf; NIST.SP.800-61r3.pdf; NIST.SP.800-61r3.pdf,generally_supported,"The excerpts support collecting and retaining evidence, but not the specific action to capture traffic.",generally_supported,"The evidence supports evidence collection and analysis activities generally, but does not explicitly support capturing traffic.",fallback,"Inserted a bounded, non-disruptive action after the gate removed every original action."
CAPTURE_TRAFFIC,0,False,EG-R-0044,ieee-access-0052,True,"['NIST.SP.800-61r3-0067', 'NIST.SP.800-61r3-0065', 'NIST.SP.800-61r3-0021']",refined_fallback_candidate,DoS,"Use a bounded, non-disruptive fallback because no evidence-eligible action remained.",collect network traffic evidence incident analysis monitoring collect network traffic evidence incident analysis monitoring collect network traffic evidence incident analysis monitoring incident response action CAPTURE_TRAFFIC for an IoT gateway predicted family context DoS observed protocols TCP observed indicators traffic packet rate volume frequency average packet size traffic profile inter arrival time traffic timing TCP SYN connection attempts TCP SYN flag connection attempts,escalate,NIST.SP.800-61r3.pdf; NIST.SP.800-61r3.pdf; NIST.SP.800-61r3.pdf,generally_supported,"The excerpts support evidence collection and retention, but not the specific action to capture traffic.",generally_supported,"The cited excerpts justify collecting and retaining evidence and analyzing incidents, but not the specific traffic-capture action.",fallback,"Inserted a bounded, non-disruptive action after the gate removed every original action."
CAPTURE_TRAFFIC,0,False,EG-R-0047,ieee-access-0053,True,"['NIST.SP.800-61r3-0067', 'NIST.SP.800-61r3-0065', 'NIST.SP.800-61r3-0021']",refined_fallback_candidate,DoS,"Use a bounded, non-disruptive fallback because no evidence-eligible action remained.",collect network traffic evidence incident analysis monitoring collect network traffic evidence incident analysis monitoring collect network traffic evidence incident analysis monitoring incident response action CAPTURE_TRAFFIC for an IoT gateway predicted family context DoS observed protocols TCP HTTPS ARP observed indicators traffic packet rate volume frequency average packet size traffic profile inter arrival time traffic timing TCP SYN connection attempts TCP SYN flag connection attempts,escalate,NIST.SP.800-61r3.pdf; NIST.SP.800-61r3.pdf; NIST.SP.800-61r3.pdf,generally_supported,"The excerpts support evidence collection and retention, but not the specific action to capture traffic.",generally_supported,"The official text generally supports gathering incident evidence and determining what happened, but it does not directly support CAPTURE_TRAFFIC.",fallback,"Inserted a bounded, non-disruptive action after the gate removed every original action."
CAPTURE_TRAFFIC,0,False,EG-R-0050,ieee-access-0054,True,"['NIST.SP.800-61r3-0067', 'NIST.SP.800-61r3-0065', 'NIST.SP.800-61r3-0021']",refined_fallback_candidate,DoS,"Use a bounded, non-disruptive fallback because no evidence-eligible action remained.",collect network traffic evidence incident analysis monitoring collect network traffic evidence incident analysis monitoring collect network traffic evidence incident analysis monitoring incident response action CAPTURE_TRAFFIC for an IoT gateway predicted family context DoS observed protocols TCP UDP HTTP HTTPS ARP observed indicators traffic packet rate volume frequency average packet size traffic profile inter arrival time traffic timing TCP SYN connection attempts TCP SYN flag connection attempts,escalate,NIST.SP.800-61r3.pdf; NIST.SP.800-61r3.pdf; NIST.SP.800-61r3.pdf,generally_supported,"The excerpts support evidence collection and retention, but not the specific action to capture traffic.",generally_supported,"The excerpts support broad evidence-collection and analysis goals, without explicitly mentioning traffic capture as the recommended action.",fallback,"Inserted a bounded, non-disruptive action after the gate removed every original action."
CAPTURE_TRAFFIC,0,False,EG-R-0053,ieee-access-0055,True,"['NIST.SP.800-61r3-0067', 'NIST.SP.800-61r3-0065', 'NIST.SP.800-61r3-0021']",refined_fallback_candidate,DoS,"Use a bounded, non-disruptive fallback because no evidence-eligible action remained.",collect network traffic evidence incident analysis monitoring collect network traffic evidence incident analysis monitoring collect network traffic evidence incident analysis monitoring incident response action CAPTURE_TRAFFIC for an IoT gateway predicted family context DoS observed protocols TCP observed indicators traffic packet rate volume frequency average packet size traffic profile inter arrival time traffic timing,escalate,NIST.SP.800-61r3.pdf; NIST.SP.800-61r3.pdf; NIST.SP.800-61r3.pdf,generally_supported,"The excerpts support collecting and retaining evidence, but not the specific action to capture traffic.",generally_supported,"The citations generally support incident evidence collection and analysis, but they do not directly support capturing traffic.",fallback,"Inserted a bounded, non-disruptive action after the gate removed every original action."
CAPTURE_TRAFFIC,0,False,EG-R-0056,ieee-access-0057,True,"['NIST.SP.800-61r3-0067', 'NIST.SP.800-61r3-0065', 'NIST.SP.800-61r3-0021']",refined_fallback_candidate,DoS,"Use a bounded, non-disruptive fallback because no evidence-eligible action remained.",collect network traffic evidence incident analysis monitoring collect network traffic evidence incident analysis monitoring collect network traffic evidence incident analysis monitoring incident response action CAPTURE_TRAFFIC for an IoT gateway predicted family context DoS observed protocols TCP UDP HTTP HTTPS DNS observed indicators traffic packet rate volume frequency average packet size traffic profile inter arrival time traffic timing TCP SYN connection attempts TCP SYN flag connection attempts,plan,NIST.SP.800-61r3.pdf; NIST.SP.800-61r3.pdf; NIST.SP.800-61r3.pdf,generally_supported,"The excerpts support evidence collection and retention, but not the specific action to capture traffic.",generally_supported,"The evidence aligns with collecting data for incident analysis, yet does not explicitly endorse network traffic capture.",fallback,"Inserted a bounded, non-disruptive action after the gate removed every original action."
CAPTURE_TRAFFIC,0,False,EG-R-0058,ieee-access-0058,True,"['NIST.SP.800-61r3-0067', 'NIST.SP.800-61r3-0065', 'NIST.SP.800-61r3-0021']",refined_fallback_candidate,DoS,"Use a bounded, non-disruptive fallback because no evidence-eligible action remained.",collect network traffic evidence incident analysis monitoring collect network traffic evidence incident analysis monitoring collect network traffic evidence incident analysis monitoring incident response action CAPTURE_TRAFFIC for an IoT gateway predicted family context DoS observed protocols TCP UDP observed indicators traffic packet rate volume frequency average packet size traffic profile inter arrival time traffic timing TCP ACK responses TCP ACK flag responses,plan,NIST.SP.800-61r3.pdf; NIST.SP.800-61r3.pdf; NIST.SP.800-61r3.pdf,generally_supported,"The excerpts support evidence collection and retention, but not the specific action to capture traffic.",generally_supported,"The excerpts support investigating incidents and collecting evidence, but not specifically the CAPTURE_TRAFFIC mechanism.",fallback,"Inserted a bounded, non-disruptive action after the gate removed every original action."
CAPTURE_TRAFFIC,0,False,EG-R-0060,ieee-access-0059,True,"['NIST.SP.800-61r3-0067', 'NIST.SP.800-61r3-0065', 'NIST.SP.800-61r3-0021']",refined_fallback_candidate,DoS,"Use a bounded, non-disruptive fallback because no evidence-eligible action remained.",collect network traffic evidence incident analysis monitoring collect network traffic evidence incident analysis monitoring collect network traffic evidence incident analysis monitoring incident response action CAPTURE_TRAFFIC for an IoT gateway predicted family context DoS observed protocols TCP HTTPS observed indicators traffic packet rate volume frequency average packet size traffic profile inter arrival time traffic timing TCP SYN connection attempts TCP SYN flag connection attempts,plan,NIST.SP.800-61r3.pdf; NIST.SP.800-61r3.pdf; NIST.SP.800-61r3.pdf,generally_supported,"The excerpts support evidence collection and retention, but not the specific action to capture traffic.",generally_supported,"The text generally supports evidence collection and incident investigation, but lacks explicit support for capturing network traffic.",fallback,"Inserted a bounded, non-disruptive action after the gate removed every original action."
CAPTURE_TRAFFIC,0,False,EG-R-0062,ieee-access-0060,True,"['NIST.SP.800-61r3-0067', 'NIST.SP.800-61r3-0065', 'NIST.SP.800-61r3-0021']",refined_fallback_candidate,DoS,"Use a bounded, non-disruptive fallback because no evidence-eligible action remained.",collect network traffic evidence incident analysis monitoring collect network traffic evidence incident analysis monitoring collect network traffic evidence incident analysis monitoring incident response action CAPTURE_TRAFFIC for an IoT gateway predicted family context DoS observed protocols TCP UDP ICMP HTTP DNS observed indicators traffic packet rate volume frequency average packet size traffic profile inter arrival time traffic timing TCP ACK responses TCP ACK flag responses,plan,NIST.SP.800-61r3.pdf; NIST.SP.800-61r3.pdf; NIST.SP.800-61r3.pdf,generally_supported,"The excerpts support collecting and retaining evidence, but not the specific action to capture traffic.",generally_supported,"The evidence supports incident analysis and evidence retention broadly, not the specific action of traffic capture.",fallback,"Inserted a bounded, non-disruptive action after the gate removed every original action."
CAPTURE_TRAFFIC,0,False,EG-R-0064,ieee-access-0061,True,"['NIST.SP.800-61r3-0067', 'NIST.SP.800-61r3-0065', 'NIST.SP.800-61r3-0021']",refined_fallback_candidate,DoS,"Use a bounded, non-disruptive fallback because no evidence-eligible action remained.",collect network traffic evidence incident analysis monitoring collect network traffic evidence incident analysis monitoring collect network traffic evidence incident analysis monitoring incident response action CAPTURE_TRAFFIC for an IoT gateway predicted family context DoS observed protocols TCP observed indicators traffic packet rate volume frequency average packet size traffic profile inter arrival time traffic timing TCP SYN connection attempts TCP SYN flag connection attempts,escalate,NIST.SP.800-61r3.pdf; NIST.SP.800-61r3.pdf; NIST.SP.800-61r3.pdf,generally_supported,"The excerpts support evidence collection and retention, but not the specific action to capture traffic.",generally_supported,"The cited material generally justifies collecting incident data and evidence, but not explicitly CAPTURE_TRAFFIC.",fallback,"Inserted a bounded, non-disruptive action after the gate removed every original action."
CAPTURE_TRAFFIC,0,False,EG-R-0067,ieee-access-0062,True,"['NIST.SP.800-61r3-0067', 'NIST.SP.800-61r3-0065', 'NIST.SP.800-61r3-0021']",refined_fallback_candidate,DoS,"Use a bounded, non-disruptive fallback because no evidence-eligible action remained.",collect network traffic evidence incident analysis monitoring collect network traffic evidence incident analysis monitoring collect network traffic evidence incident analysis monitoring incident response action CAPTURE_TRAFFIC for an IoT gateway predicted family context DoS observed protocols TCP UDP ICMP HTTP observed indicators traffic packet rate volume frequency average packet size traffic profile inter arrival time traffic timing TCP ACK responses TCP ACK flag responses,escalate,NIST.SP.800-61r3.pdf; NIST.SP.800-61r3.pdf; NIST.SP.800-61r3.pdf,generally_supported,"The excerpts support evidence collection and retention, but not the specific action to capture traffic.",generally_supported,"The excerpts support evidence collection and analysis objectives, though they do not directly mention or justify traffic capture.",fallback,"Inserted a bounded, non-disruptive action after the gate removed every original action."
CAPTURE_TRAFFIC,0,False,EG-R-0070,ieee-access-0063,True,"['NIST.SP.800-61r3-0067', 'NIST.SP.800-61r3-0065', 'NIST.SP.800-61r3-0021']",refined_fallback_candidate,DoS,"Use a bounded, non-disruptive fallback because no evidence-eligible action remained.",collect network traffic evidence incident analysis monitoring collect network traffic evidence incident analysis monitoring collect network traffic evidence incident analysis monitoring incident response action CAPTURE_TRAFFIC for an IoT gateway predicted family context DoS observed protocols UDP ICMP observed indicators traffic packet rate volume frequency average packet size traffic profile inter arrival time traffic timing,escalate,NIST.SP.800-61r3.pdf; NIST.SP.800-61r3.pdf; NIST.SP.800-61r3.pdf,generally_supported,"The excerpts support evidence collection and retention, but not the specific action to capture traffic.",generally_supported,"The passages generally support gathering evidence to understand incidents, but not the specific action of capturing traffic.",fallback,"Inserted a bounded, non-disruptive action after the gate removed every original action."
CAPTURE_TRAFFIC,0,False,EG-R-0073,ieee-access-0064,True,"['NIST.SP.800-61r3-0067', 'NIST.SP.800-61r3-0065', 'NIST.SP.800-61r3-0021']",refined_fallback_candidate,DoS,"Use a bounded, non-disruptive fallback because no evidence-eligible action remained.",collect network traffic evidence incident analysis monitoring collect network traffic evidence incident analysis monitoring collect network traffic evidence incident analysis monitoring incident response action CAPTURE_TRAFFIC for an IoT gateway predicted family context DoS observed protocols UDP observed indicators traffic packet rate volume frequency average packet size traffic profile inter arrival time traffic timing,escalate,NIST.SP.800-61r3.pdf; NIST.SP.800-61r3.pdf; NIST.SP.800-61r3.pdf,generally_supported,"The excerpts support evidence collection and retention, but not the specific action to capture traffic.",generally_supported,"The evidence supports collecting and analyzing incident data in general, but not the concrete mechanism of CAPTURE_TRAFFIC.",fallback,"Inserted a bounded, non-disruptive action after the gate removed every original action."
CAPTURE_TRAFFIC,0,False,EG-R-0076,ieee-access-0065,True,"['NIST.SP.800-61r3-0067', 'NIST.SP.800-61r3-0065', 'NIST.SP.800-61r3-0021']",refined_fallback_candidate,DoS,"Use a bounded, non-disruptive fallback because no evidence-eligible action remained.",collect network traffic evidence incident analysis monitoring collect network traffic evidence incident analysis monitoring collect network traffic evidence incident analysis monitoring incident response action CAPTURE_TRAFFIC for an IoT gateway predicted family context DoS observed protocols TCP observed indicators traffic packet rate volume frequency average packet size traffic profile inter arrival time traffic timing TCP SYN connection attempts TCP SYN flag connection attempts,escalate,NIST.SP.800-61r3.pdf; NIST.SP.800-61r3.pdf; NIST.SP.800-61r3.pdf,generally_supported,"The excerpts support collecting and retaining evidence, but not the specific action to capture traffic.",generally_supported,"These excerpts justify evidence gathering and incident investigation broadly, but do not explicitly support capturing network traffic.",fallback,"Inserted a bounded, non-disruptive action after the gate removed every original action."
CAPTURE_TRAFFIC,0,False,EG-R-0079,ieee-access-0066,True,"['NIST.SP.800-61r3-0067', 'NIST.SP.800-61r3-0065', 'NIST.SP.800-61r3-0021']",refined_fallback_candidate,DoS,"Use a bounded, non-disruptive fallback because no evidence-eligible action remained.",collect network traffic evidence incident analysis monitoring collect network traffic evidence incident analysis monitoring collect network traffic evidence incident analysis monitoring incident response action CAPTURE_TRAFFIC for an IoT gateway predicted family context DoS observed protocols UDP observed indicators traffic packet rate volume frequency average packet size traffic profile inter arrival time traffic timing,plan,NIST.SP.800-61r3.pdf; NIST.SP.800-61r3.pdf; NIST.SP.800-61r3.pdf,generally_supported,"The excerpts support evidence collection and retention, but not the specific action to capture traffic.",generally_supported,"The cited text supports preserving incident evidence and analyzing what happened, but it does not directly support traffic capture.",fallback,"Inserted a bounded, non-disruptive action after the gate removed every original action."
CAPTURE_TRAFFIC,0,False,EG-R-0081,ieee-access-0067,True,"['NIST.SP.800-61r3-0067', 'NIST.SP.800-61r3-0065', 'NIST.SP.800-61r3-0021']",refined_fallback_candidate,DoS,"Use a bounded, non-disruptive fallback because no evidence-eligible action remained.",collect network traffic evidence incident analysis monitoring collect network traffic evidence incident analysis monitoring collect network traffic evidence incident analysis monitoring incident response action CAPTURE_TRAFFIC for an IoT gateway predicted family context DoS observed protocols UDP DNS observed indicators traffic packet rate volume frequency average packet size traffic profile inter arrival time traffic timing,plan,NIST.SP.800-61r3.pdf; NIST.SP.800-61r3.pdf; NIST.SP.800-61r3.pdf,generally_supported,"The excerpts support evidence collection and retention, but not the specific action to capture traffic.",generally_supported,"The official excerpts support the objective of evidence collection and analysis, but not the specific action CAPTURE_TRAFFIC.",fallback,"Inserted a bounded, non-disruptive action after the gate removed every original action."
CAPTURE_TRAFFIC,0,False,EG-R-0083,ieee-access-0068,True,"['NIST.SP.800-61r3-0067', 'NIST.SP.800-61r3-0065', 'NIST.SP.800-61r3-0021']",refined_fallback_candidate,DoS,"Use a bounded, non-disruptive fallback because no evidence-eligible action remained.",collect network traffic evidence incident analysis monitoring collect network traffic evidence incident analysis monitoring collect network traffic evidence incident analysis monitoring incident response action CAPTURE_TRAFFIC for an IoT gateway predicted family context DoS observed protocols UDP observed indicators traffic packet rate volume frequency average packet size traffic profile inter arrival time traffic timing,plan,NIST.SP.800-61r3.pdf; NIST.SP.800-61r3.pdf; NIST.SP.800-61r3.pdf,generally_supported,"The excerpts support evidence collection and retention, but not the specific action to capture traffic.",generally_supported,"The evidence generally supports collecting incident data/evidence, but not explicitly capturing traffic.",fallback,"Inserted a bounded, non-disruptive action after the gate removed every original action."
CAPTURE_TRAFFIC,0,False,EG-R-0085,ieee-access-0069,True,"['NIST.SP.800-61r3-0067', 'NIST.SP.800-61r3-0065', 'NIST.SP.800-61r3-0021']",refined_fallback_candidate,DoS,"Use a bounded, non-disruptive fallback because no evidence-eligible action remained.",collect network traffic evidence incident analysis monitoring collect network traffic evidence incident analysis monitoring collect network traffic evidence incident analysis monitoring incident response action CAPTURE_TRAFFIC for an IoT gateway predicted family context DoS observed protocols TCP UDP ICMP HTTPS observed indicators traffic packet rate volume frequency average packet size traffic profile inter arrival time traffic timing TCP SYN connection attempts TCP SYN flag connection attempts,plan,NIST.SP.800-61r3.pdf; NIST.SP.800-61r3.pdf; NIST.SP.800-61r3.pdf,generally_supported,"The excerpts support evidence collection and retention, but not the specific action to capture traffic.",generally_supported,"The citations support broad incident evidence collection and analysis activities, not the specific mechanism of traffic capture.",fallback,"Inserted a bounded, non-disruptive action after the gate removed every original action."
CAPTURE_TRAFFIC,0,False,EG-R-0087,ieee-access-0070,True,"['NIST.SP.800-61r3-0067', 'NIST.SP.800-61r3-0065', 'NIST.SP.800-61r3-0021']",refined_fallback_candidate,DoS,"Use a bounded, non-disruptive fallback because no evidence-eligible action remained.",collect network traffic evidence incident analysis monitoring collect network traffic evidence incident analysis monitoring collect network traffic evidence incident analysis monitoring incident response action CAPTURE_TRAFFIC for an IoT gateway predicted family context DoS observed protocols TCP observed indicators traffic packet rate volume frequency average packet size traffic profile inter arrival time traffic timing TCP SYN connection attempts TCP SYN flag connection attempts,plan,NIST.SP.800-61r3.pdf; NIST.SP.800-61r3.pdf; NIST.SP.800-61r3.pdf,generally_supported,"The excerpts support evidence collection and retention, but not the specific action to capture traffic.",generally_supported,"The passages support collecting and retaining evidence for incident analysis, but do not explicitly justify CAPTURE_TRAFFIC.",fallback,"Inserted a bounded, non-disruptive action after the gate removed every original action."
CAPTURE_TRAFFIC,0,False,EG-R-0089,ieee-access-0071,True,"['NIST.SP.800-61r3-0067', 'NIST.SP.800-61r3-0065', 'NIST.SP.800-61r3-0021']",refined_fallback_candidate,DDoS,"Use a bounded, non-disruptive fallback because no evidence-eligible action remained.",collect network traffic evidence incident analysis monitoring collect network traffic evidence incident analysis monitoring collect network traffic evidence incident analysis monitoring incident response action CAPTURE_TRAFFIC for an IoT gateway predicted family context DDoS observed protocols TCP observed indicators traffic packet rate volume frequency average packet size traffic profile inter arrival time traffic timing TCP SYN connection attempts TCP SYN flag connection attempts,escalate,NIST.SP.800-61r3.pdf; NIST.SP.800-61r3.pdf; NIST.SP.800-61r3.pdf,generally_supported,"The excerpts support evidence collection and retention, but not the specific action to capture traffic.",generally_supported,"The evidence supports incident evidence collection and analysis in general, but not specifically traffic capture.",fallback,"Inserted a bounded, non-disruptive action after the gate removed every original action."
CAPTURE_TRAFFIC,0,False,EG-R-0092,ieee-access-0072,True,"['NIST.SP.800-61r3-0067', 'NIST.SP.800-61r3-0065', 'NIST.SP.800-61r3-0021']",refined_fallback_candidate,DDoS,"Use a bounded, non-disruptive fallback because no evidence-eligible action remained.",collect network traffic evidence incident analysis monitoring collect network traffic evidence incident analysis monitoring collect network traffic evidence incident analysis monitoring incident response action CAPTURE_TRAFFIC for an IoT gateway predicted family context DDoS observed protocols TCP UDP ICMP observed indicators traffic packet rate volume frequency average packet size traffic profile inter arrival time traffic timing TCP SYN connection attempts TCP SYN flag connection attempts,escalate,NIST.SP.800-61r3.pdf; NIST.SP.800-61r3.pdf; NIST.SP.800-61r3.pdf,generally_supported,"The excerpts support evidence collection and retention, but not the specific action to capture traffic.",generally_supported,"The excerpts support gathering evidence and investigating incidents, though they do not directly support CAPTURE_TRAFFIC as the concrete action.",fallback,"Inserted a bounded, non-disruptive action after the gate removed every original action."
CAPTURE_TRAFFIC,0,False,EG-R-0095,ieee-access-0081,True,"['NIST.SP.800-61r3-0067', 'NIST.SP.800-61r3-0065', 'NIST.SP.800-61r3-0021']",refined_fallback_candidate,Mirai,"Use a bounded, non-disruptive fallback because no evidence-eligible action remained.",collect network traffic evidence incident analysis monitoring collect network traffic evidence incident analysis monitoring collect network traffic evidence incident analysis monitoring incident response action CAPTURE_TRAFFIC for an IoT gateway predicted family context Mirai observed protocols TCP UDP DNS ARP observed indicators traffic packet rate volume frequency average packet size traffic profile inter arrival time traffic timing TCP SYN connection attempts TCP SYN flag connection attempts,escalate,NIST.SP.800-61r3.pdf; NIST.SP.800-61r3.pdf; NIST.SP.800-61r3.pdf,generally_supported,"The excerpts support evidence collection and retention, but not the specific action to capture traffic.",generally_supported,"The cited passages support evidence collection and incident analysis broadly, but do not explicitly recommend capturing network traffic.",fallback,"Inserted a bounded, non-disruptive action after the gate removed every original action."
CAPTURE_TRAFFIC,0,False,EG-R-0098,ieee-access-0091,True,"['NIST.SP.800-61r3-0067', 'NIST.SP.800-61r3-0065', 'NIST.SP.800-61r3-0021']",refined_fallback_candidate,Mirai,"Use a bounded, non-disruptive fallback because no evidence-eligible action remained.",collect network traffic evidence incident analysis monitoring collect network traffic evidence incident analysis monitoring collect network traffic evidence incident analysis monitoring incident response action CAPTURE_TRAFFIC for an IoT gateway predicted family context Mirai observed protocols UDP observed indicators traffic packet rate volume frequency average packet size traffic profile inter arrival time traffic timing,plan,NIST.SP.800-61r3.pdf; NIST.SP.800-61r3.pdf; NIST.SP.800-61r3.pdf,generally_supported,"The excerpts support evidence collection and retention, but not the specific action to capture traffic.",generally_supported,"The evidence aligns with collecting and retaining incident evidence and analyzing events, but it does not directly support CAPTURE_TRAFFIC.",fallback,"Inserted a bounded, non-disruptive action after the gate removed every original action."
CAPTURE_TRAFFIC,0,False,EG-R-0100,ieee-access-0096,True,"['NIST.SP.800-61r3-0067', 'NIST.SP.800-61r3-0065', 'NIST.SP.800-61r3-0021']",refined_fallback_candidate,DoS,"Use a bounded, non-disruptive fallback because no evidence-eligible action remained.",collect network traffic evidence incident analysis monitoring collect network traffic evidence incident analysis monitoring collect network traffic evidence incident analysis monitoring incident response action CAPTURE_TRAFFIC for an IoT gateway predicted family context DoS observed protocols TCP UDP HTTPS ARP observed indicators traffic packet rate volume frequency average packet size traffic profile inter arrival time traffic timing TCP SYN connection attempts TCP SYN flag connection attempts,escalate,NIST.SP.800-61r3.pdf; NIST.SP.800-61r3.pdf; NIST.SP.800-61r3.pdf,generally_supported,"The excerpts support evidence collection and retention, but not the specific action to capture traffic.",generally_supported,"The excerpts support the general objective of collecting incident evidence and understanding events, but not the specific mechanism of traffic capture.",fallback,"Inserted a bounded, non-disruptive action after the gate removed every original action."
CAPTURE_TRAFFIC,0,False,EG-R-0103,ieee-access-0099,True,"['NIST.SP.800-61r3-0067', 'NIST.SP.800-61r3-0065', 'NIST.SP.800-61r3-0021']",refined_fallback_candidate,DoS,"Use a bounded, non-disruptive fallback because no evidence-eligible action remained.",collect network traffic evidence incident analysis monitoring collect network traffic evidence incident analysis monitoring collect network traffic evidence incident analysis monitoring incident response action CAPTURE_TRAFFIC for an IoT gateway predicted family context DoS observed protocols TCP UDP ICMP HTTPS DNS ARP observed indicators traffic packet rate volume frequency average packet size traffic profile inter arrival time traffic timing TCP SYN connection attempts TCP SYN flag connection attempts,escalate,NIST.SP.800-61r3.pdf; NIST.SP.800-61r3.pdf; NIST.SP.800-61r3.pdf,generally_supported,"The excerpts support evidence collection and retention, but not the specific action to capture traffic.",generally_supported,"The cited text generally supports evidence gathering and incident analysis, but does not explicitly justify CAPTURE_TRAFFIC.",fallback,"Inserted a bounded, non-disruptive action after the gate removed every original action."
